s1_id,target_id,s1_name,s1_norm_name,target_name,target_norm_name,s1_addr,s1_norm_addr,target_addr,target_norm_addr,s1_country,target_country,s1_digits,target_digits,s1_script,target_script,failure_category,name_fuzz_ratio
S1-597762257,S2-750318376,Green Logistics Private Limited,green logistics pvt ltd,ग्रीन लॉजिस्टिक्स प्राइवेट लिमिटेड,गर न ल ज सट कस पर इवट ल म टड,"E-7, Second Floor, New Delhi, South Delhi, Delhi",e 7 second floor new delhi south delhi delhi,"E-7, SECOND FLOOR, NEW DELHI, SOUTH DELHI, Delhi",e 7 second floor new delhi south delhi delhi,INDIA,INDIA,['7'],['7'],latin,devanagari,cross_script_name,11.764705882352944
S1-597762257,S2-535895394,Green Logistics Private Limited,green logistics pvt ltd,ग्रीन लॉजिस्टिक्स प्राइवेट लिमिटेड,गर न ल ज सट कस पर इवट ल म टड,"E-7, Second Floor, New Delhi, South Delhi, Delhi",e 7 second floor new delhi south delhi delhi,"E-7, SECOND FLOOR, NEW DELHI, SOUTH DELHI, दिल्ली",e 7 second floor new delhi south delhi द लल,INDIA,INDIA,['7'],['7'],latin,devanagari,cross_script_name,11.764705882352944
S1-597762257,S2-152865025,Green Logistics Private Limited,green logistics pvt ltd,ग्रीन लॉजिस्टिक्स प्राइवेट लिमिटेड,गर न ल ज सट कस पर इवट ल म टड,"E-7, Second Floor, New Delhi, South Delhi, Delhi",e 7 second floor new delhi south delhi delhi,"E-7, NEW DELHI, SECOND FLOOR, SOUTH DELHI, Delhi",e 7 new delhi second floor south delhi delhi,INDIA,INDIA,['7'],['7'],latin,devanagari,cross_script_name,11.764705882352944
S1-597762257,S3-426660831,Green Logistics Private Limited,green logistics pvt ltd,ग्रीन लॉजिस्टिक्स प्राइवेट लिमिटेड,गर न ल ज सट कस पर इवट ल म टड,"E-7, Second Floor, New Delhi, South Delhi, Delhi",e 7 second floor new delhi south delhi delhi,"South Delhi, No. 225 E-7, DL, New Delhi",south delhi no 225 e 7 dl new delhi,INDIA,INDIA,['7'],"['225', '7']",latin,devanagari,cross_script_name,11.764705882352944
S1-883973644,S2-346262429,Global Hovnanian LLC,global hovnanian llc,GLOBAL HOGNANINN LLC,global hognaninn llc,"4024 39th Avenue, Seattle, WA",4024 39th avenue seattle wa,"4024B 39RD AVE, SEATTLE, WA",4024b 39rd avenue seattle wa,US,US,['4024'],[],latin,latin,address_only_relation,90.0
S1-134898809,S2-156312637,Corner Hypnosis,corner hypnosis,Brixlyra,brixlyra,"26 Stone Street, Unit 3, Beverly, MA",26 stone street unit 3 beverly ma,"PMB 9599, MA, BEVERLY, 0026 STONE ST",pmb 9599 ma beverly 0026 stone street,US,US,"['26', '3']","['9599', '0026']",latin,latin,dba_trade_name_mismatch,17.391304347826086
S1-791867209,S3-805705209,WG Harbor Worldwide P.C.,wg harbor worldwide p c,Gildxyloavi,gildxyloavi,"101 Oak Street, Lohrville, IA",101 oak street lohrville ia,"Oak Street, Lohrville, Iowa",oak street lohrville iowa,US,US,['101'],[],latin,latin,address_only_relation,23.529411764705888
S1-216181354,S3-317748253,United Consultants Private Limited,united consultants pvt ltd,यूनाइटेड कंसल्टेंट्स प्राइवेट लिमिटेड,यन इटड कसलटटस पर इवट ल म टड,"1/522A, Survey No 52, Rajput Associates, Kolkhe, Panvel, Raigarh(Mh), Maharashtra",1 522a survey no 52 rajput associates kolkhe panvel raigarh mh maharashtra,"001/522A, Panvel, महाराष्ट्र",001 522a panvel मह र षटर,INDIA,INDIA,"['1', '52']",['001'],latin,devanagari,cross_script_name,11.32075471698113
S1-216181354,S3-685337179,United Consultants Private Limited,united consultants pvt ltd,यूनाइटेड कंसल्टेंट्स प्राइवेट लिमिटेड,यन इटड कसलटटस पर इवट ल म टड,"1/522A, Survey No 52, Rajput Associates, Kolkhe, Panvel, Raigarh(Mh), Maharashtra",1 522a survey no 52 rajput associates kolkhe panvel raigarh mh maharashtra,"001/522A, Panvel, Raigarh(mh), MH",001 522a panvel raigarh mh mh,INDIA,INDIA,"['1', '52']",['001'],latin,devanagari,cross_script_name,11.32075471698113
S1-965549055,S3-537422052,Wilson Toyo LLC,wilson toyo llc,LLC Wilson Tafo,wilson tafo,"120 Lake Drive, Stevensville, MD",120 lake drive stevensville md,"120C Lake Dr, Stevensville, Maryland",120c lake drive stevensville maryland,US,US,['120'],[],latin,latin,extreme_typo,69.23076923076923
S1-366329737,S2-23560385,Silver Constructions LLP,silver constructions llp,सिल्वर कंस्ट्रक्शंस एलएलपी,स लवर कसटरकशस एलएलप,"101 Cts No, 917/18 F P No, Near British Library, Pune City, Pune, Maharashtra",101 cts no 917 18 f p no near british library pune city pune maharashtra,"#101 CTS NO, PUNE CITY, PUNE, Maharashtra",101 cts no pune city pune maharashtra,INDIA,INDIA,"['101', '917', '18']",['101'],latin,devanagari,cross_script_name,9.302325581395355
S1-912508322,S2-276782865,Shiv Technologies LLP,shiv technologies llp,ಶಿವ್ ಟೆಕ್ನಾಲಜೀಸ್ ಎಲ್ಎಲ್‌ಪಿ,ಶವ ಟಕನ ಲಜ ಸ ಎಲಎಲ ಪ,"42, 16Th Cross, 8Th Main Road, Malleswaram, Bengaluru, Bangalore, Karnataka",42 16th cross 8th main road malleswaram bengaluru bangalore karnataka,"Karnataka, BENGALURU, 42, BANGALORE",karnataka bengaluru 42 bangalore,INDIA,INDIA,['42'],['42'],latin,other,dba_trade_name_mismatch,10.256410256410254
S1-800482427,S3-355590735,B+ Biotechnologies LLC,b and biotechnologies llc,B+ LLC Services,b and llc services,"328 Buckingham Street, Unit 414, Columbus, OH",328 buckingham street unit 414 columbus oh,,,US,US,"['328', '414']",[],latin,latin,missing_address_evidence,46.51162790697675
S1-535605149,S3-426905497,Supreme Engineering LLP,supreme engineering llp,Bríxcira,brixcira,"Shop-04, Gut-41/2, Plot-3/A, 3/B, Pratham Park, Panvel, Raigarh(Mh), Maharashtra",shop 04 gut 41 2 plot 3 a 3 b pratham park panvel raigarh mh maharashtra,"MH, Gut-41/2, Plot-3/a, 3/B, Pratham Park, null, Shop-04, Panvel",mh gut 41 2 plot 3 a 3 b pratham park shop 04 panvel,INDIA,INDIA,"['04', '41', '2', '3', '3']","['41', '2', '3', '3', '04']",latin,latin,dba_trade_name_mismatch,19.354838709677423
S1-535605149,S2-751164711,Supreme Engineering LLP,supreme engineering llp,सुप्रीम इंजीनियरिंग एलएलपी,सपर म इज न यर ग एलएलप,"Shop-04, Gut-41/2, Plot-3/A, 3/B, Pratham Park, Panvel, Raigarh(Mh), Maharashtra",shop 04 gut 41 2 plot 3 a 3 b pratham park panvel raigarh mh maharashtra,"SHOP-1-04, RAIGARH(MH), Maharashtra",shop 1 04 raigarh mh maharashtra,INDIA,INDIA,"['04', '41', '2', '3', '3']","['1', '04']",latin,devanagari,cross_script_name,9.090909090909093
S1-483281264,S3-246582348,Louisa's Group,louisa's group,Lrusir'S Group,lrusir's group,"599 Mountain Shadow Lane, Maryville, TN",599 mountain shadow lane maryville tn,"599D Mountain Shadow Lane, PO Box 2895, Maryille, Tennessee",599d mountain shadow lane po box 2895 maryille tennessee,US,US,['599'],['2895'],latin,latin,address_only_relation,78.57142857142857
S1-387694500,S3-9126403,Bombay Power Private Limited,bombay power pvt ltd,ಬಾಂಬೆ ಪವರ್ ಪ್ರೈವೇಟ್ ಲಿಮಿಟೆಡ್,ಬ ಬ ಪವರ ಪರ ವ ಟ ಲಮಟಡ,"No: 32/2, 2Nd Floor, Mcc Towers, Opp To Sigma Soft Tech Park, Whitefield Main Road, Ramagon, Danahalli, Bangalore, Karnataka",no 32 2 2nd floor mcc towers opp to sigma soft tech park whitefield main road ramagon danahalli bangalore karnataka,"No: 6-32/2, Bangalore, KA",no 6 32 2 bangalore ka,INDIA,INDIA,"['32', '2']","['6', '32', '2']",latin,other,dba_trade_name_mismatch,15.384615384615385
S1-342754370,S2-440423232,Shree Care Private Limited,shree care pvt ltd,ಶ್ರೀ ಕೇರ್ ಪ್ರೈವೇಟ್ ಲಿಮಿಟೆಡ್,ಶರ ಕ ರ ಪರ ವ ಟ ಲಮಟಡ,"1A - 201 Shilpitha Splendour, Bangalore North, Bangalore, Karnataka",1a 201 shilpitha splendour bangalore north bangalore karnataka,"BANGALORE, Karnataka, DOOR NO 1-1A - 201 SHOLPITHA SPLENDOUR, BANGALORE NORTH",bangalore karnataka no 1 1a 201 sholpitha splendour bangalore north,INDIA,INDIA,['201'],"['1', '201']",latin,other,dba_trade_name_mismatch,16.666666666666664
S1-915022305,S2-355615365,Cozy Pub,cozy pub,Ctooy Pub,ctooy pub,"3616 Peterson Avenue, Chicago, IL",3616 peterson avenue chicago il,"PETERSON AVENUE, CHICAGGO, IL",peterson avenue chicaggo il,US,US,['3616'],[],latin,latin,address_only_relation,82.35294117647058
S1-684505968,S3-300894176,Namaskar & Co Company,namaskar and co company,Naadkar & Co Company #60371,naadkar and co company 60371,"B 70/51, Keshav Puram, Delhi, North West Delhi, Delhi",b 70 51 keshav puram delhi north west delhi delhi,"B A-70/51, North West Delhi, Delhi, DL",b a 70 51 north west delhi delhi dl,INDIA,INDIA,"['70', '51']","['70', '51']",latin,latin,address_only_relation,82.35294117647058
S1-719919136,S3-882766547,Al Blue Consultancy Limited,al blue consultancy ltd,Al Blue Limited Services,al blue limited services,"24/7-A, Second Floor Tilak Nagar, New Delhi, West Delhi, Delhi",24 7 a second floor tilak nagar new delhi west delhi delhi,"24/7-A, Second Floor Tilak Nagar, DL",24 7 a second floor tilak nagar dl,INDIA,INDIA,"['24', '7']","['24', '7']",latin,latin,word_order_variation,46.808510638297875
S1-719919136,S2-680886210,Al Blue Consultancy Limited,al blue consultancy ltd,अल ब्लू कंसल्टेंसी लिमिटेड,अल बल कसलटस ल म टड,"24/7-A, Second Floor Tilak Nagar, New Delhi, West Delhi, Delhi",24 7 a second floor tilak nagar new delhi west delhi delhi,"SECOND FLOOR TILAK NAGAR, 24/7-A, NEW DELHI, WEST DELHI, Delhi",second floor tilak nagar 24 7 a new delhi west delhi delhi,INDIA,INDIA,"['24', '7']","['24', '7']",latin,devanagari,cross_script_name,14.634146341463417
S1-305403960,S2-942407057,Urban Food Private Limited,urban food pvt ltd,privatefood.com,privatefood com,"5 East Avas Vikas Colony, Betiahata, Gorakhpur, Uttar Pradesh",5 east avas vikas colony betiahata gorakhpur uttar pradesh,"#5 EAST AVAS VIKAS COLONY, GORAKHPUR, ALINAGAR  GORAKHPUR, Uttar Pradesh",5 east avas vikas colony gorakhpur alinagar gorakhpur uttar pradesh,INDIA,INDIA,['5'],['5'],latin,latin,url_domain_issue,42.42424242424242
S1-98579303,S2-699210329,Indian Technologies,indian technologies,ইন্ডিয়ান টেকনোলজিস,ইনড য ন ট কন লজ স,"Flat 19/1/16, Nabin Chandra Das Road, Kolkata, Kolkata, Howrah, West Bengal",flat 19 1 16 nabin chandra das road kolkata kolkata howrah west bengal,"FLAT 19/1/16, NABIN CHANDRA DAS ROAD, KOLKATA, KOLKATA, HOWRAH, West Bengal",flat 19 1 16 nabin chandra das road kolkata kolkata howrah west bengal,INDIA,INDIA,"['19', '1', '16']","['19', '1', '16']",latin,bengali,cross_script_name,5.555555555555558
S1-98579303,S3-719484948,Indian Technologies,indian technologies,Indian Services,indian services,"Flat 19/1/16, Nabin Chandra Das Road, Kolkata, Kolkata, Howrah, West Bengal",flat 19 1 16 nabin chandra das road kolkata kolkata howrah west bengal,"Flat 19/1/16, Kolkata, Howrah, পশ্চিমবঙ্গ",flat 19 1 16 kolkata howrah পশচ মবঙগ,INDIA,INDIA,"['19', '1', '16']","['19', '1', '16']",latin,latin,word_order_variation,64.70588235294117
S1-98579303,S3-690119410,Indian Technologies,indian technologies,ইন্ডিয়ান টেকনোলজিস,ইনড য ন ট কন লজ স,"Flat 19/1/16, Nabin Chandra Das Road, Kolkata, Kolkata, Howrah, West Bengal",flat 19 1 16 nabin chandra das road kolkata kolkata howrah west bengal,"Flat 19/1/16, Howrah, Kolkata, WB",flat 19 1 16 howrah kolkata wb,INDIA,INDIA,"['19', '1', '16']","['19', '1', '16']",latin,bengali,cross_script_name,5.555555555555558
S1-610266870,S2-793445903,High Estate Limited,high estate ltd,हाई एस्टेट लिमिटेड,ह ई एसटट ल म टड,"Pl. No. 11, W.No.54, Radhika Nagar No.1, Near Hanuman Temple, Amravati, Maharashtra",pl no 11 w no 54 radhika nagar no 1 near hanuman temple amravati maharashtra,"NAGPUR REGION, महाराष्ट्र, AMRAVATI, PL. NO. ##11",nagpur region मह र षटर amravati pl no 11,INDIA,INDIA,"['11', '54', '1']",['11'],latin,devanagari,cross_script_name,13.33333333333333
S1-86094936,S3-505894931,Jain Developers,jain developers,জৈন ডেভেলপারস,জ ন ড ভ লপ রস,"88/A M C Garden Road Dumdum, Kolkata, Calcutta, West Bengal",88 a m c garden road dumdum kolkata calcutta west bengal,"No 28/A M C Garden Road Dumdm, Kolkata Region, Kolkata, WB",no 28 a m c garden road dumdm kolkata region kolkata wb,INDIA,INDIA,['88'],['28'],latin,bengali,cross_script_name,7.14285714285714
S1-711682948,S3-834342742,Catherine Nesbit Industries LLC,catherine nesbit industries llc,Halowexveo,halowexveo,"2 Stonegate Court, Fairfield, OH",2 stonegate court fairfield oh,"2 Stonegate Ct, Fairfield, Ohio",2 stonegate court fairfield ohio,US,US,['2'],['2'],latin,latin,dba_trade_name_mismatch,14.634146341463417
S1-126927804,S2-434788498,Future Healthcare Pvt Ltd,future healthcare pvt ltd,फ्यूचर हेल्थकेयर प्रा. लि.,फयचर हलथकयर पर ल,"Unit No. 14, Krishna Commercial Centre, 6, Udyog Nagar, Near Kamat Club, Goregaon, (West), Mumbai, Maharashtra",unit no 14 krishna commercial centre 6 udyog nagar near kamat club goregaon west mumbai maharashtra,"UNIT NO. 14, N/A, (WEST), MUMBAI, Maharashtra",unit no 14 n a west mumbai maharashtra,INDIA,INDIA,"['14', '6']",['14'],latin,devanagari,cross_script_name,14.634146341463417
S1-126927804,S3-773054197,Future Healthcare Pvt Ltd,future healthcare pvt ltd,फ्यूचर हेल्थकेयर प्रा. लि.,फयचर हलथकयर पर ल,"Unit No. 14, Krishna Commercial Centre, 6, Udyog Nagar, Near Kamat Club, Goregaon, (West), Mumbai, Maharashtra",unit no 14 krishna commercial centre 6 udyog nagar near kamat club goregaon west mumbai maharashtra,"Unit No. 14, (West), Mumbai, महाराष्ट्र",unit no 14 west mumbai मह र षटर,INDIA,INDIA,"['14', '6']",['14'],latin,devanagari,cross_script_name,14.634146341463417
S1-763496609,S3-319770057,Shakti Consulting Limited,shakti consulting ltd,शक्ति कंसल्टिंग लिमिटेड,शकत कसलट ग ल म टड,"Flat No. 8, C Wing, Sai Tower Chs Ltd, Ambadi Road, Vasai West, Thane, Maharashtra",flat no 8 c wing sai tower chs ltd ambadi road vasai west thane maharashtra,"Flta No. 8, C Wing, Sai Tower Chs Ltd, Ambadi Road, Vasai West, Thane, MH",flta no 8 c wing sai tower chs ltd ambadi road vasai west thane mh,INDIA,INDIA,['8'],['8'],latin,devanagari,cross_script_name,10.526315789473683
S1-763496609,S2-868047179,Shakti Consulting Limited,shakti consulting ltd,शक्ति कंसल्टिंग लिमिटेड,शकत कसलट ग ल म टड,"Flat No. 8, C Wing, Sai Tower Chs Ltd, Ambadi Road, Vasai West, Thane, Maharashtra",flat no 8 c wing sai tower chs ltd ambadi road vasai west thane maharashtra,"NO 8, THANE, Maharashtra",no 8 thane maharashtra,INDIA,INDIA,['8'],['8'],latin,devanagari,cross_script_name,10.526315789473683
S1-198026451,S2-817939067,Shivam Producer Private Limited,shivam producer pvt ltd,शिवम प्रोड्यूसर प्राइवेट लिमिटेड,श वम पर डयसर पर इवट ल म टड,"Karnal, Shop No. 34 Sbs Market, Haryana, Karnal",karnal shop no 34 sbs market haryana karnal,"NO 34  SBS MARKET, Haryana, KARNAL",no 34 sbs market haryana karnal,INDIA,INDIA,['34'],['34'],latin,devanagari,cross_script_name,12.244897959183676
S1-198026451,S2-190691939,Shivam Producer Private Limited,shivam producer pvt ltd,शिवम Producer प्राइवेट लिमिटेड,श वम producer पर इवट ल म टड,"Karnal, Shop No. 34 Sbs Market, Haryana, Karnal",karnal shop no 34 sbs market haryana karnal,"SHOP NO. 34  SBS MARKET, KARNAL, Haryana",shop no 34 sbs market karnal haryana,INDIA,INDIA,['34'],['34'],latin,mixed_latin_devanagari,cross_script_name,43.99999999999999
S1-198026451,S3-474324703,Shivam Producer Private Limited,shivam producer pvt ltd,शिवम प्रोड्यूसर प्राइवेट लिमिटेड,श वम पर डयसर पर इवट ल म टड,"Karnal, Shop No. 34 Sbs Market, Haryana, Karnal",karnal shop no 34 sbs market haryana karnal,"Shop No. #34 Sbs Market, Karnal, HR",shop no 34 sbs market karnal hr,INDIA,INDIA,['34'],['34'],latin,devanagari,cross_script_name,12.244897959183676
S1-198026451,S2-882023369,Shivam Producer Private Limited,shivam producer pvt ltd,शिवम प्रोड्यूसर प्राइवेट लिमिटेड,श वम पर डयसर पर इवट ल म टड,"Karnal, Shop No. 34 Sbs Market, Haryana, Karnal",karnal shop no 34 sbs market haryana karnal,"KARNAL, Haryana, H.NO 34  SBS MARKET",karnal haryana no 34 sbs market,INDIA,INDIA,['34'],['34'],latin,devanagari,cross_script_name,12.244897959183676
S1-460136045,S2-983138087,Lakshmi It Private Limited,lakshmi it pvt ltd,ଲକ୍ଷ୍ମୀ ଆଇଟି ପ୍ରାଇଭେଟ୍ ଲିମିଟେଡ୍,ଲକଷମ ଆଇଟ ପର ଇଭ ଟ ଲମଟ ଡ,"Puri, Orissa, Puri, Station Road",puri orissa puri station road,"STATION ROAD, PURI, ଓଡ଼ିଶା",station road puri ଓଡଶ,INDIA,INDIA,[],[],latin,other,address_only_relation,15.000000000000002
S1-460136045,S3-24612219,Lakshmi It Private Limited,lakshmi it pvt ltd,ଲକ୍ଷ୍ମୀ ଆଇଟି ପ୍ରାଇଭେଟ୍ ଲିମିଟେଡ୍,ଲକଷମ ଆଇଟ ପର ଇଭ ଟ ଲମଟ ଡ,"Puri, Orissa, Puri, Station Road",puri orissa puri station road,"Station Road, Puri, OD",station road puri od,INDIA,INDIA,[],[],latin,other,address_only_relation,15.000000000000002
S1-97581850,S3-60652506,Green Exports Private Limited,green exports pvt ltd,ग्रीन एक्सपोर्ट्स प्राइवेट लिमिटेड,गर न एकसप रटस पर इवट ल म टड,"B-3, B-71C, Janakpuri, New Delhi, West Delhi, Delhi",b 3 b 71c janakpuri new delhi west delhi delhi,"B-##3, New Delhi, West Delhi, DL",b 3 new delhi west delhi dl,INDIA,INDIA,['3'],['3'],latin,devanagari,cross_script_name,12.5
S1-97581850,S3-447060680,Green Exports Private Limited,green exports pvt ltd,ग्रीन एक्सपोर्ट्स प्राइवेट लिमिटेड,गर न एकसप रटस पर इवट ल म टड,"B-3, B-71C, Janakpuri, New Delhi, West Delhi, Delhi",b 3 b 71c janakpuri new delhi west delhi delhi,"B-##3, B-71c, Janakpuri, West Delhi, New Delhi, दिल्ली",b 3 b 71c janakpuri west delhi new delhi द लल,INDIA,INDIA,['3'],['3'],latin,devanagari,cross_script_name,12.5
S1-97581850,S2-287401931,Green Exports Private Limited,green exports pvt ltd,ग्रीन एक्सपोर्ट्स प्राइवेट लिमिटेड,गर न एकसप रटस पर इवट ल म टड,"B-3, B-71C, Janakpuri, New Delhi, West Delhi, Delhi",b 3 b 71c janakpuri new delhi west delhi delhi,"B-3, B-71C, JANAKPURI, NEW DELHI, WEST DELHI, दिल्ली",b 3 b 71c janakpuri new delhi west delhi द लल,INDIA,INDIA,['3'],['3'],latin,devanagari,cross_script_name,12.5
S1-543291404,S2-728000855,Southern Technologies Private Limited,southern technologies pvt ltd,Southern ടെക്നോളജീസ് പ്രൈവറ്റ് ലിമിറ്റഡ്,southern ട കന ളജ സ പര വററ ല മ ററഡ,"Excelsior Building Thengana, Perumpanachy P.O., Changanacherry, Kottayam, Kerala",excelsior building thengana perumpanachy p o changanacherry kottayam kerala,,,INDIA,INDIA,[],[],latin,mixed_latin_other,missing_address_evidence,35.483870967741936
S1-422926253,S3-182229658,Sky Enterprises Pvt Ltd,sky enterprises pvt ltd,स्काई एंटरप्राइजेज प्रा. लि.,सक ई एटरपर इजज पर ल,"A- 42, Ground Front Side, Dayal Bagh Faridabad, Faridabad, Haryana",a 42 ground front side dayal bagh faridabad faridabad haryana,"Faridabad, A- 42, हरियाणा",faridabad a 42 हर य ण,INDIA,INDIA,['42'],['42'],latin,devanagari,cross_script_name,14.28571428571429
S1-422926253,S2-908239181,Sky Enterprises Pvt Ltd,sky enterprises pvt ltd,स्काई एंटरप्राइजेज प्रा. लि.,सक ई एटरपर इजज पर ल,"A- 42, Ground Front Side, Dayal Bagh Faridabad, Faridabad, Haryana",a 42 ground front side dayal bagh faridabad faridabad haryana,"#750- A- 42, GROUND FRONT SIDE, DAYAL BAGH FARIDABAD, FARIDABAD, Haryana",750 a 42 ground front side dayal bagh faridabad faridabad haryana,INDIA,INDIA,['42'],"['750', '42']",latin,devanagari,cross_script_name,14.28571428571429
S1-410040347,S3-186997268,Temple Synagogue,temple synagogue,Temple Partners,temple partners,"10202 W Maple Road, Omaha, NE",10202 w maple road omaha ne,,,US,US,['10202'],[],latin,latin,missing_address_evidence,58.06451612903225
S1-372903225,S3-845582833,Elevate Professional Center,elevate professional center,Miraumbra,miraumbra,"74B, Lowther Road, Allahabad, Uttar Pradesh",74b lowther road allahabad uttar pradesh,"74B, Lowther Road, Kaushambi, Allahabad, उत्तर प्रदेश",74b lowther road kaushambi allahabad उततर परदश,INDIA,INDIA,[],[],latin,latin,dba_trade_name_mismatch,16.666666666666664
S1-96384915,S3-62224210,Urban Agro LLP,urban agro llp,अर्बन एग्रो एलएलपी,अरबन एगर एलएलप,"C/O Shree Chand, Vill Maithna Inder Singh, Meerut, Uttar Pradesh",c o shree chand vill maithna inder singh meerut uttar pradesh,"C/o Shree Chand, Meerut, UP, Meerut, N/A",c o shree chand meerut up meerut n a,INDIA,INDIA,[],[],latin,devanagari,cross_script_name,14.28571428571429
S1-725482440,S2-656918430,Guru International Private Limited,guru international pvt ltd,गुरु इंटरनेशनल प्राइवेट लिमिटेड,गर इटरनशनल पर इवट ल म टड,"Plot No - D-13/5, 13/6 13/7 Ttc Indl Area Turbhe, Navi Mumbai, Thane, Maharashtra",plot no d 13 5 13 6 13 7 ttc indl area turbhe navi mumbai thane maharashtra,"THANE, PLOT 277 PLOT NO - D-13/5, Maharashtra, NAVI MUMBAI",thane plot 277 plot no d 13 5 maharashtra navi mumbai,INDIA,INDIA,"['13', '5', '13', '6', '13', '7']","['277', '13', '5']",latin,devanagari,cross_script_name,12.0
S1-725482440,S2-897894809,Guru International Private Limited,guru international pvt ltd,गुरु इंटरनेशनल प्राइवेट लिमिटेड,गर इटरनशनल पर इवट ल म टड,"Plot No - D-13/5, 13/6 13/7 Ttc Indl Area Turbhe, Navi Mumbai, Thane, Maharashtra",plot no d 13 5 13 6 13 7 ttc indl area turbhe navi mumbai thane maharashtra,"PLOT 277 PLOT NO - D-13/5, THANE, NAVI MUMBAI, Maharashtra",plot 277 plot no d 13 5 thane navi mumbai maharashtra,INDIA,INDIA,"['13', '5', '13', '6', '13', '7']","['277', '13', '5']",latin,devanagari,cross_script_name,12.0
S1-192345497,S2-889427625,Wildlife Center,wildlife center,Wi1dlife Partners,wi1dlife partners,"7 Demar Road, Lexington, MA",7 demar road lexington ma,"7 DEMAR ROAD, LEXINGTON, MA",7 demar road lexington ma,US,US,['7'],['7'],latin,latin,address_only_relation,68.75
S1-622515318,S2-594570108,City Food Private Limited,city food pvt ltd,సిటీ ఫుడ్ ప్రైవేట్ లిమిటెడ్,సట ఫ డ పరవట లమటడ,"Telangana, K.V.Rangareddy, Serilingampally, Fno B 305 3Rd Floor, Ramky One Kosmos",telangana k v rangareddy serilingampally fno b 305 3rd floor ramky one kosmos,"FNO B 3-05 3RD FLOOR, SERILINGAMPALLY, null, Telangana",fno b 3 05 3rd floor serilingampally telangana,INDIA,INDIA,['305'],"['3', '05']",latin,telugu,cross_script_name,18.181818181818176
S1-580992307,S3-938870340,Creative Baba It Private Limited,creative baba it pvt ltd,क्रिएटिव बाबा आईटी प्राइवेट लिमिटेड,कर एट व ब ब आईट पर इवट ल म टड,"D220, S/Floor Defence Colony, New Delhi, South Delhi, Delhi",d220 s floor defence colony new delhi south delhi delhi,"D20, S/floor Defence Colony, Dadri, Distt G. B. Nagar, South Delhi, दिल्ली",d20 s floor defence colony dadri distt g b nagar south delhi द लल,INDIA,INDIA,[],[],latin,devanagari,cross_script_name,15.094339622641506
S1-580992307,S2-609372791,Creative Baba It Private Limited,creative baba it pvt ltd,क्रिएटिव बाबा आईटी प्राइवेट लिमिटेड,कर एट व ब ब आईट पर इवट ल म टड,"D220, S/Floor Defence Colony, New Delhi, South Delhi, Delhi",d220 s floor defence colony new delhi south delhi delhi,"HN 638 D220, NEW DELHI, SOUTH DELHI, दिल्ली",hn 638 d220 new delhi south delhi द लल,INDIA,INDIA,[],['638'],latin,devanagari,cross_script_name,15.094339622641506
S1-277014552,S3-448296506,Tech Consulting Private Limited,tech consulting pvt ltd,टेक कंसल्टिंग प्राइवेट लिमिटेड,टक कसलट ग पर इवट ल म टड,"Pl No. 1, Fl No. 2, Priyanka Kunj Co-Op Hsg. Soc., Kothrud, Pune, Sr. No. 5, Pune, Maharashtra",pl no 1 floor no 2 priyanka kunj co op hsg soc kothrud pune sr no 5 pune maharashtra,"Sr. No. 5, Pune, MH",sr no 5 pune mh,INDIA,INDIA,"['1', '2', '5']",['5'],latin,devanagari,cross_script_name,13.043478260869568
S1-80960427,S2-114199102,Hari Ram Infrastructure Private Limited,hari ram infrastructure pvt ltd,Hari Ram Private Limited Service,hari ram private limited service,"No.29 Moore Street, Chennai, Tamil Nadu",no 29 moore street chennai tamil nadu,,,INDIA,INDIA,['29'],[],latin,latin,missing_address_evidence,53.968253968253975
S1-51101506,S2-292920646,Krishna Media Pvt Ltd,krishna media pvt ltd,കൃഷ്ണ മീഡിയ പ്രൈവറ്റ് ലിമിറ്റഡ്,കഷണ മ ഡ യ പര വററ ല മ ററഡ,"House No. 8.64, Kva House Naduvattom - Karinkallthani Road Ayilakkad Po, Malappuram, Malappuram, Malapuram, Kerala",house no 8 64 kva house naduvattom karinkallthani road ayilakkad po malappuram malappuram malapuram kerala,"HOUSE NO. 7.64, MALAPURAM, MALAPPURAM, Kerala",house no 7 64 malapuram malappuram kerala,INDIA,INDIA,"['8', '64']","['7', '64']",latin,other,dba_trade_name_mismatch,13.33333333333333
S1-359497386,S3-828181965,Shakti Global,shakti global,శక్తి గ్లోబల్,శకత గలబల,"2-40-314/C Ambedkar Nagar, Balamrai, Gymkhana, Hyderabad, Telangana",2 40 314 c ambedkar nagar balamrai gymkhana hyderabad telangana,"TG, Hyderabad, Ambedkar Nagar, NULL",tg hyderabad ambedkar nagar,INDIA,INDIA,"['2', '40', '314']",[],latin,telugu,cross_script_name,9.523809523809524
S1-359497386,S3-347606257,Shakti Global,shakti global,శక్తి గ్లోబల్,శకత గలబల,"2-40-314/C Ambedkar Nagar, Balamrai, Gymkhana, Hyderabad, Telangana",2 40 314 c ambedkar nagar balamrai gymkhana hyderabad telangana,"Ambedkar Nagar, NULL, Hyderabad, TG",ambedkar nagar hyderabad tg,INDIA,INDIA,"['2', '40', '314']",[],latin,telugu,cross_script_name,9.523809523809524
S1-558634684,S2-623955087,Prime Food Private Limited,prime food pvt ltd,प्राइम फूड प्राइवेट लिमिटेड,पर इम फड पर इवट ल म टड,"Plot No. 23, Zone-1 M.P. Nagar, Bhopal, Madhya Pradesh",plot no 23 zone 1 m p nagar bhopal madhya pradesh,"PLOT NO. 23, BHOPAL, मध्य प्रदेश",plot no 23 bhopal मधय परदश,INDIA,INDIA,"['23', '1']",['23'],latin,devanagari,cross_script_name,15.000000000000002
S1-558634684,S2-536166686,Prime Food Private Limited,prime food pvt ltd,PRIME PRIVATE LIMITED SERVICE,prime private limited service,"Plot No. 23, Zone-1 M.P. Nagar, Bhopal, Madhya Pradesh",plot no 23 zone 1 m p nagar bhopal madhya pradesh,"NO 23 , ZONE-1 M.P. NAGAR, BHOPAL, मध्य प्रदेश",no 23 zone 1 m p nagar bhopal मधय परदश,INDIA,INDIA,"['23', '1']","['23', '1']",latin,latin,word_order_variation,55.319148936170215
S1-720173062,S2-332450198,Maurita's Crystal Wellness Inc,maurita's crystal wellness inc,Vantagesol,vantagesol,"20198 Brookview Square, Loudoun County, VA",20198 brookview square loudoun county va,"20197 BROOKVIEW SQ, ASHBURRN CITY, VA",20197 brookview sq ashburrn city va,US,US,['20198'],['20197'],latin,latin,address_only_relation,25.0
S1-68456921,S2-154545552,Dynamic Hospitality Private Limited,dynamic hospitality pvt ltd,डायनामिक हॉस्पिटैलिटी प्राइवेट लिमिटेड,ड यन म क ह सप टल ट पर इवट ल म टड,"2Nd Floor, Trivedi Bhawan, Pghpl Group Campus, Opp. Western Gate A.N. College, Boring R, Oad, Patna, Bihar",2nd floor trivedi bhawan pghpl group campus opp western gate a n college boring rue oad patna bihar,"FLOOR, PATNA, Bihar",floor patna bihar,INDIA,INDIA,[],[],latin,devanagari,cross_script_name,10.169491525423723
S1-912947277,S3-159327306,Biomedical Institute of Technology Pvt Ltd,biomedical institute of technology pvt ltd,M/s Ectoyumanyla,m s ectoyumanyla,"Plot No10, Kila No69, 1St Floor, Hans Enclave, Sadar Bazar, Gurgaon, Haryana",plot no10 kila no69 1st floor hans enclave sadar bazar gurgaon haryana,"Plot No10, Sadar Bazar, Gurgaon, HR",plot no10 sadar bazar gurgaon hr,INDIA,INDIA,[],[],latin,latin,dba_trade_name_mismatch,31.034482758620683
S1-912947277,S3-290380069,Biomedical Institute of Technology Pvt Ltd,biomedical institute of technology pvt ltd,itbiomedical.com,itbiomedical com,"Plot No10, Kila No69, 1St Floor, Hans Enclave, Sadar Bazar, Gurgaon, Haryana",plot no10 kila no69 1st floor hans enclave sadar bazar gurgaon haryana,"Plot No10, Sadar Bazar, Gurgaon, HR",plot no10 sadar bazar gurgaon hr,INDIA,INDIA,[],[],latin,latin,url_domain_issue,44.827586206896555
S1-42596820,S3-810444824,Lakshmi Construction Private Limited,lakshmi construction pvt ltd,लक्ष्मी कंस्ट्रक्शन Private Limited,लकषम कसटरकशन pvt ltd,"B-11/C-2, Malviya Nagar, Ind. Area, Jaipur, Rajasthan",b 11 c 2 malviya nagar ind area jaipur rajasthan,"Jaipur, B-011/c-2, Ind. Area, RJ",jaipur b 011 c 2 ind area rj,INDIA,INDIA,"['11', '2']","['011', '2']",latin,mixed_latin_devanagari,cross_script_name,37.5
S1-95925372,S3-963721402,Temple Presbyterian Church,temple presbyterian church,Zephdrex,zephdrex,"11802 Hickory Drive, Fort Washington, MD",11802 hickory drive fort washington md,"Hickory Dr, Fort Washington, Maryland",hickory drive fort washington maryland,US,US,['11802'],[],latin,latin,dba_trade_name_mismatch,23.529411764705888
S1-928870866,S2-260483158,Maddie Alexander Strategic Bitwise PLLC,maddie alexander strategic bitwise pllc,LUMKORKOR,lumkorkor,"821 Parkplace Ri, Princeton, TX",821 parkplace ri princeton tx,"PARKPLACE RI, PRINCETON, TX",parkplace ri princeton tx,US,US,['821'],[],latin,latin,dba_trade_name_mismatch,12.5
S1-543127091,S3-611941405,Painters Local 46,painters local 46,#Paintersl0cal,paintersl0cal,"6446 Ranier Lane, Maple Grove, MN",6446 ranier lane maple grove mn,"Maple Grove, 06446 Ranier Ln, Minnesota",maple grove 06446 ranier lane minnesota,US,US,['6446'],['06446'],latin,latin,address_only_relation,80.0
S1-606725408,S3-578712267,Green Consulting Pvt Ltd,green consulting pvt ltd,Green Cbsubtlng Pvt (Ltd),green cbsubtlng pvt ltd,"M-171, Greater Kailash-Ii, New Delhi, Delhi",m 171 greater kailash ii new delhi delhi,"M-17, New Delhi, Greater Kailash-ii, दिल्ली",m 17 new delhi greater kailash ii द लल,INDIA,INDIA,['171'],['17'],latin,latin,address_only_relation,85.1063829787234
S1-930984906,S3-866136332,Shiv Blue Agro Limited,shiv blue agro ltd,शिव ब्लू एग्रो लिमिटेड,श व बल एगर ल म टड,"B-154, Basement Dayanand Colony, Lajpat Nagar Iv, Delhi, South Delhi, Delhi",b 154 basement dayanand colony lajpat nagar iv delhi south delhi delhi,"B-54, Basement Dayanand Colony, Lajpat Nagar Iv, Delhi, दिल्ली",b 54 basement dayanand colony lajpat nagar iv delhi द लल,INDIA,INDIA,['154'],['54'],latin,devanagari,cross_script_name,17.14285714285714
S1-930984906,S3-861801469,Shiv Blue Agro Limited,shiv blue agro ltd,शिव ब्लू एग्रो लिमिटेड,श व बल एगर ल म टड,"B-154, Basement Dayanand Colony, Lajpat Nagar Iv, Delhi, South Delhi, Delhi",b 154 basement dayanand colony lajpat nagar iv delhi south delhi delhi,"B-54, Delhi, South Delhi, DL",b 54 delhi south delhi dl,INDIA,INDIA,['154'],['54'],latin,devanagari,cross_script_name,17.14285714285714
S1-862093695,S2-317721189,Loveron LLC,loveron llc,Levon LLC,levon llc,"39 River Oaks Drive, Unit C, Greensboro, NC",39 river oaks drive unit c greensboro nc,"39 RIVER OAKS DR, GREENSBORO, NC",39 river oaks drive greensboro nc,US,US,['39'],['39'],latin,latin,address_only_relation,80.0
S1-758075760,S3-449179044,Bharat Investments,bharat investments,Bharat Services Enterprises,bharat services enterprises,"No 7, 3Rd Floor, N.W.A Club Road Market Sector Iv Market, West Punjabi Bagh, New Delhi, Delhi",no 7 3rd floor n w a club road market sector iv market west punjabi bagh new delhi delhi,,,INDIA,INDIA,['7'],[],latin,latin,missing_address_evidence,62.22222222222222
S1-758075760,S2-405650843,Bharat Investments,bharat investments,भारत इन्वेस्टमेंट्स,भ रत इनवसटमटस,"No 7, 3Rd Floor, N.W.A Club Road Market Sector Iv Market, West Punjabi Bagh, New Delhi, Delhi",no 7 3rd floor n w a club road market sector iv market west punjabi bagh new delhi delhi,"WEST PUNJABI BAGH, NEW DELHI, 3RD FLOOR, N.W.A CLUB ROAD MARKET SECTOR IV MARKET, Delhi, NO 7",west punjabi bagh new delhi 3rd floor n w a club road market sector iv market delhi no 7,INDIA,INDIA,['7'],['7'],latin,devanagari,cross_script_name,6.451612903225811
S1-758075760,S2-101554094,Bharat Investments,bharat investments,भारत इन्वेस्टमेंट्स,भ रत इनवसटमटस,"No 7, 3Rd Floor, N.W.A Club Road Market Sector Iv Market, West Punjabi Bagh, New Delhi, Delhi",no 7 3rd floor n w a club road market sector iv market west punjabi bagh new delhi delhi,"3RD FLOOR, N.W.A CLUB ROAD MARKET SECTOR IV MARKET, WEST PUNJABI BAGH, NO 7, Delhi, NEW DELHI",3rd floor n w a club road market sector iv market west punjabi bagh no 7 delhi new delhi,INDIA,INDIA,['7'],['7'],latin,devanagari,cross_script_name,6.451612903225811
S1-758075760,S3-957484857,Bharat Investments,bharat investments,भारत इन्वेस्टमेंट्स,भ रत इनवसटमटस,"No 7, 3Rd Floor, N.W.A Club Road Market Sector Iv Market, West Punjabi Bagh, New Delhi, Delhi",no 7 3rd floor n w a club road market sector iv market west punjabi bagh new delhi delhi,"No ##7, New Delhi, दिल्ली, West Punjabi Bagh",no 7 new delhi द लल west punjabi bagh,INDIA,INDIA,['7'],['7'],latin,devanagari,cross_script_name,6.451612903225811
S1-919267939,S2-648753107,LX Electricalsprivate Private Limited,lx electricalsprivate pvt ltd,LX Private Limited (Services),lx private limited services,"M- 59 Baludhyan Road Uttam Nagar, New Delhi, West Delhi, Delhi",m 59 baludhyan road uttam nagar new delhi west delhi delhi,"M- 0059 BALUDHYAN ROAD UTTAM NAGAR, NEW DELHI, दिल्ली",m 0059 baludhyan road uttam nagar new delhi द लल,INDIA,INDIA,['59'],['0059'],latin,latin,extreme_typo,50.0
S1-108314429,S2-628035494,Supreme Dream It,supreme dream it,सुप्रीम ड्रीम आईटी,सपर म डर म आईट,"Office No F-39, First Floor Eternity Commercial Premises, Lbs Marg, Teen Hath Naka, Thane, Maharashtra",office no f 39 first floor eternity commercial premises lbs marg teen hath naka thane maharashtra,"OFFICE NO F-39., THANE, महाराष्ट्र",office no f 39 thane मह र षटर,INDIA,INDIA,['39'],['39'],latin,devanagari,cross_script_name,13.33333333333333
S1-549086594,S2-808013831,Sun Marketing Private Limited,sun marketing pvt ltd,सन मार्केटिंग प्राइवेट लिमिटेड,सन म रकट ग पर इवट ल म टड,"D- 8, Gf, Pandav Nagar, East Delhi, Delhi",d 8 gf pandav nagar east delhi delhi,"Delhi, NEW DELHI, D- 08, GF, PANDAV NAGAR",delhi new delhi d 08 gf pandav nagar,INDIA,INDIA,['8'],['08'],latin,devanagari,cross_script_name,13.33333333333333
S1-549086594,S3-109749221,Sun Marketing Private Limited,sun marketing pvt ltd,सन मार्केटिंग प्राइवेट लिमिटेड,सन म रकट ग पर इवट ल म टड,"D- 8, Gf, Pandav Nagar, East Delhi, Delhi",d 8 gf pandav nagar east delhi delhi,"D- 8, Gf, Pandav Nagar, East Delhi, दिल्ली",d 8 gf pandav nagar east delhi द लल,INDIA,INDIA,['8'],['8'],latin,devanagari,cross_script_name,13.33333333333333
S1-555090350,S2-956444376,Star Consultancy LLP,star consultancy llp,स्टार कंसल्टेंसी एलएलपी,सट र कसलटस एलएलप,"103 Raja Gardenring Road, New Delhi, North Delhi, Delhi",103 raja gardenring road new delhi north delhi delhi,"DOOR NO 103 RAJA GAROENRING ROAD, NEW DELHI, LONI, Delhi",no 103 raja garoenring road new delhi loni delhi,INDIA,INDIA,['103'],['103'],latin,devanagari,cross_script_name,11.111111111111116
S1-335752330,S2-897778962,Ranna Brill Certified Vulcan Upper Allen Township,ranna brill certified vulcan upper allen township,rannabrillcertified.com,rannabrillcertified com,"413 Reservoir Road, Upper Allen Township, PA",413 reservoir road upper allen township pa,"RESERVOIR RD, MECHANICSBURG, PA",reservoir road mechanicsburg pa,US,US,['413'],[],latin,latin,url_domain_issue,61.111111111111114
S1-973414824,S3-314185820,Premier Minerals Inc,premier minerals inc,Premier Mdnffrlas Inc,premier mdnffrlas inc,"34815 Schwalm Road, Kenai Peninsula Borough, AK",34815 schwalm road kenai peninsula borough ak,"034815 Schwalm Rd, Soldotna, Alaska",034815 schwalm road soldotna alaska,US,US,['34815'],['034815'],latin,latin,other_mismatch,82.92682926829268
S1-160840431,S3-395592972,AI Stellar Co,ai stellar co,AI Co Services,ai co services,"1112 Lancaster Way, Sacramento, CA",1112 lancaster way sacramento ca,"Lancaster Way, Sacramento, California",lancaster way sacramento california,US,US,['1112'],[],latin,latin,word_order_variation,51.85185185185186
S1-795631320,S2-526762534,Smart Trading Private Limited,smart trading pvt ltd,ಸ್ಮಾರ್ಟ್ ಟ್ರೇಡಿಂಗ್ ಪ್ರೈವೇಟ್ ಲಿಮಿಟೆಡ್,ಸಮ ರಟ ಟರ ಡ ಗ ಪರ ವ ಟ ಲಮಟಡ,"Flat No-1/22, Vijaya Enclave Nb, Bangalore South, Bangalore, Karnataka",flat no 1 22 vijaya enclave nb bangalore south bangalore karnataka,"FDAT NO-1/22, BANGALORE SOUTH, BANGALORE, ಕರ್ನಾಟಕ",fdat no 1 22 bangalore south bangalore ಕರನ ಟಕ,INDIA,INDIA,"['1', '22']","['1', '22']",latin,other,dba_trade_name_mismatch,13.33333333333333
S1-795631320,S3-150741082,Smart Trading Private Limited,smart trading pvt ltd,ಸ್ಮಾರ್ಟ್ ಟ್ರೇಡಿಂಗ್ ಪ್ರೈವೇಟ್ ಲಿಮಿಟೆಡ್,ಸಮ ರಟ ಟರ ಡ ಗ ಪರ ವ ಟ ಲಮಟಡ,"Flat No-1/22, Vijaya Enclave Nb, Bangalore South, Bangalore, Karnataka",flat no 1 22 vijaya enclave nb bangalore south bangalore karnataka,"KA, Flat No-1/22, Bangalore, Bangalore South",ka flat no 1 22 bangalore bangalore south,INDIA,INDIA,"['1', '22']","['1', '22']",latin,other,dba_trade_name_mismatch,13.33333333333333
S1-795631320,S3-603278752,Smart Trading Private Limited,smart trading pvt ltd,ಸ್ಮಾರ್ಟ್ Trading ಪ್ರೈವೇಟ್ ಲಿಮಿಟೆಡ್,ಸಮ ರಟ trading ಪರ ವ ಟ ಲಮಟಡ,"Flat No-1/22, Vijaya Enclave Nb, Bangalore South, Bangalore, Karnataka",flat no 1 22 vijaya enclave nb bangalore south bangalore karnataka,"Flat No-1/22, Bangalore, Bangalore South, ಕರ್ನಾಟಕ",flat no 1 22 bangalore bangalore south ಕರನ ಟಕ,INDIA,INDIA,"['1', '22']","['1', '22']",latin,mixed_latin_other,dba_trade_name_mismatch,43.47826086956522
S1-869118709,S2-101031958,Southern Healthcare Private Limited,southern healthcare pvt ltd,सदर्न हेल्थकेयर प्राइवेट लिमिटेड,सदरन हलथकयर पर इवट ल म टड,"D-10 Empire Residency Nea, R Agarwal Public School, Indore, Madhya Pradesh",d 10 empire residency nea rue agarwal public school indore madhya pradesh,"D-0010 EMPIRE RESIDENCY NEA, INDORE, Madhya Pradesh",d 0010 empire residency nea indore madhya pradesh,INDIA,INDIA,['10'],['0010'],latin,devanagari,cross_script_name,11.538461538461542
S1-219401270,S2-594003880,Calodyne LLC,calodyne llc,Caodne LLC LLC,caodne llc llc,"1729 Foxhall Drive, Rocky Mount, NC",1729 foxhall drive rocky mount nc,"FOXHALL DR, ROCKY MOUNT, NC",foxhall drive rocky mount nc,US,US,['1729'],[],latin,latin,address_only_relation,76.92307692307692
S1-344557977,S2-237548317,Smart Industries Private Limited,smart industries pvt ltd,स्मार्ट इंडस्ट्रीज प्राइवेट लिमिटेड,सम रट इडसटर ज पर इवट ल म टड,"D-32, New Ashok Nagar New Delhi, New Delhi, East Delhi, Delhi",d 32 new ashok nagar new delhi new delhi east delhi delhi,"GAZIPUR DELHI, Delhi, <NULL>, NEW DELHI, D-32",gazipur delhi delhi new delhi d 32,INDIA,INDIA,['32'],['32'],latin,devanagari,cross_script_name,11.764705882352944
S1-821523654,S2-641561614,Bath County All Emerging,bath county all emerging,VEOSYNONYX,veosynonyx,"150 Old Germantown Road, Bath County, VA",150 old germantown road bath county va,"VA, OLD GERMANTOWN ROAD, BATH COUNTY",va old germantown road bath county,US,US,['150'],[],latin,latin,dba_trade_name_mismatch,17.647058823529417
S1-598823125,S2-924199073,Vision Specialists of Willow Springs Inc,vision specialists of willow springs inc,Ariasyn,ariasyn,"8623 Arizona Trail, Willow Springs, IL",8623 arizona trail willow springs il,"ARIZONA TRL, WILLOW SPRINGS, IL",arizona trl willow springs il,US,US,['8623'],[],latin,latin,dba_trade_name_mismatch,21.276595744680847
S1-64915886,S2-942028948,All Golden Trading,all golden trading,ऑल गोल्डन ट्रेडिंग,ऑल ग लडन टरड ग,"Madhya Pradesh, 91, Indore, Saket Nagar",madhya pradesh 91 indore saket nagar,"91, SAKET NAGAR, INDORE, Madhya Pradesh",91 saket nagar indore madhya pradesh,INDIA,INDIA,['91'],['91'],latin,devanagari,cross_script_name,12.5
S1-271585788,S3-219339349,Tirupati Power,tirupati power,तिरुपति पावर,त रपत प वर,"West Delhi, Wz-2D, New Delhi, Nangli Zalib B-1 Janak Puri, Delhi",west delhi wz 2d new delhi nangli zalib b 1 janak puri delhi,"Wz-2d, West Delhi, DL, New Delhi",wz 2d west delhi dl new delhi,INDIA,INDIA,['1'],[],latin,devanagari,cross_script_name,8.333333333333337
S1-966027321,S2-4379937,Probst & Duran Newhold LLC,probst and duran newhold llc,NYLADREX,nyladrex,"Boston, 31 Floyd Street, MA",boston 31 floyd street ma,"31D FLOYD STREET, BOSTON, MA",31d floyd street boston ma,US,US,['31'],[],latin,latin,dba_trade_name_mismatch,22.22222222222222
S1-777555607,S3-632142415,Digital Ventures Limited,digital ventures ltd,डिजिटल वेंचर्स लिमिटेड,ड ज टल वचरस ल म टड,"New Delhi, Hari Nagar Extention Baderpur, South Delhi, 12-C, Delhi",new delhi hari nagar extention baderpur south delhi 12 c delhi,"12-C, N/A, South Delhi, DL",12 c n a south delhi dl,INDIA,INDIA,['12'],['12'],latin,devanagari,cross_script_name,10.526315789473683
S1-777555607,S3-10840656,Digital Ventures Limited,digital ventures ltd,डिजिटल वेंचर्स लिमिटेड,ड ज टल वचरस ल म टड,"New Delhi, Hari Nagar Extention Baderpur, South Delhi, 12-C, Delhi",new delhi hari nagar extention baderpur south delhi 12 c delhi,"12-C, N/A, South East, New Delhi, DL",12 c n a south east new delhi dl,INDIA,INDIA,['12'],['12'],latin,devanagari,cross_script_name,10.526315789473683
S1-721254668,S2-82419557,Ss Estate Private Limited,ss estate pvt ltd,এসএস এস্টেট প্রাইভেট লিমিটেড,এসএস এসট ট পর ইভ ট ল ম ট ড,"1/1/1B Paikpara Row, Kolkata, Howrah, West Bengal",1 1 1b paikpara row kolkata howrah west bengal,"#/1/1B PAIKPARA ROW, KOLKATA, HOWRAH, পশ্চিমবঙ্গ",1 1b paikpara row kolkata howrah পশচ মবঙগ,INDIA,INDIA,"['1', '1']",['1'],latin,bengali,cross_script_name,13.953488372093027
S1-412010600,S3-865579315,Anc Trading Private Limited,anc trading pvt ltd,Synfayezeta,synfayezeta,"Nashik, Shop No.1 Ganesh Nagar Tq Kalwan Dist Nashik, Nashik, Maharashtra",nashik shop no 1 ganesh nagar tq kalwan dist nashik nashik maharashtra,"#1 Ganesh Nagar Tq Kalwan Dist Nashik, Nashik, MH",1 ganesh nagar tq kalwan dist nashik nashik mh,INDIA,INDIA,['1'],['1'],latin,latin,dba_trade_name_mismatch,19.999999999999996
S1-898630961,S2-503875679,Best Infra Limited,best infra ltd,बेस्ट इंफ्रा लिमिटेड,बसट इफर ल म टड,"Naman Centre, C-31, Bandra Kurla Complex, G-Block, Opp Dena Bank, Mumbai, Maharashtra",naman centre c 31 bandra kurla complex g block opp dena bank mumbai maharashtra,"NAAN CENTRE, MUMBAI, Maharashtra",naan centre mumbai maharashtra,INDIA,INDIA,['31'],[],latin,devanagari,cross_script_name,14.28571428571429
S1-898630961,S2-484694083,Best Infra Limited,best infra ltd,बेस्ट इंफ्रा लिमिटेड,बसट इफर ल म टड,"Naman Centre, C-31, Bandra Kurla Complex, G-Block, Opp Dena Bank, Mumbai, Maharashtra",naman centre c 31 bandra kurla complex g block opp dena bank mumbai maharashtra,"NAMAN CENTRE, MUMBAI, Maharashtra",naman centre mumbai maharashtra,INDIA,INDIA,['31'],[],latin,devanagari,cross_script_name,14.28571428571429
S1-898630961,S3-683805650,Best Infra Limited,best infra ltd,बेस्ट इंफ्रा लिमिटेड,बसट इफर ल म टड,"Naman Centre, C-31, Bandra Kurla Complex, G-Block, Opp Dena Bank, Mumbai, Maharashtra",naman centre c 31 bandra kurla complex g block opp dena bank mumbai maharashtra,"Naman Centre, Mumbai, महाराष्ट्र",naman centre mumbai मह र षटर,INDIA,INDIA,['31'],[],latin,devanagari,cross_script_name,14.28571428571429
S1-909955989,S2-685701568,New Consultancy LLP,new consultancy llp,न्यू कंसल्टेंसी एलएलपी,नय कसलटस एलएलप,"Shop No. 17, Gopal Arcade Poll No. Z-27Ext, Jabalpur, Madhya Pradesh",shop no 17 gopal arcade poll no z 27ext jabalpur madhya pradesh,"H.NO 17, JABALPUR, मध्य प्रदेश",no 17 jabalpur मधय परदश,INDIA,INDIA,['17'],['17'],latin,devanagari,cross_script_name,12.121212121212121
S1-285660164,S3-708196799,Sunrise Dynamic Trading Private Limited,sunrise dynamic trading pvt ltd,সানরাইজ ডায়নামিক ট্রেডিং প্রাইভেট লিমিটেড,স নর ইজ ড যন ম ক টর ড পর ইভ ট ল ম ট ড,"38 Baroda Avenue, Garia, Kolkata, Parganas South, West Bengal",38 baroda avenue garia kolkata parganas south west bengal,"Baroda Avenue, Kolkata, পশ্চিমবঙ্গ",baroda avenue kolkata পশচ মবঙগ,INDIA,INDIA,['38'],[],latin,bengali,cross_script_name,11.764705882352944
S1-621761582,S3-770029994,Dynamic Properties Pvt Ltd,dynamic properties pvt ltd,డైనమిక్ ప్రాపర్టీస్ ప్రైవేట్ లిమిటెడ్,డనమక పరపరటస పరవట లమటడ,"39-17-48/1, Main Road, Near 48 Busstop, Visakhapatnam (Urban), Visakhapatnam, Vishakhapatnam, Andhra Pradesh",39 17 48 1 main road near 48 busstop visakhapatnam urban visakhapatnam vishakhapatnam andhra pradesh,"39-17-48/1, Vizag, Vishakhapatnam, ఆంధ్రప్రదేశ్",39 17 48 1 vizag vishakhapatnam ఆ ధరపరదశ,INDIA,INDIA,"['39', '17', '48', '1', '48']","['39', '17', '48', '1']",latin,telugu,cross_script_name,12.765957446808507
S1-621761582,S2-179489971,Dynamic Properties Pvt Ltd,dynamic properties pvt ltd,డైనమిక్ ప్రాపర్టీస్ ప్రైవేట్ లిమిటెడ్,డనమక పరపరటస పరవట లమటడ,"39-17-48/1, Main Road, Near 48 Busstop, Visakhapatnam (Urban), Visakhapatnam, Vishakhapatnam, Andhra Pradesh",39 17 48 1 main road near 48 busstop visakhapatnam urban visakhapatnam vishakhapatnam andhra pradesh,"39-17-48/1, VISHAKHAPATNAM, Andhra Pradesh, VIZAG, MAIN ROAD, NEAR 48 BUSSTOP, VISAKHAPATNAM (URBAN)",39 17 48 1 vishakhapatnam andhra pradesh vizag main road near 48 busstop visakhapatnam urban,INDIA,INDIA,"['39', '17', '48', '1', '48']","['39', '17', '48', '1', '48']",latin,telugu,cross_script_name,12.765957446808507
S1-621761582,S3-476922507,Dynamic Properties Pvt Ltd,dynamic properties pvt ltd,Dynamic ప్రాపర్టీస్ Pvt Ltd,dynamic పరపరటస pvt ltd,"39-17-48/1, Main Road, Near 48 Busstop, Visakhapatnam (Urban), Visakhapatnam, Vishakhapatnam, Andhra Pradesh",39 17 48 1 main road near 48 busstop visakhapatnam urban visakhapatnam vishakhapatnam andhra pradesh,"39-17-48/1, Main Road, Near 48 Busstop, Visakhapatnam (Urban), Vishakhapatnam, Vizag, ఆంధ్రప్రదేశ్",39 17 48 1 main road near 48 busstop visakhapatnam urban vishakhapatnam vizag ఆ ధరపరదశ,INDIA,INDIA,"['39', '17', '48', '1', '48']","['39', '17', '48', '1', '48']",latin,mixed_latin_telugu,cross_script_name,66.66666666666667
S1-596555182,S2-316714492,Creative Consultancy Pvt Ltd,creative consultancy pvt ltd,ক্রিয়েটিভ কনসালটেন্সি প্রাইভেট লিমিটেড,কর য ট ভ কনস লট নস পর ইভ ট ল ম ট ড,"20B, Sarat Bose Road, Kolkata, Howrah, West Bengal",20b sarat bose road kolkata howrah west bengal,"20B, SARAT BOSE ROAD, KOLKATA, HOWRAH, West Bengal",20b sarat bose road kolkata howrah west bengal,INDIA,INDIA,[],[],latin,bengali,cross_script_name,9.677419354838712
S1-360909582,S3-928751934,Coastal School of Medicine,coastal school of medicine,Tavoavi,tavoavi,"3 Astor Ridge Drive, Unit Unit D, Amherst, NY",3 astor ridge drive unit unit d amherst ny,"3 Astor Ridge Dr, Unit Unit D, Bufalo, New York",3 astor ridge drive unit unit d bufalo new york,US,US,['3'],['3'],latin,latin,dba_trade_name_mismatch,24.242424242424242
S1-826696794,S2-703787957,H/H Artificial Inc,h h artificial inc,Brixvio,brixvio,"2076 Winslow Drive, Unit 9, Columbus, OH",2076 winslow drive unit 9 columbus oh,"WINSLOW DRIVE, COLUMBUS, OH",winslow drive columbus oh,US,US,"['2076', '9']",[],latin,latin,dba_trade_name_mismatch,24.0
S1-520710871,S2-407136745,Laxmi Constructions Pvt Ltd,laxmi constructions pvt ltd,लक्ष्मी कंस्ट्रक्शंस प्रा. लि.,लकषम कसटरकशस पर ल,"Wz-9B, Ff, Near King&Queen, Meenakshi Garden, New Delhi, West Delhi, Delhi",wz 9b ff near king queen meenakshi garden new delhi west delhi delhi,"WZ-9B, FF, NEAR KING&QUEEN, MEENAKSHI GARDEN, NEW DELHI, WEST DELHI, Delhi",wz 9b ff near king queen meenakshi garden new delhi west delhi delhi,INDIA,INDIA,[],[],latin,devanagari,cross_script_name,13.636363636363635
S1-367793476,S3-770171112,Tech Constructions Private Limited,tech constructions pvt ltd,टेक कंस्ट्रक्शंस प्राइवेट लिमिटेड,टक कसटरकशस पर इवट ल म टड,"The Capital, Executive Centre, 7 Th Floor, Plot C70, G Block, Bkc, Ba, Mumbai, Maharashtra",the capital executive centre 7 th floor plot c70 g block bkc ba mumbai maharashtra,"The Capital, Mumbai, Ba, महाराष्ट्र",the capital mumbai ba मह र षटर,INDIA,INDIA,['7'],[],latin,devanagari,cross_script_name,12.0
S1-367793476,S2-865153313,Tech Constructions Private Limited,tech constructions pvt ltd,टेक कंस्ट्रक्शंस प्राइवेट लिमिटेड,टक कसटरकशस पर इवट ल म टड,"The Capital, Executive Centre, 7 Th Floor, Plot C70, G Block, Bkc, Ba, Mumbai, Maharashtra",the capital executive centre 7 th floor plot c70 g block bkc ba mumbai maharashtra,"THE CAITAL, EXECUTIVE CENTRE, 7 TH FLOOR, PLOT C70, G BLOCK, BKC, BA, MUMBAI, महाराष्ट्र",the caital executive centre 7 th floor plot c70 g block bkc ba mumbai मह र षटर,INDIA,INDIA,['7'],['7'],latin,devanagari,cross_script_name,12.0
S1-367793476,S2-253699557,Tech Constructions Private Limited,tech constructions pvt ltd,टेक कंस्ट्रक्शंस प्राइवेट लिमिटेड,टक कसटरकशस पर इवट ल म टड,"The Capital, Executive Centre, 7 Th Floor, Plot C70, G Block, Bkc, Ba, Mumbai, Maharashtra",the capital executive centre 7 th floor plot c70 g block bkc ba mumbai maharashtra,"THE CAPITAL, BA, MUMBAI, Maharashtra",the capital ba mumbai maharashtra,INDIA,INDIA,['7'],[],latin,devanagari,cross_script_name,12.0
S1-367793476,S2-143202485,Tech Constructions Private Limited,tech constructions pvt ltd,टेक कंस्ट्रक्शंस प्राइवेट लिमिटेड,टक कसटरकशस पर इवट ल म टड,"The Capital, Executive Centre, 7 Th Floor, Plot C70, G Block, Bkc, Ba, Mumbai, Maharashtra",the capital executive centre 7 th floor plot c70 g block bkc ba mumbai maharashtra,"THE CAPITAL, EXECUTIVE CENTRE, 7 TH FLOOR, PLOT C70, G BLOCK, BKC, BA, MUMBAI, Maharashtra",the capital executive centre 7 th floor plot c70 g block bkc ba mumbai maharashtra,INDIA,INDIA,['7'],['7'],latin,devanagari,cross_script_name,12.0
S1-435229220,S2-822045027,Munoz Banc Co,munoz banc co,Lyragild,lyragild,"10421 Larry Street, TX, Houston",10421 larry street tx houston,"1042 LARRY ST, HOUSTON, TX",1042 larry street houston tx,US,US,['10421'],['1042'],latin,latin,dba_trade_name_mismatch,9.523809523809524
S1-228678189,S2-163859376,Innovative Investments Private Limited,innovative investments pvt ltd,ഇന്നൊവേറ്റീവ് ഇൻവെസ്റ്റ്മെന്റ്സ് പ്രൈവറ്റ് ലിമിറ്റഡ്,ഇനന വ ററ വ ഇൻവ സററമ നറസ പര വററ ല മ ററഡ,"Puthuppallil House, Koorali P O, Elamgulam, Kottayam, Kerala",puthuppallil house koorali p o elamgulam kottayam kerala,"PUTHUPPALLIL HOUSE, KOTTAYAM, Keralam",puthuppallil house kottayam keralam,INDIA,INDIA,[],[],latin,other,dba_trade_name_mismatch,8.823529411764708
S1-91085118,S2-581064933,Eastern Trading Private Limited,eastern trading pvt ltd,ईस्टर्न ट्रेडिंग प्राइवेट लिमिटेड,ईसटरन टरड ग पर इवट ल म टड,"Flat No. 204, Building 47, Sector 54/56/58 Seawood, Thane, Maharashtra",flat no 204 building 47 sector 54 56 58 seawood thane maharashtra,"THANE, Maharashtra, NO 04, THANE",thane maharashtra no 04 thane,INDIA,INDIA,"['204', '47', '54', '56', '58']",['04'],latin,devanagari,cross_script_name,12.5
S1-91085118,S2-147057908,Eastern Trading Private Limited,eastern trading pvt ltd,ईस्टर्न ट्रेडिंग प्राइवेट लिमिटेड,ईसटरन टरड ग पर इवट ल म टड,"Flat No. 204, Building 47, Sector 54/56/58 Seawood, Thane, Maharashtra",flat no 204 building 47 sector 54 56 58 seawood thane maharashtra,"FLAT NO. 04, THANE, Maharashtra",flat no 04 thane maharashtra,INDIA,INDIA,"['204', '47', '54', '56', '58']",['04'],latin,devanagari,cross_script_name,12.5
S1-134717804,S2-265461500,Guru Hospitality Private Limited,guru hospitality pvt ltd,ಗುರು ಹಾಸ್ಪಿಟಾಲಿಟಿ ಪ್ರೈವೇಟ್ ಲಿಮಿಟೆಡ್,ಗ ರ ಹ ಸಪಟ ಲಟ ಪರ ವ ಟ ಲಮಟಡ,"Karnataka, 7Th Cross, Msr Homes Naggappareddy Layout, B.Narayanapura, Bangaore, Bangalore, H.No 36",karnataka 7th cross msr homes naggappareddy layout b narayanapura bangaore bangalore no 36,"#36, BANGAORE, BANGALORE, Karnataka",36 bangaore bangalore karnataka,INDIA,INDIA,['36'],['36'],latin,other,dba_trade_name_mismatch,12.5
S1-63719584,S3-513217341,"Marissa N. Westbrook, Ph.D.",marissa n westbrook ph d,Evoxylo,evoxylo,"132 White Pine Lane, West Jefferson, NC",132 white pine lane west jefferson nc,"32 White Pine Ln, West Jefferson, North Carolina",32 white pine lane west jefferson north carolina,US,US,['132'],['32'],latin,latin,dba_trade_name_mismatch,19.354838709677423
S1-292649689,S3-110738950,Global Services Private Limited,global services pvt ltd,গ্লোবাল সার্ভিসেস প্রাইভেট লিমিটেড,গল ব ল স রভ স স পর ইভ ট ল ম ট ড,"2-Floor, 2/D Panditya Road, Kolkata, Kolkata, Howrah, West Bengal",2 floor 2 d panditya road kolkata kolkata howrah west bengal,"2-Floor., Howrah, N/A, WB, Kolkata",2 floor howrah n a wb kolkata,INDIA,INDIA,"['2', '2']",['2'],latin,bengali,cross_script_name,11.111111111111116
S1-292649689,S3-182160243,Global Services Private Limited,global services pvt ltd,গ্লোবাল সার্ভিসেস প্রাইভেট লিমিটেড,গল ব ল স রভ স স পর ইভ ট ল ম ট ড,"2-Floor, 2/D Panditya Road, Kolkata, Kolkata, Howrah, West Bengal",2 floor 2 d panditya road kolkata kolkata howrah west bengal,"2-Floor., N/A, Howrah, Kolkata, WB",2 floor n a howrah kolkata wb,INDIA,INDIA,"['2', '2']",['2'],latin,bengali,cross_script_name,11.111111111111116
S1-292649689,S3-341950614,Global Services Private Limited,global services pvt ltd,GS,gs,"2-Floor, 2/D Panditya Road, Kolkata, Kolkata, Howrah, West Bengal",2 floor 2 d panditya road kolkata kolkata howrah west bengal,"2-Floor, 2/D Panditya Road, Kolkata, Kolkata, Howrah, West Bengal",2 floor 2 d panditya road kolkata kolkata howrah west bengal,INDIA,INDIA,"['2', '2']","['2', '2']",latin,latin,dba_trade_name_mismatch,16.000000000000004
S1-292649689,S2-603318243,Global Services Private Limited,global services pvt ltd,গ্লোবাল সার্ভিসেস প্রাইভেট লিমিটেড,গল ব ল স রভ স স পর ইভ ট ল ম ট ড,"2-Floor, 2/D Panditya Road, Kolkata, Kolkata, Howrah, West Bengal",2 floor 2 d panditya road kolkata kolkata howrah west bengal,"#411 2-FLOOR, 2/D PANDITYA ROAD, KOLKATA, CALCUTTA, HOWRAH, West Bengal",411 2 floor 2 d panditya road kolkata calcutta howrah west bengal,INDIA,INDIA,"['2', '2']","['411', '2', '2']",latin,bengali,cross_script_name,11.111111111111116
S1-292649689,S2-581839464,Global Services Private Limited,global services pvt ltd,গ্লোবাল সার্ভিসেস প্রাইভেট লিমিটেড,গল ব ল স রভ স স পর ইভ ট ল ম ট ড,"2-Floor, 2/D Panditya Road, Kolkata, Kolkata, Howrah, West Bengal",2 floor 2 d panditya road kolkata kolkata howrah west bengal,"H.NO 411 2-FLOOR, 2/D PANDITYA ROAD, KOLKATA, CALCUTTA, HOWRAH, পশ্চিমবঙ্গ",no 411 2 floor 2 d panditya road kolkata calcutta howrah পশচ মবঙগ,INDIA,INDIA,"['2', '2']","['411', '2', '2']",latin,bengali,cross_script_name,11.111111111111116
S1-908551239,S2-788299668,Sun Solutions Private Limited,sun solutions pvt ltd,सन सॉल्यूशंस प्राइवेट लिमिटेड,सन स लयशस पर इवट ल म टड,"F No. 403, Sudha Nill Aptt, New P P Colony, Patliputra, Patna, Bihar",f no 403 sudha nill aptt new p p colony patliputra patna bihar,"PATNA, F NO. 40, PATNA, Bihar",patna f no 40 patna bihar,INDIA,INDIA,['403'],['40'],latin,devanagari,cross_script_name,13.636363636363635
S1-908551239,S2-225415982,Sun Solutions Private Limited,sun solutions pvt ltd,सन सॉल्यूशंस प्राइवेट लिमिटेड,सन स लयशस पर इवट ल म टड,"F No. 403, Sudha Nill Aptt, New P P Colony, Patliputra, Patna, Bihar",f no 403 sudha nill aptt new p p colony patliputra patna bihar,"F NO. 40, PATNA, Bihar",f no 40 patna bihar,INDIA,INDIA,['403'],['40'],latin,devanagari,cross_script_name,13.636363636363635
S1-102881886,S3-673002177,"Saugerties, Township Of Inc.",saugerties township of inc,Ectoriza,ectoriza,"3185 9W, Saugerties, NY",3185 9w saugerties ny,"9W, New York, Saugerties",9w new york saugerties,US,US,['3185'],[],latin,latin,address_only_relation,23.529411764705888
S1-238331147,S2-667940175,Sree It Limited,sree it ltd,श्री आईटी लिमिटेड,शर आईट ल म टड,"Plot No 21, Office No.101-106, First Floor, Block-G, Vardhman Chamber-Ii, Community Centre, Vikaspuri, New Delhi, West Delhi, Delhi",plot no 21 office no 101 106 first floor block g vardhman chamber ii community centre vikaspuri new delhi west delhi delhi,"DOOR NO 21, NEW DELHI, WEST DELHI, Delhi",no 21 new delhi west delhi delhi,INDIA,INDIA,"['21', '101', '106']",['21'],latin,devanagari,cross_script_name,16.666666666666664
S1-823546667,S2-78487028,Sunrise Infrastructure Pvt Ltd,sunrise infrastructure pvt ltd,સનરાઇઝ ઇન્ફ્રાસ્ટ્રક્ચર પ્રા. લિ.,સનર ઇઝ ઇનફર સટરકચર પર લ,"P No 42, 1St Floor, Devchand, U M Road, Surat City, Surat, Gujarat",p no 42 1st floor devchand u m road surat city surat gujarat,"P NO 42, SURAT, SURAT CITY, Gujarat",p no 42 surat surat city gujarat,INDIA,INDIA,['42'],['42'],latin,other,dba_trade_name_mismatch,11.32075471698113
S1-893609958,S3-63293660,Sun Maa Hospitality Private Limited,sun maa hospitality pvt ltd,സൺ മാ ഹോസ്പിറ്റാലിറ്റി പ്രൈവറ്റ് ലിമിറ്റഡ്,സൺ മ ഹ സപ ററ ല ററ പര വററ ല മ ററഡ,"Xxi/152, Panadans, Cochin, Universitypost, Kalamasery, Ernakulam, Kerala",xxi 152 panadans cochin universitypost kalamasery ernakulam kerala,"Xxi/52, Ernakulam, Keralam",xxi 52 ernakulam keralam,INDIA,INDIA,['152'],['52'],latin,other,address_only_relation,13.559322033898303
S1-56629354,S2-592774385,Classic Engineering Pvt Ltd,classic engineering pvt ltd,క్లాసిక్ ఇంజనీరింగ్ ప్రైవేట్ లిమిటెడ్,కలసక ఇ జనర గ పరవట లమటడ,"7-2-C-14, Industrial Estate, Sanath Nagar, Balanagar, Hyderabad, Telangana",7 2 c 14 industrial estate sanath nagar balanagar hyderabad telangana,"తెలంగాణ, RANGA REDDY, HYDERABAD, B3/7-2-C-14",తల గణ ranga reddy hyderabad b3 7 2 c 14,INDIA,INDIA,"['7', '2', '14']","['7', '2', '14']",latin,telugu,cross_script_name,12.244897959183676
S1-34916446,S3-168863451,Anand Hospitality Private Limited,anand hospitality pvt ltd,आनंद हॉस्पिटैलिटी प्राइवेट लिमिटेड,आनद ह सप टल ट पर इवट ल म टड,"Shop No. 8. Dheeraj Heritage Residency - 1, Linking Road Extn., Santacruz (West), Mumbai, Mumbai City, Maharashtra",shop no 8 dheeraj heritage residency 1 linking road extn santacruz west mumbai mumbai city maharashtra,"Shop No. 6-8. Dheeraj Heritage Residency - 1, Mumbai, Mumbai City, महाराष्ट्र",shop no 6 8 dheeraj heritage residency 1 mumbai mumbai city मह र षटर,INDIA,INDIA,"['8', '1']","['6', '8', '1']",latin,devanagari,cross_script_name,11.538461538461542
S1-824919785,S3-781959230,AL Transport Private Limited,al transport pvt ltd,AL Trnsort Private (Limited),al trnsort pvt ltd,"Tamil Nadu, Manasarover Oyster Bay Anand Farms Muttukadu Village, Chingleput Taluk, Kancheepuram, House No.24",tamil nadu manasarover oyster bay anand farms muttukadu village chingleput taluk kancheepuram house no 24,"Kancheepuram, TN, Kancheepuram, House No.24",kancheepuram tn kancheepuram house no 24,INDIA,INDIA,['24'],['24'],latin,latin,address_only_relation,94.73684210526316
S1-246478198,S2-296004580,Modern Marketing Private Limited,modern marketing pvt ltd,మోడర్న్ మార్కెటింగ్ ప్రైవేట్ లిమిటెడ్,మడరన మరకట గ పరవట లమటడ,"5-8-49/2/1/A, Gadwal Compound, Nampally, Hyderabad, Telangana",5 8 49 2 1 a gadwal compound nampally hyderabad telangana,"5-8-49/2/1/A, HYDERABAD, Andhra Pradesh",5 8 49 2 1 a hyderabad andhra pradesh,INDIA,INDIA,"['5', '8', '49', '2', '1']","['5', '8', '49', '2', '1']",latin,telugu,cross_script_name,13.33333333333333
S1-335478469,S3-757049552,Audy Parker Blue Yield Corp,audy parker blue yield corp,Apblue.Com,apblue com,"1064 Dwarf Lane, Bedford County, VA",1064 dwarf lane bedford county va,"Dwarf Lane, <NULL>, Bedford County, Virginia",dwarf lane bedford county virginia,US,US,['1064'],[],latin,latin,url_domain_issue,48.64864864864865
S1-856710782,S2-576052323,Sunrise Technologies Limited,sunrise technologies ltd,ಸನ್‌ರೈಸ್ ಟೆಕ್ನಾಲಜೀಸ್ ಲಿಮಿಟೆಡ್,ಸನ ರ ಸ ಟಕನ ಲಜ ಸ ಲಮಟಡ,"No.60, 7Th Cross, 8Th Main Bikasipura, Bangalore, Karnataka",no 60 7th cross 8th main bikasipura bangalore karnataka,"NO.060, 7TH CROSS, 8TH MAIN BIKASIPURA, BANGALORE, BANASHANKARI SIXTH STAGE, Karnataka",no 060 7th cross 8th main bikasipura bangalore banashankari sixth stage karnataka,INDIA,INDIA,['60'],['060'],latin,other,dba_trade_name_mismatch,9.090909090909093
S1-856710782,S2-764754463,Sunrise Technologies Limited,sunrise technologies ltd,ಸನ್‌ರೈಸ್ ಟೆಕ್ನಾಲಜೀಸ್ ಲಿಮಿಟೆಡ್,ಸನ ರ ಸ ಟಕನ ಲಜ ಸ ಲಮಟಡ,"No.60, 7Th Cross, 8Th Main Bikasipura, Bangalore, Karnataka",no 60 7th cross 8th main bikasipura bangalore karnataka,"NO.060, 7TH CROSS, 8TH MAIN BIKASIPURA, BANGALORE, BANASHANKARI SIXTH STAGE, Karnataka",no 060 7th cross 8th main bikasipura bangalore banashankari sixth stage karnataka,INDIA,INDIA,['60'],['060'],latin,other,dba_trade_name_mismatch,9.090909090909093
S1-856710782,S3-584218851,Sunrise Technologies Limited,sunrise technologies ltd,ಸನ್‌ರೈಸ್ ಟೆಕ್ನಾಲಜೀಸ್ ಲಿಮಿಟೆಡ್,ಸನ ರ ಸ ಟಕನ ಲಜ ಸ ಲಮಟಡ,"No.60, 7Th Cross, 8Th Main Bikasipura, Bangalore, Karnataka",no 60 7th cross 8th main bikasipura bangalore karnataka,"No.060, Bangalore, KA, Bangalore",no 060 bangalore ka bangalore,INDIA,INDIA,['60'],['060'],latin,other,other_mismatch,9.090909090909093
S1-84172548,S3-632715238,Prime Food Private Limited,prime food pvt ltd,ಪ್ರೈಮ್ ಫುಡ್ ಪ್ರೈವೇಟ್ ಲಿಮಿಟೆಡ್,ಪರ ಮ ಫ ಡ ಪರ ವ ಟ ಲಮಟಡ,"No. 14, 13Th Cross, Gante S Gopal Building Opposite To Kandhya Bhavan, Cubbonpet, Bangalore, Karnataka",no 14 13th cross gante s gopal building opposite to kandhya bhavan cubbonpet bangalore karnataka,"No. ##14, Bangalore, KA",no 14 bangalore ka,INDIA,INDIA,['14'],['14'],latin,other,dba_trade_name_mismatch,15.789473684210531
S1-917085859,S2-869027552,Shivam Systems LLP,shivam systems llp,शिवम सिस्टम्स एलएलपी,श वम स सटमस एलएलप,"Palwal, 561, Housing Board Colony, Faridabad, Nakul Farm, Haryana, Hathin",palwal 561 housing board colony faridabad nakul farm haryana hathin,"हरियाणा, FARIDABAD, NAKUL FARM",हर य ण faridabad nakul farm,INDIA,INDIA,['561'],[],latin,devanagari,cross_script_name,11.428571428571432
S1-824076722,S2-80041004,Al Enterprises Pvt Ltd,al enterprises pvt ltd,अल एंटरप्राइजेज प्रा. लि.,अल एटरपर इजज पर ल,"Office No-201, 2Nd Floor, Global Square, Cts No-1505, S.No-247, Yerwada, Pune City, Pune, Maharashtra",office no 201 2nd floor global square cts no 1505 s no 247 yerwada pune city pune maharashtra,"OFFIFE NO-201, PUNE CITY, PUNE, Maharashtra",offife no 201 pune city pune maharashtra,INDIA,INDIA,"['201', '1505', '247']",['201'],latin,devanagari,cross_script_name,15.384615384615385
S1-467198990,S3-367123111,National Kensington,national kensington,National Service,national service,"114 3rd Street, West Terre Haute, IN",114 3rd street west terre haute in,,,US,US,['114'],[],latin,latin,missing_address_evidence,62.857142857142854
S1-745839307,S2-148602546,Innovative Agro Private Limited,innovative agro pvt ltd,ಇನೋವೇಟಿವ್ ಅಗ್ರೋ ಪ್ರೈವೇಟ್ ಲಿಮಿಟೆಡ್,ಇನ ವ ಟವ ಅಗರ ಪರ ವ ಟ ಲಮಟಡ,"No.1, Ground Floor, H I M Towers, 9Th Cross Kempegowd Layout Nageshwara Nagebahalli, Bangalore, Karnataka",no 1 ground floor h i m towers 9th cross kempegowd layout nageshwara nagebahalli bangalore karnataka,"Karnataka, BANGALORE, NO.1",karnataka bangalore no 1,INDIA,INDIA,['1'],['1'],latin,other,dba_trade_name_mismatch,13.043478260869568
S1-163747087,S3-302914388,Lotus Services Pvt Ltd,lotus services pvt ltd,लोटस सर्विसेज प्रा. लि.,ल टस सरव सज पर ल,"Floor-2Nd, 45/47, Silver Mansion, Dhanji Street, Zaveri Bazar Mumbadevi, Mandvi, Mumbai, Maharashtra, 17",floor 2nd 45 47 silver mansion dhanji street zaveri bazar mumbadevi mandvi mumbai maharashtra 17,"#141 17, Mumbai, MH",141 17 mumbai mh,INDIA,INDIA,"['45', '47', '17']","['141', '17']",latin,devanagari,cross_script_name,15.789473684210531
S1-163747087,S3-798193328,Lotus Services Pvt Ltd,lotus services pvt ltd,लोटस सर्विसेज प्रा. लि.,ल टस सरव सज पर ल,"Floor-2Nd, 45/47, Silver Mansion, Dhanji Street, Zaveri Bazar Mumbadevi, Mandvi, Mumbai, Maharashtra, 17",floor 2nd 45 47 silver mansion dhanji street zaveri bazar mumbadevi mandvi mumbai maharashtra 17,"#141 17, Mumbai, MH",141 17 mumbai mh,INDIA,INDIA,"['45', '47', '17']","['141', '17']",latin,devanagari,cross_script_name,15.789473684210531
S1-464518977,S2-882988803,Onyx Alpine LLC,onyx alpine llc,Jaxpyra,jaxpyra,"3212 59th Street, Seattle, WA",3212 59th street seattle wa,"59TH ST, SEATTLE, WA",59th street seattle wa,US,US,['3212'],[],latin,latin,dba_trade_name_mismatch,18.181818181818176
S1-981346708,S2-465848431,Shiva Foods Private Limited,shiva foods pvt ltd,శివ ఫుడ్స్ ప్రైవేట్ లిమిటెడ్,శవ ఫ డస పరవట లమటడ,"Villa No. 66, Kolla Luxurys, Masjid Banda, Serilingampally, Hyderabad, Telangana",villa no 66 kolla luxurys masjid banda serilingampally hyderabad telangana,"VILLA NO. 66, RANGAREDDY, HYDERABAD, తెలంగాణ",villa no 66 rangareddy hyderabad తల గణ,INDIA,INDIA,['66'],['66'],latin,telugu,cross_script_name,16.666666666666664
S1-492536604,S2-15424811,Urban Properties Pvt Ltd,urban properties pvt ltd,अर्बन प्रॉपर्टीज प्रा. लि.,अरबन पर परट ज पर ल,"Sno.25/8, Pune, Navecha Road, Nr. Durga, Pimple Gurav, Maharashtra, Pune",sno 25 8 pune navecha road nr durga pimple gurav maharashtra pune,"SNO.25/8, PUNE, Maharashtra",sno 25 8 pune maharashtra,INDIA,INDIA,"['25', '8']","['25', '8']",latin,devanagari,cross_script_name,14.28571428571429
S1-86014575,S2-316360946,Green Urban Food Pvt Ltd,green urban food pvt ltd,ग्रीन अर्बन फूड प्रा. लि.,गर न अरबन फड पर ल,"R-59 Greater Kailash-I, New Delhi, South Delhi, Delhi",rue 59 greater kailash i new delhi south delhi delhi,"R-59/4 GREATER KAILASH-I, NEW DELHI, SOUTH DELHI, Delhi",rue 59 4 greater kailash i new delhi south delhi delhi,INDIA,INDIA,['59'],"['59', '4']",latin,devanagari,cross_script_name,19.512195121951216
S1-627864371,S3-928852337,Oncology Associates LLC,oncology associates llc,Oncology Ansoadftas LLC,oncology ansoadftas llc,"708 Timber Lane, Midwest City, OK",708 timber lane midwest city ok,"708D Timber Lane, Midwest City, Oklahoma",708d timber lane midwest city oklahoma,US,US,['708'],[],latin,latin,address_only_relation,82.6086956521739
S1-866481061,S2-531279398,Indo Ventures Private Limited,indo ventures pvt ltd,ইন্দো ভেঞ্চারস প্রাইভেট লিমিটেড,ইনদ ভ ঞচ রস পর ইভ ট ল ম ট ড,"Flat 1C, Block B, Chinar Heights 46/3 Chinar Park, Kolkata, Kolkata, Howrah, West Bengal",flat 1c block b chinar heights 46 3 chinar park kolkata kolkata howrah west bengal,"FLAT 1C, BLOCK B, CHINAR HEIGHTS 46/3 CHINAR PARK, KOLKATA, CALCUTTA, HOWRAH, West Bengal",flat 1c block b chinar heights 46 3 chinar park kolkata calcutta howrah west bengal,INDIA,INDIA,"['46', '3']","['46', '3']",latin,bengali,cross_script_name,12.5
S1-618570184,S2-136216991,Advanced Barings,advanced barings,Advanced Baaidnsg,advanced baaidnsg,"107 Margin Street, Orono, ME",107 margin street orono me,,,US,US,['107'],[],latin,latin,missing_address_evidence,84.84848484848484
S1-772324975,S3-977786755,Eadie Richards Ace Signs Inc,eadie richards ace signs inc,eadierichardsacecom #91837,eadierichardsacecom 91837,"8323 Fordson Road, Henrico County, VA",8323 fordson road henrico county va,"8323a Fordson Road, Henrico County, Virginia",8323a fordson road henrico county virginia,US,US,['8323'],[],latin,latin,extreme_typo,64.15094339622642
S1-422772138,S2-44066783,Real Enterprises Private Limited,real enterprises pvt ltd,reprivate.com,reprivate com,"Shop No G 10, Parksyde Business Avenue, Nashik, Maharashtra",shop no g 10 parksyde business avenue nashik maharashtra,"SHOP NO G #10, NASHIK, Maharashtra",shop no g 10 nashik maharashtra,INDIA,INDIA,['10'],['10'],latin,latin,url_domain_issue,43.24324324324324
S1-422772138,S2-786010216,Real Enterprises Private Limited,real enterprises pvt ltd,रियल एंटरप्राइजेज प्राइवेट लिमिटेड,र यल एटरपर इजज पर इवट ल म टड,"Shop No G 10, Parksyde Business Avenue, Nashik, Maharashtra",shop no g 10 parksyde business avenue nashik maharashtra,"SHOP NO G #10, NASHIK, Maharashtra",shop no g 10 nashik maharashtra,INDIA,INDIA,['10'],['10'],latin,devanagari,cross_script_name,11.538461538461542
S1-599145787,S3-776147534,Samagra Electronics Private Limited,samagra electronics pvt ltd,Rizaquo,rizaquo,"11Th Main Road, Btm Layout, 1St Stage, Bangalore South, Bangalore, No 65, Karnataka",11th main road btm layout 1st stage bangalore south bangalore no 65 karnataka,"No 65, 11Th Main Road, Btm Layout, 1St Stage, Bangalore South, Bangalore, Karnataka",no 65 11th main road btm layout 1st stage bangalore south bangalore karnataka,INDIA,INDIA,['65'],['65'],latin,latin,dba_trade_name_mismatch,17.647058823529417
S1-218948566,S3-666592235,Vision Global Solutions Private Limited,vision global solutions pvt ltd,विजन ग्लोबल सॉल्यूशंस प्राइवेट लिमिटेड,व जन गल बल स लयशस पर इवट ल म टड,"Pune, Midc, Industrial Estate Bhosari, W51, Pune, Maharashtra",pune midc industrial estate bhosari w51 pune maharashtra,"Greater Bombay, MH, W51, Pune",greater bombay mh w51 pune,INDIA,INDIA,[],[],latin,devanagari,cross_script_name,12.903225806451612
S1-218948566,S2-454383040,Vision Global Solutions Private Limited,vision global solutions pvt ltd,विजन ग्लोबल सॉल्यूशंस प्राइवेट लिमिटेड,व जन गल बल स लयशस पर इवट ल म टड,"Pune, Midc, Industrial Estate Bhosari, W51, Pune, Maharashtra",pune midc industrial estate bhosari w51 pune maharashtra,"W0051, MIDC, INDUSTRIAL ESTATE BHOSARI, PUNE, Maharashtra",w0051 midc industrial estate bhosari pune maharashtra,INDIA,INDIA,[],[],latin,devanagari,cross_script_name,12.903225806451612
S1-262975311,S2-265468345,Global Trust LLC,global trust llc,Ectolyra,ectolyra,"Leominster, MA, Unit 4, 42 Main Street",leominster ma unit 4 42 main street,"62 MAIN SAINT, LEOMINSTER, MA",62 main saint leominster ma,US,US,"['4', '42']",['62'],latin,latin,dba_trade_name_mismatch,25.0
S1-669413769,S2-805282132,First Investment Private Limited,first investment pvt ltd,ফার্স্ট ইনভেস্টমেন্ট প্রাইভেট লিমিটেড,ফ রসট ইনভ সটম নট পর ইভ ট ল ম ট ড,"57B, Purna Das Road, Kolkata, Howrah, West Bengal",57b purna das road kolkata howrah west bengal,"5-7B, KOLKATA, পশ্চিমবঙ্গ",5 7b kolkata পশচ মবঙগ,INDIA,INDIA,[],['5'],latin,bengali,cross_script_name,10.71428571428571
S1-169108778,S2-650989582,Smart Industries Private Limited,smart industries pvt ltd,स्मार्ट इंडस्ट्रीज प्राइवेट लिमिटेड,सम रट इडसटर ज पर इवट ल म टड,"Delhi, South Delhi, New Delhi, Omaxe, Square, Plot No.14, Jasola District Center, Unit No. Ff-48A",delhi south delhi new delhi omaxe square plot no 14 jasola district center unit no ff 48a,"UNIT NO. FF-048A, SOUTH DELHI, NEW DELHI, Delhi",unit no ff 048a south delhi new delhi delhi,INDIA,INDIA,['14'],[],latin,devanagari,cross_script_name,11.764705882352944
S1-898279595,S3-9435354,Star Enterprises Pvt Ltd,star enterprises pvt ltd,स्टार एंटरप्राइजेज प्रा. लि.,सट र एटरपर इजज पर ल,"North Delhi, Delhi, 26, Prem Niwas Malkaganj Road, Delhi",north delhi delhi 26 prem niwas malkaganj road delhi,"26, Delhi, North Delhi, DL",26 delhi north delhi dl,INDIA,INDIA,['26'],['26'],latin,devanagari,cross_script_name,13.953488372093027
S1-898279595,S2-72739055,Star Enterprises Pvt Ltd,star enterprises pvt ltd,स्टार एंटरप्राइजेज प्रा. लि.,सट र एटरपर इजज पर ल,"North Delhi, Delhi, 26, Prem Niwas Malkaganj Road, Delhi",north delhi delhi 26 prem niwas malkaganj road delhi,"DELHI, 26, NORTH DELHI",delhi 26 north delhi,INDIA,INDIA,['26'],['26'],latin,devanagari,cross_script_name,13.953488372093027
S1-388325812,S3-197262044,Slate Inc,slate inc,Sagre Inc,sagre inc,"1930 Fawn Drive, Cheltenham Township, PA",1930 fawn drive cheltenham township pa,"Fawn Drive, Glenside, Pennsylvania",fawn drive glenside pennsylvania,US,US,['1930'],[],latin,latin,other_mismatch,77.77777777777779
S1-399029451,S3-900851502,Global Builders Private Limited,global builders pvt ltd,ग्लोबल बिल्डर्स प्राइवेट लिमिटेड,गल बल ब लडरस पर इवट ल म टड,"4805/24 Fourth Floor Pvt-2, 24.Bharat Ram Road Darya Ganj, Delhi, Central Delhi, Delhi",4805 24 fourth floor pvt 2 24 bharat ram road darya ganj delhi central delhi delhi,"805/24 Fourth Floor Pvt-2, Central Delhi, Delhi, DL",805 24 fourth floor pvt 2 central delhi delhi dl,INDIA,INDIA,"['4805', '24', '2', '24']","['805', '24', '2']",latin,devanagari,cross_script_name,12.244897959183676
S1-76214334,S2-891478267,One Super Energy Private Limited,one super energy pvt ltd,वन सुपर एनर्जी प्राइवेट लिमिटेड,वन सपर एनरज पर इवट ल म टड,"95 Shri Siddhivinayak Res, Khedapati Mandir Ab Road, Indore, Madhya Pradesh",95 shri siddhivinayak res khedapati mandir ab road indore madhya pradesh,"95 SHRI SIDDHIVINAYAK RES, INDORE, Madhya Pradesh",95 shri siddhivinayak res indore madhya pradesh,INDIA,INDIA,['95'],['95'],latin,devanagari,cross_script_name,16.326530612244895
S1-829348020,S2-708805610,All Management Limited,all management ltd,ALL MTANIAEGMBNT LIMITED,all mtaniaegmbnt ltd,"52-12-1 Rajendra Nagar, Rajahmundry, Guntur, Andhra Pradesh",52 12 1 rajendra nagar rajahmundry guntur andhra pradesh,,,INDIA,INDIA,"['52', '12', '1']",[],latin,latin,missing_address_evidence,84.21052631578947
S1-829348020,S2-19151888,All Management Limited,all management ltd,ఆల్ మేనేజ్‌మెంట్ లిమిటెడ్,ఆల మనజ మ ట లమటడ,"52-12-1 Rajendra Nagar, Rajahmundry, Guntur, Andhra Pradesh",52 12 1 rajendra nagar rajahmundry guntur andhra pradesh,"#54-12-1 RAJENDRA NAGAR, RAJAMAHENDRAVARAM, GUNTUR, ఆంధ్రప్రదేశ్",54 12 1 rajendra nagar rajamahendravaram guntur ఆ ధరపరదశ,INDIA,INDIA,"['52', '12', '1']","['54', '12', '1']",latin,telugu,cross_script_name,12.121212121212121
S1-20679780,S3-354586828,Red Power LLP,red power llp,ரெட் பவர் எல்எல்பி,ர ட பவர எலஎலப,"No.47, 86Th Street, Kanniappa Nagar Ashok Nagar, Chennai, Tamil Nadu",no 47 86th street kanniappa nagar ashok nagar chennai tamil nadu,"#47, Chennai, தமிழ்நாடு",47 chennai தம ழந ட,INDIA,INDIA,['47'],['47'],latin,tamil,cross_script_name,15.384615384615385
S1-808699530,S2-322687598,Southern Constructions Private Limited,southern constructions pvt ltd,സതേൺ കൺസ്ട്രക്ഷൻസ് പ്രൈവറ്റ് ലിമിറ്റഡ്,സത ൺ കൺസടരകഷൻസ പര വററ ല മ ററഡ,"Gnra 28, Gandhi Nagar Lane Kodunganoor, Vattiyoorkavu, Thiruvananthapuram, Trivandrum, Kerala",gnra 28 gandhi nagar lane kodunganoor vattiyoorkavu thiruvananthapuram trivandrum kerala,"GNRA 28, THIRUVANANTHAPURAM, TRIVANDRUM, Kerala",gnra 28 thiruvananthapuram trivandrum kerala,INDIA,INDIA,['28'],['28'],latin,other,dba_trade_name_mismatch,10.169491525423723
S1-127835134,S2-766422897,Allied Fund LLC,allied fund llc,Orbiveonovi,orbiveonovi,"5 Ayr Court, Nottingham, MD",5 ayr court nottingham md,"##5 AYR CT, NOTTINGHAM, MD",5 ayr court nottingham md,US,US,['5'],['5'],latin,latin,dba_trade_name_mismatch,23.076923076923073
S1-768057805,S2-734308745,EL Lincoln,el lincoln,Nexkelo,nexkelo,"102 Union Avenue, Mountain View, AR",102 union avenue mountain view ar,"AR, UNION AVENUE, MOUNTAIN VIEW",ar union avenue mountain view,US,US,['102'],[],latin,latin,dba_trade_name_mismatch,35.29411764705882
S1-402237262,S2-434645159,Real Hospitality Private Limited,real hospitality pvt ltd,ರಿಯಲ್ ಹಾಸ್ಪಿಟಾಲಿಟಿ ಪ್ರೈವೇಟ್ ಲಿಮಿಟೆಡ್,ರಯಲ ಹ ಸಪಟ ಲಟ ಪರ ವ ಟ ಲಮಟಡ,"Karnataka, Ithiel Complex, 3Rd Main, 2Nd Cross, Kacharakanahalli, St Thomas Town Post, No.1, Bangalore",karnataka ithiel complex 3rd main 2nd cross kacharakanahalli street thomas town post no 1 bangalore,"NO.A-1, BANGALORE, Karnataka",no a 1 bangalore karnataka,INDIA,INDIA,['1'],['1'],latin,other,dba_trade_name_mismatch,12.5
S1-402237262,S2-981803489,Real Hospitality Private Limited,real hospitality pvt ltd,ರಿಯಲ್ ಹಾಸ್ಪಿಟಾಲಿಟಿ ಪ್ರೈವೇಟ್ ಲಿಮಿಟೆಡ್,ರಯಲ ಹ ಸಪಟ ಲಟ ಪರ ವ ಟ ಲಮಟಡ,"Karnataka, Ithiel Complex, 3Rd Main, 2Nd Cross, Kacharakanahalli, St Thomas Town Post, No.1, Bangalore",karnataka ithiel complex 3rd main 2nd cross kacharakanahalli street thomas town post no 1 bangalore,"NO A-1, BANGALORE, Karnataka",no a 1 bangalore karnataka,INDIA,INDIA,['1'],['1'],latin,other,dba_trade_name_mismatch,12.5
S1-402237262,S3-569214031,Real Hospitality Private Limited,real hospitality pvt ltd,ರಿಯಲ್ ಹಾಸ್ಪಿಟಾಲಿಟಿ ಪ್ರೈವೇಟ್ ಲಿಮಿಟೆಡ್,ರಯಲ ಹ ಸಪಟ ಲಟ ಪರ ವ ಟ ಲಮಟಡ,"Karnataka, Ithiel Complex, 3Rd Main, 2Nd Cross, Kacharakanahalli, St Thomas Town Post, No.1, Bangalore",karnataka ithiel complex 3rd main 2nd cross kacharakanahalli street thomas town post no 1 bangalore,"No.1, Bangalore, ಕರ್ನಾಟಕ",no 1 bangalore ಕರನ ಟಕ,INDIA,INDIA,['1'],['1'],latin,other,dba_trade_name_mismatch,12.5
S1-203925563,S2-708565859,Balaji Impex,balaji impex,বালাজি ইম্পেক্স,ব ল জ ইমপ কস,"Kolkata, 3/29/1, Howrah, Bl C, Fl 320H 202, Jessore Road, North 24 Pgs, West Bengal",kolkata 3 29 1 howrah bl c floor 320h 202 jessore road north 24 pgs west bengal,"3/29/1, West Bengal, DUMDUM",3 29 1 west bengal dumdum,INDIA,INDIA,"['3', '29', '1', '202', '24']","['3', '29', '1']",latin,bengali,cross_script_name,8.333333333333337
S1-203925563,S3-613575535,Balaji Impex,balaji impex,বালাজি ইম্পেক্স,ব ল জ ইমপ কস,"Kolkata, 3/29/1, Howrah, Bl C, Fl 320H 202, Jessore Road, North 24 Pgs, West Bengal",kolkata 3 29 1 howrah bl c floor 320h 202 jessore road north 24 pgs west bengal,"Howrah, 3/29/1, WB",howrah 3 29 1 wb,INDIA,INDIA,"['3', '29', '1', '202', '24']","['3', '29', '1']",latin,bengali,cross_script_name,8.333333333333337
S1-203925563,S2-719558106,Balaji Impex,balaji impex,Dovazeph,dovazeph,"Kolkata, 3/29/1, Howrah, Bl C, Fl 320H 202, Jessore Road, North 24 Pgs, West Bengal",kolkata 3 29 1 howrah bl c floor 320h 202 jessore road north 24 pgs west bengal,"West Bengal, DUMDUM, 3/29/1",west bengal dumdum 3 29 1,INDIA,INDIA,"['3', '29', '1', '202', '24']","['3', '29', '1']",latin,latin,dba_trade_name_mismatch,19.999999999999996
S1-357344139,S2-837300598,Holy Israel,holy israel,Holy [Center],holy center,"Fair Oaks, CA, 5337 Sunrise Boulevard",fair oaks ca 5337 sunrise boulevard,"SUNRISE BLVD, FAIR OAKS, CA",sunrise boulevard fair oaks ca,US,US,['5337'],[],latin,latin,extreme_typo,54.54545454545454
S1-299370956,S2-82445009,Arihant Construction Limited,arihant construction ltd,అరిహంత్ కన్‌స్ట్రక్షన్ లిమిటెడ్,అరహ త కన సటరకషన లమటడ,"Door No. 50/2, Thokara, Visakhapatnam, Visakhapatnam, Vishakhapatnam, Andhra Pradesh",no 50 2 thokara visakhapatnam visakhapatnam vishakhapatnam andhra pradesh,"DOOR NO. 50/2, NULL, VISAKHAPATNAM, VISHAKHAPATNAM, ఆంధ్రప్రదేశ్",no 50 2 visakhapatnam vishakhapatnam ఆ ధరపరదశ,INDIA,INDIA,"['50', '2']","['50', '2']",latin,telugu,cross_script_name,9.090909090909093
S1-746998714,S3-403266982,Shyam Swastik Investments Pvt Ltd,shyam swastik investments pvt ltd,श्याम स्वस्तिक इन्वेस्टमेंट्स प्रा. लि.,शय म सवसत क इनवसटमटस पर ल,"Block 2A & 2B, Dlf Corporate Park, Dlf City Phase Iii, M.G. Road, Gurgaon, Haryana, India., Dlf Qe, Gurgaon, Haryana",block 2a 2b dlf corporate park dlf city phase iii m g road gurgaon haryana india dlf qe gurgaon haryana,"Block 2A & 2B, Mg Road, Gurgaon, HR",block 2a 2b mg road gurgaon hr,INDIA,INDIA,[],[],latin,devanagari,cross_script_name,13.793103448275868
S1-975229569,S3-603710587,"Better Software Services, LLC",better software services llc,Quoriza,quoriza,"8 Knollridge Road, Asheville, NC",8 knollridge road asheville nc,"Knollridge Rd, Candler, North Carolina",knollridge road candler north carolina,US,US,['8'],[],latin,latin,other_mismatch,17.14285714285714
S1-933285852,S3-556407000,Merois Management PLLC,merois management pllc,Yumaarctavo,yumaarctavo,"Decatur, AL, 223 5th Avenue",decatur al 223 5th avenue,"Decatur, Alabama, 151 5th Ave",decatur alabama 151 5th avenue,US,US,['223'],['151'],latin,latin,address_only_relation,24.242424242424242
S1-868349363,S2-323981818,Red Care LLP,red care llp,रेड केयर एलएलपी,रड कयर एलएलप,"Kashi Kunj Shop No-3 Sv Road Malad West Mumbai, Mumbai, Maharashtra, Mumbai City",kashi kunj shop no 3 sv road malad west mumbai mumbai maharashtra mumbai city,"KASHI KUNJ SHOP NO-03 SV ROAD MALAD WEST MUMBAI, MUMBAI CITY, MUMBAI, Maharashtra",kashi kunj shop no 03 sv road malad west mumbai mumbai city mumbai maharashtra,INDIA,INDIA,['3'],['03'],latin,devanagari,cross_script_name,16.666666666666664
S1-868349363,S2-258002231,Red Care LLP,red care llp,रेड केयर एलएलपी,रड कयर एलएलप,"Kashi Kunj Shop No-3 Sv Road Malad West Mumbai, Mumbai, Maharashtra, Mumbai City",kashi kunj shop no 3 sv road malad west mumbai mumbai maharashtra mumbai city,"KASHI KUNJ SHOP NO-03 SV ROAD MALAD WEST MUMBAI, MUMBAI, MUMBAI CITY, Maharashtra",kashi kunj shop no 03 sv road malad west mumbai mumbai mumbai city maharashtra,INDIA,INDIA,['3'],['03'],latin,devanagari,cross_script_name,16.666666666666664
S1-868349363,S3-848282442,Red Care LLP,red care llp,रेड केयर एलएलपी,रड कयर एलएलप,"Kashi Kunj Shop No-3 Sv Road Malad West Mumbai, Mumbai, Maharashtra, Mumbai City",kashi kunj shop no 3 sv road malad west mumbai mumbai maharashtra mumbai city,"#186 Kashi Kunj Shop No-3 Sv Road Malad West Mumbai, Mumbai City, Mumbai, MH",186 kashi kunj shop no 3 sv road malad west mumbai mumbai city mumbai mh,INDIA,INDIA,['3'],"['186', '3']",latin,devanagari,cross_script_name,16.666666666666664
S1-979153386,S2-223712261,South Agro Private Limited,south agro pvt ltd,সাউথ অ্যাগ্রো প্রাইভেট লিমিটেড,স উথ অয গর পর ইভ ট ল ম ট ড,"3Rd Floor, Fl-4A, 5, Deshbandhu Road, (E) Lp-425, Kolkata, Parganas North, West Bengal",3rd floor floor 4a 5 deshbandhu road e lp 425 kolkata parganas north west bengal,"NO 3RD. FLOOR, PARGANAS NORTH, KOLKATA, West Bengal",no 3rd floor parganas north kolkata west bengal,INDIA,INDIA,"['5', '425']",[],latin,bengali,cross_script_name,13.636363636363635
S1-384128644,S2-372545689,Star Services Private Limited,star services pvt ltd,ஸ்டார் சர்வீசஸ் பிரைவேட் லிமிடெட்,ஸட ர சரவசஸ ப ர வ ட ல ம ட ட,"Chennai, Tamil Nadu, Chennai, Purasawalkkam High Road, 102/1",chennai tamil nadu chennai purasawalkkam high road 102 1,"DOOR NO 63 102/1, PURASAWALKKAM HIGH ROAD, CHENNAI, தமிழ்நாடு",no 63 102 1 purasawalkkam high road chennai தம ழந ட,INDIA,INDIA,"['102', '1']","['63', '102', '1']",latin,tamil,cross_script_name,12.765957446808507
S1-449643256,S3-463040798,Ss Solutions Private Limited,ss solutions pvt ltd,எஸ்எஸ் சொல்யூஷன்ஸ் பிரைவேட் லிமிடெட்,எஸஎஸ ச லய ஷனஸ ப ர வ ட ல ம ட ட,"Oz-11/4, Sipcot, Hi-Tech Sez, Oragadam, Sriperumbudur Taluk, Kancheepuram Distri, Ct, Sriperumbudur, Tiruvallur, Tamil Nadu",oz 11 4 sipcot hi tech sez oragadam sriperumbudur taluk kancheepuram distri court sriperumbudur tiruvallur tamil nadu,"Oz-11/4, Kanchipuram, TN",oz 11 4 kanchipuram tn,INDIA,INDIA,"['11', '4']","['11', '4']",latin,tamil,cross_script_name,12.244897959183676
S1-449643256,S3-520258650,Ss Solutions Private Limited,ss solutions pvt ltd,எஸ்எஸ் சொல்யூஷன்ஸ் பிரைவேட் லிமிடெட்,எஸஎஸ ச லய ஷனஸ ப ர வ ட ல ம ட ட,"Oz-11/4, Sipcot, Hi-Tech Sez, Oragadam, Sriperumbudur Taluk, Kancheepuram Distri, Ct, Sriperumbudur, Tiruvallur, Tamil Nadu",oz 11 4 sipcot hi tech sez oragadam sriperumbudur taluk kancheepuram distri court sriperumbudur tiruvallur tamil nadu,"Oz-11/4, Kanchipuram, தமிழ்நாடு",oz 11 4 kanchipuram தம ழந ட,INDIA,INDIA,"['11', '4']","['11', '4']",latin,tamil,cross_script_name,12.244897959183676
S1-449643256,S2-117159346,Ss Solutions Private Limited,ss solutions pvt ltd,எஸ்எஸ் சொல்யூஷன்ஸ் பிரைவேட் லிமிடெட்,எஸஎஸ ச லய ஷனஸ ப ர வ ட ல ம ட ட,"Oz-11/4, Sipcot, Hi-Tech Sez, Oragadam, Sriperumbudur Taluk, Kancheepuram Distri, Ct, Sriperumbudur, Tiruvallur, Tamil Nadu",oz 11 4 sipcot hi tech sez oragadam sriperumbudur taluk kancheepuram distri court sriperumbudur tiruvallur tamil nadu,"Tamil Nadu, SRIPERUMBUDUR, OZ-C-11/4, TIRUVALLUR",tamil nadu sriperumbudur oz c 11 4 tiruvallur,INDIA,INDIA,"['11', '4']","['11', '4']",latin,tamil,cross_script_name,12.244897959183676
S1-722985117,S2-906320276,Innovative Exports Private Limited,innovative exports pvt ltd,ಇನೋವೇಟಿವ್ ಎಕ್ಸ್‌ಪೋರ್ಟ್ಸ್ ಪ್ರೈವೇಟ್ ಲಿಮಿಟೆಡ್,ಇನ ವ ಟವ ಎಕಸ ಪ ರಟಸ ಪರ ವ ಟ ಲಮಟಡ,"No.16/2, Survey No.13/2, 2Nd Cross, Raghuvanahalli, Bangalore South, Bangalore, Karnataka",no 16 2 survey no 13 2 2nd cross raghuvanahalli bangalore south bangalore karnataka,"NO.16/2, BENGALURU URBAN, BANGALORE, Karnataka",no 16 2 bengaluru urban bangalore karnataka,INDIA,INDIA,"['16', '2', '13', '2']","['16', '2']",latin,other,dba_trade_name_mismatch,10.909090909090914
S1-534731343,S3-397126540,Big Solutions Private Limited,big solutions pvt ltd,ಬಿಗ್ ಸೊಲ್ಯೂಷನ್ಸ್ ಪ್ರೈವೇಟ್ ಲಿಮಿಟೆಡ್,ಬಗ ಸ ಲಯ ಷನಸ ಪರ ವ ಟ ಲಮಟಡ,"L21, Zonesha Elegance, Dinne Anjaneya Swamp Temple Rd, Off Haralur Rd, Bangalore, Karnataka",l21 zonesha elegance dinne anjaneya swamp temple road off haralur road bangalore karnataka,"L21, Bangalore, ಕರ್ನಾಟಕ",l21 bangalore ಕರನ ಟಕ,INDIA,INDIA,[],[],latin,other,address_only_relation,13.636363636363635
S1-344907589,S2-563486164,Ge Institute,ge institute,Ge-Insittfte,ge insittfte,"Delhi, Cottage Road Adarsh Nagar, D-12, Delhi",delhi cottage road adarsh nagar d 12 delhi,"D-12, DELHI, COTTAGE ROAD ADARSH NAGAR, Delhi",d 12 delhi cottage road adarsh nagar delhi,INDIA,INDIA,['12'],['12'],latin,latin,address_only_relation,83.33333333333334
S1-251550490,S2-239923766,Guru Alpha Services Limited,guru alpha services ltd,गुरु अल्फा सर्विसेज लिमिटेड,गर अलफ सरव सज ल म टड,"Kotia Nirman Building - A-Side, Veera Desai Road, Shah Ind. Estate, Off New Link Road, Andh, Eri (West), Mumbai, Maharashtra",kotia nirman building a side veera desai road shah ind estate off new link road andh eri west mumbai maharashtra,"KTIA NIRMAN BUILDING - A-SIDE, ERI (WEST), MUMBAI, महाराष्ट्र",ktia nirman building a side eri west mumbai मह र षटर,INDIA,INDIA,[],[],latin,devanagari,cross_script_name,13.953488372093027
S1-16541529,S2-986614014,Shyam Projects Private Limited,shyam projects pvt ltd,શ્યામ પ્રોજેક્ટ્સ પ્રાઇવેટ લિમિટેડ,શય મ પર જકટસ પર ઇવટ લ મ ટડ,"Surat, Gujarat, Surat, Shiv Shakti Ind. Estate, Vill. Sanki, Ta. Palsana, Dist, Plot No. 72 To 76",surat gujarat surat shiv shakti ind estate vill sanki ta palsana dist plot no 72 to 76,"PLOT NO. 72 TO 76, SURAT, Gujarat",plot no 72 to 76 surat gujarat,INDIA,INDIA,"['72', '76']","['72', '76']",latin,other,dba_trade_name_mismatch,12.5
S1-511010319,S2-835789903,Baba Balaji Investments Private Limited,baba balaji investments pvt ltd,బాబా బాలాజీ ఇన్వెస్ట్‌మెంట్స్ ప్రైవేట్ లిమిటెడ్,బబ బలజ ఇనవసట మ టస పరవట లమటడ,"Third Floor-3A, Plot No -98&99 Lumbini Lay Out, Gachibowli, Serilingamp, Ally, Hyderabad, Telangana",third floor 3a plot no 98 99 lumbini lay out gachibowli serilingamp ally hyderabad telangana,"HN 396 THIRD FLOOR-3A, HDERABAD, ALLY, Telangana",hn 396 third floor 3a hderabad ally telangana,INDIA,INDIA,"['98', '99']",['396'],latin,telugu,cross_script_name,13.793103448275868
S1-511010319,S2-786661426,Baba Balaji Investments Private Limited,baba balaji investments pvt ltd,బాబా బాలాజీ ఇన్వెస్ట్‌మెంట్స్ ప్రైవేట్ లిమిటెడ్,బబ బలజ ఇనవసట మ టస పరవట లమటడ,"Third Floor-3A, Plot No -98&99 Lumbini Lay Out, Gachibowli, Serilingamp, Ally, Hyderabad, Telangana",third floor 3a plot no 98 99 lumbini lay out gachibowli serilingamp ally hyderabad telangana,"HN 396 THIRD FLOOR-3A, HDERABAD, ALLY, Telangana",hn 396 third floor 3a hderabad ally telangana,INDIA,INDIA,"['98', '99']",['396'],latin,telugu,cross_script_name,13.793103448275868
S1-732307284,S2-632036832,Alpha Logistics Limited,alpha logistics ltd,अल्फा लॉजिस्टिक्स लिमिटेड,अलफ ल ज सट कस ल म टड,"Office No Ff231, Gaur City Center Sector-4, Gautam Buddha Nagar, Uttar Pradesh",office no ff231 gaur city center sector 4 gautam buddha nagar uttar pradesh,"OFFICE NO FFG-231, GAUR CITY CENTER SECTOR-4, GAUTAM BUDDHA NAGAR, उत्तर प्रदेश",office no ffg 231 gaur city center sector 4 gautam buddha nagar उततर परदश,INDIA,INDIA,['4'],"['231', '4']",latin,devanagari,cross_script_name,10.256410256410254
S1-525822765,S2-790733788,Yamuaksh Homes Private Limited,yamuaksh homes pvt ltd,Irivio,irivio,"Coimbatore, 3 Athipalayam Road, Coimbatore, Tamil Nadu, Chinnavedampatty",coimbatore 3 athipalayam road coimbatore tamil nadu chinnavedampatty,"#1 ATHIPALAYAM ROAD, COIMBATORE, Tamil Nadu",1 athipalayam road coimbatore tamil nadu,INDIA,INDIA,['3'],['1'],latin,latin,dba_trade_name_mismatch,7.14285714285714
S1-373692986,S3-925655520,Ntech Turn Private Limited,ntech turn pvt ltd,Brixarc,brixarc,"Mumbai City, Mumbai, Maharashtra, K.P. Restaurant, Crystal Plaza, Near Link Road, Andheri (West)",mumbai city mumbai maharashtra k p restaurant crystal plaza near link road andheri west,"No. 46 K.p. Restaurant, Crystal Plaza, Near Link Road, Andheri (West), Mumbai, Mumbai City, महाराष्ट्र",no 46 k p restaurant crystal plaza near link road andheri west mumbai mumbai city मह र षटर,INDIA,INDIA,[],['46'],latin,latin,dba_trade_name_mismatch,7.9999999999999964
S1-692594454,S2-312050097,Royal Consultancy Limited,royal consultancy ltd,ROYAL CONUSRTAY LIMITED,royal conusrtay ltd,"Siddhi Ground Floor, Plot No.14 15Th Road Khar (W), Mumbai, Maharashtra",siddhi ground floor plot no 14 15th road khar w mumbai maharashtra,,,INDIA,INDIA,['14'],[],latin,latin,missing_address_evidence,85.0
S1-890009542,S2-932187797,SJ Ace Vendome Inc,sj ace vendome inc,#sjace,sjace,"60 Uneeda Street, Madison, WV",60 uneeda street madison wv,"UNEEDA STREET, MADISON, WV",uneeda street madison wv,US,US,['60'],[],latin,latin,extreme_typo,43.47826086956522
S1-901086958,S3-275295888,Baba Foods Private Limited,baba foods pvt ltd,Lyraecto,lyraecto,"A-101, Unique Towers, Pratap Nagar, Sector 26, Jaipur, Rajasthan",a 101 unique towers pratap nagar sector 26 jaipur rajasthan,"Jaipur, Unique Towers, Pratap Nagar, Sector 26, Jaipur, A-101, Rajasthan",jaipur unique towers pratap nagar sector 26 jaipur a 101 rajasthan,INDIA,INDIA,"['101', '26']","['26', '101']",latin,latin,dba_trade_name_mismatch,15.384615384615385
S1-901086958,S2-631214896,Baba Foods Private Limited,baba foods pvt ltd,बाबा फूड्स प्राइवेट लिमिटेड,ब ब फडस पर इवट ल म टड,"A-101, Unique Towers, Pratap Nagar, Sector 26, Jaipur, Rajasthan",a 101 unique towers pratap nagar sector 26 jaipur rajasthan,"JAIPUR, Rajasthan, UNIQUE TOWERS, PRATAP NAGAR, SECTOR 26, JAIPUR, A-101",jaipur rajasthan unique towers pratap nagar sector 26 jaipur a 101,INDIA,INDIA,"['101', '26']","['26', '101']",latin,devanagari,cross_script_name,15.384615384615385
S1-901086958,S2-938234474,Baba Foods Private Limited,baba foods pvt ltd,बाबा फूड्स प्राइवेट लिमिटेड,ब ब फडस पर इवट ल म टड,"A-101, Unique Towers, Pratap Nagar, Sector 26, Jaipur, Rajasthan",a 101 unique towers pratap nagar sector 26 jaipur rajasthan,"JAIPUR, A-101, Rajasthan",jaipur a 101 rajasthan,INDIA,INDIA,"['101', '26']",['101'],latin,devanagari,cross_script_name,15.384615384615385
S1-335576235,S2-757956582,Hari Solutions Limited,hari solutions ltd,हरि सॉल्यूशंस लिमिटेड,हर स लयशस ल म टड,"301, 3Rdfloor, Marvelalaina, Laneno.5, Koregaonpark, Pune, Maharashtra",301 3rdfloor marvelalaina laneno 5 koregaonpark pune maharashtra,"301, PUNE, महाराष्ट्र",301 pune मह र षटर,INDIA,INDIA,"['301', '5']",['301'],latin,devanagari,cross_script_name,11.764705882352944
S1-335576235,S2-976123764,Hari Solutions Limited,hari solutions ltd,हरि सॉल्यूशंस लिमिटेड,हर स लयशस ल म टड,"301, 3Rdfloor, Marvelalaina, Laneno.5, Koregaonpark, Pune, Maharashtra",301 3rdfloor marvelalaina laneno 5 koregaonpark pune maharashtra,"PUNE, Maharashtra, PUNE, 301",pune maharashtra pune 301,INDIA,INDIA,"['301', '5']",['301'],latin,devanagari,cross_script_name,11.764705882352944
S1-335576235,S3-42549227,Hari Solutions Limited,hari solutions ltd,हरि सॉल्यूशंस लिमिटेड,हर स लयशस ल म टड,"301, 3Rdfloor, Marvelalaina, Laneno.5, Koregaonpark, Pune, Maharashtra",301 3rdfloor marvelalaina laneno 5 koregaonpark pune maharashtra,"301, N/A, Pune, MH",301 n a pune mh,INDIA,INDIA,"['301', '5']",['301'],latin,devanagari,cross_script_name,11.764705882352944
S1-587107442,S3-383257895,Digital Healthcare Private Limited,digital healthcare pvt ltd,Digital ಹೆಲ್ತ್‌ಕೇರ್ ಪ್ರೈವೇಟ್ ಲಿಮಿಟೆಡ್,digital ಹಲತ ಕ ರ ಪರ ವ ಟ ಲಮಟಡ,"No. 1528, 2Nd Floor, 3Rd Cross, Opp G.S.S School, 2Nd Block, Hbr Layout, Bangalore, Karnataka",no 1528 2nd floor 3rd cross opp g s s school 2nd block hbr layout bangalore karnataka,"No. 01528, 2Nd Floor, 3Rd Cross, Opp G.s.s School, 2Nd Block, Hbr Layout, Bangalore, KA",no 01528 2nd floor 3rd cross opp g s s school 2nd block hbr layout bangalore ka,INDIA,INDIA,['1528'],['01528'],latin,mixed_latin_other,dba_trade_name_mismatch,37.735849056603776
S1-587107442,S2-664925321,Digital Healthcare Private Limited,digital healthcare pvt ltd,ಡಿಜಿಟಲ್ ಹೆಲ್ತ್‌ಕೇರ್ ಪ್ರೈವೇಟ್ ಲಿಮಿಟೆಡ್,ಡಜಟಲ ಹಲತ ಕ ರ ಪರ ವ ಟ ಲಮಟಡ,"No. 1528, 2Nd Floor, 3Rd Cross, Opp G.S.S School, 2Nd Block, Hbr Layout, Bangalore, Karnataka",no 1528 2nd floor 3rd cross opp g s s school 2nd block hbr layout bangalore karnataka,"NO., BANGALORE, Karnataka",no bangalore karnataka,INDIA,INDIA,['1528'],[],latin,other,address_only_relation,12.0
S1-587107442,S2-734571558,Digital Healthcare Private Limited,digital healthcare pvt ltd,ಡಿಜಿಟಲ್ ಹೆಲ್ತ್‌ಕೇರ್ ಪ್ರೈವೇಟ್ ಲಿಮಿಟೆಡ್,ಡಜಟಲ ಹಲತ ಕ ರ ಪರ ವ ಟ ಲಮಟಡ,"No. 1528, 2Nd Floor, 3Rd Cross, Opp G.S.S School, 2Nd Block, Hbr Layout, Bangalore, Karnataka",no 1528 2nd floor 3rd cross opp g s s school 2nd block hbr layout bangalore karnataka,"H.NO, BANGALORE, Karnataka",no bangalore karnataka,INDIA,INDIA,['1528'],[],latin,other,address_only_relation,12.0
S1-643318152,S2-276570121,Dynamic Global Private Limited,dynamic global pvt ltd,डायनामिक ग्लोबल प्राइवेट लिमिटेड,ड यन म क गल बल पर इवट ल म टड,"308, Apra North Ex Plaza, Plot No.H-2, Netaji Subhash Place Pitamp, Ura, Delhi, North Delhi, Delhi",308 apra north ex plaza plot no h 2 netaji subhash place pitamp ura delhi north delhi delhi,"08, NORTH DELHI, DELHI, दिल्ली",08 north delhi delhi द लल,INDIA,INDIA,"['308', '2']",['08'],latin,devanagari,cross_script_name,12.0
S1-674438455,S3-402663190,Om Foundation Private Limited,om foundation pvt ltd,ಓಂ ಫೌಂಡೇಶನ್ ಪ್ರೈವೇಟ್ ಲಿಮಿಟೆಡ್,ಓ ಫ ಡ ಶನ ಪರ ವ ಟ ಲಮಟಡ,"No-34, 3Rd Cross, Dollar Colony Rmv 2Nd Stage, Bangalore, Karnataka",no 34 3rd cross dollar colony rmv 2nd stage bangalore karnataka,"No-34, Bangalore, KA",no 34 bangalore ka,INDIA,INDIA,['34'],['34'],latin,other,dba_trade_name_mismatch,14.634146341463417
S1-674438455,S2-36323358,Om Foundation Private Limited,om foundation pvt ltd,ಓಂ ಫೌಂಡೇಶನ್ ಪ್ರೈವೇಟ್ ಲಿಮಿಟೆಡ್,ಓ ಫ ಡ ಶನ ಪರ ವ ಟ ಲಮಟಡ,"No-34, 3Rd Cross, Dollar Colony Rmv 2Nd Stage, Bangalore, Karnataka",no 34 3rd cross dollar colony rmv 2nd stage bangalore karnataka,"NO-##34, 3RD CROSS, DOLLAR COLONY RMV 2ND STAGE, BANGALORE, Karnataka",no 34 3rd cross dollar colony rmv 2nd stage bangalore karnataka,INDIA,INDIA,['34'],['34'],latin,other,dba_trade_name_mismatch,14.634146341463417
S1-674438455,S2-984373856,Om Foundation Private Limited,om foundation pvt ltd,ಓಂ ಫೌಂಡೇಶನ್ ಪ್ರೈವೇಟ್ ಲಿಮಿಟೆಡ್,ಓ ಫ ಡ ಶನ ಪರ ವ ಟ ಲಮಟಡ,"No-34, 3Rd Cross, Dollar Colony Rmv 2Nd Stage, Bangalore, Karnataka",no 34 3rd cross dollar colony rmv 2nd stage bangalore karnataka,"3RD CROSS, DOLLAR COLONY RMV 2ND STAGE, BANGALORE, NO-##34, Karnataka",3rd cross dollar colony rmv 2nd stage bangalore no 34 karnataka,INDIA,INDIA,['34'],['34'],latin,other,dba_trade_name_mismatch,14.634146341463417
S1-214432606,S2-215568005,Red Builders Private Limited,red builders pvt ltd,रेड बिल्डर्स प्राइवेट लिमिटेड,रड ब लडरस पर इवट ल म टड,"101, Kandivali West, Mumbai, Maharashtra, 102 And 103, Ronit Arcade, S V Road, Jhaveri Baugh, Poisar, Opp. Mtnl Exchange",101 kandivali west mumbai maharashtra 102 and 103 ronit arcade s v road jhaveri baugh poisar opp mtnl exchange,"101, KANDIVALI WEST, MUMBAI, Maharashtra",101 kandivali west mumbai maharashtra,INDIA,INDIA,"['101', '102', '103']",['101'],latin,devanagari,cross_script_name,13.953488372093027
S1-380094562,S2-834380290,Cascade Storage LLC,cascade storage llc,Gildflux,gildflux,"500 Anderson Street, Fl 0, Weatherford, TX",500 anderson street floor 0 weatherford tx,"500D ANDERSON ST, WEATHERFORD, TX",500d anderson street weatherford tx,US,US,"['500', '0']",[],latin,latin,dba_trade_name_mismatch,22.22222222222222
S1-52507682,S2-291898427,Gold Impex Private Limited,gold impex pvt ltd,ગોલ્ડ ઇમ્પેક્સ પ્રાઇવેટ લિમિટેડ,ગ લડ ઇમપકસ પર ઇવટ લ મ ટડ,"301, Nisarg Appt, Nr., Dimple Row House, Piplod, Surat City, Surat, Gujarat",301 nisarg appt nr dimple row house piplod surat city surat gujarat,"#591 301, SURAT CITY, SURAT, Gujarat",591 301 surat city surat gujarat,INDIA,INDIA,['301'],"['591', '301']",latin,other,dba_trade_name_mismatch,14.28571428571429
S1-52507682,S2-761485390,Gold Impex Private Limited,gold impex pvt ltd,ગોલ્ડ ઇમ્પેક્સ પ્રાઇવેટ લિમિટેડ,ગ લડ ઇમપકસ પર ઇવટ લ મ ટડ,"301, Nisarg Appt, Nr., Dimple Row House, Piplod, Surat City, Surat, Gujarat",301 nisarg appt nr dimple row house piplod surat city surat gujarat,"NO. 591 301, SURAT CITY, SURAT, Gujarat",no 591 301 surat city surat gujarat,INDIA,INDIA,['301'],"['591', '301']",latin,other,dba_trade_name_mismatch,14.28571428571429
S1-600088932,S3-289169503,Palmer Affiliated of Mott PLLC,palmer affiliated of mott pllc,Nylaaviarc,nylaaviarc,"310 Dakota Avenue, Mott, ND",310 dakota avenue mott nd,"North Dakota, Mott, 10 Dakota Ave",north dakota mott 10 dakota avenue,US,US,['310'],['10'],latin,latin,address_only_relation,25.0
S1-936853964,S2-688776981,Star Care Pvt Ltd,star care pvt ltd,स्टार केयर प्रा. लि.,सट र कयर पर ल,"S 405 (Lgf) Greater Kailash Ii, New Delhi, South Delhi, Delhi",s 405 lgf greater kailash ii new delhi south delhi delhi,"S 05 (LGF) GREATER KAILASH II, NEW DELHI, SOUTH DELHI, Delhi",s 05 lgf greater kailash ii new delhi south delhi delhi,INDIA,INDIA,['405'],['05'],latin,devanagari,cross_script_name,19.999999999999996
S1-174416924,S2-325121795,Raj Healthcare Private Limited,raj healthcare pvt ltd,ರಾಜ್ ಹೆಲ್ತ್‌ಕೇರ್ ಪ್ರೈವೇಟ್ ಲಿಮಿಟೆಡ್,ರ ಜ ಹಲತ ಕ ರ ಪರ ವ ಟ ಲಮಟಡ,"Divyasree Chambers, A Wing, Ii Floor, Langford Road Bangalore, Bangalore, Karnataka",divyasree chambers a wing ii floor langford road bangalore bangalore karnataka,"DIVYASREE CHMBERS, A WING, II FLOOR, BENGALURU HQ REGION, BANGALORE, ಕರ್ನಾಟಕ",divyasree chmbers a wing ii floor bengaluru hq region bangalore ಕರನ ಟಕ,INDIA,INDIA,[],[],latin,other,dba_trade_name_mismatch,13.33333333333333
S1-805255952,S2-967081351,City Technologies,city technologies,सिटी टेक्नोलॉजीज,स ट टकन ल ज ज,"331/18C, Delhi, East Delhi, Street No. 3, Rajgarh Colony",331 18c delhi east delhi street no 3 rajgarh colony,"31/18C, STREET NO. 3, RAJGARH COLONY, DELHI, EAST DELHI, दिल्ली",31 18c street no 3 rajgarh colony delhi east delhi द लल,INDIA,INDIA,"['331', '3']","['31', '3']",latin,devanagari,cross_script_name,6.666666666666665
S1-337664430,S3-600072135,Valley Global LLC,valley global llc,Valley LLC Center Enterprises,valley llc center enterprises,"1216 Huntington Drive, Phoenix, AZ",1216 huntington drive phoenix az,,,US,US,['1216'],[],latin,latin,missing_address_evidence,47.82608695652174
S1-734467842,S2-254328326,Silver Foundation Private Limited,silver foundation pvt ltd,सिल्वर फाउंडेशन प्राइवेट लिमिटेड,स लवर फ उडशन पर इवट ल म टड,"Maharashtra, Ghatkopar (East), Mumbai, Satyam Shopping Centre, 2Nd Floor M.G.Road, 9-10 A Wing",maharashtra ghatkopar east mumbai satyam shopping centre 2nd floor m g road 9 10 a wing,"DOOR NO 9-10 A WING, GREATER BOMBAY, MUMBAI, Maharashtra",no 9 10 a wing greater bombay mumbai maharashtra,INDIA,INDIA,"['9', '10']","['9', '10']",latin,devanagari,cross_script_name,11.764705882352944
S1-877175483,S3-156087263,"Classic Seneca, Inc.",classic seneca inc,"Classic Sehtbeh,a Sehtbeh,a Inc.",classic sehtbeh a sehtbeh a inc,"IL, 303 White Oak Court, East Peoria",il 303 white oak court east peoria,"0303 White Oak Court, East Peoria, Illinois",0303 white oak court east peoria illinois,US,US,['303'],['0303'],latin,latin,word_order_variation,65.3061224489796
S1-602806324,S3-600381825,Enjoy & Sons,enjoy and sons,esons.com,esons com,"Sf No.21/4B, Pavan Garden, P.N.Pudur, Coimbatore, Coimbatore, Tamil Nadu",sf no 21 4b pavan garden p n pudur coimbatore coimbatore tamil nadu,"Sf No.21/4b, Coimbatore, தமிழ்நாடு",sf no 21 4b coimbatore தம ழந ட,INDIA,INDIA,['21'],['21'],latin,latin,url_domain_issue,43.47826086956522
S1-656314104,S3-347127337,Codie's Bistro,codie's bistro,Onyxcalo,onyxcalo,"2400 Dogwood Drive, Youngstown, OH",2400 dogwood drive youngstown oh,"02400 Dogwood Dr, Youngstown, Ohio",02400 dogwood drive youngstown ohio,US,US,['2400'],['02400'],latin,latin,address_only_relation,18.181818181818176
S1-962621727,S2-326390520,Ss Exports Private Limited,ss exports pvt ltd,ଏସ୍‌ଏସ୍ ଏକ୍ସପୋର୍ଟସ୍ ପ୍ରାଇଭେଟ୍ ଲିମିଟେଡ୍,ଏସ ଏସ ଏକସପ ରଟସ ପର ଇଭ ଟ ଲମଟ ଡ,"Plot No- A63/1, Sahid Nagar, Ps- Sahid Nagar, Bhubaneswar, Bhubaneswar, Khordha, Orissa",plot no a63 1 sahid nagar ps sahid nagar bhubaneswar bhubaneswar khordha orissa,"PLOT NO- A63/1, SAHID NAGAR, PS- SAHID NAGAR, BHUBANESWAR, BHUBANESWAR, KHORDHA, Odisha",plot no a63 1 sahid nagar ps sahid nagar bhubaneswar bhubaneswar khordha odisha,INDIA,INDIA,['1'],['1'],latin,other,dba_trade_name_mismatch,13.043478260869568
S1-962621727,S3-44377339,Ss Exports Private Limited,ss exports pvt ltd,ଏସ୍‌ଏସ୍ ଏକ୍ସପୋର୍ଟସ୍ ପ୍ରାଇଭେଟ୍ ଲିମିଟେଡ୍,ଏସ ଏସ ଏକସପ ରଟସ ପର ଇଭ ଟ ଲମଟ ଡ,"Plot No- A63/1, Sahid Nagar, Ps- Sahid Nagar, Bhubaneswar, Bhubaneswar, Khordha, Orissa",plot no a63 1 sahid nagar ps sahid nagar bhubaneswar bhubaneswar khordha orissa,"Plot 640 Plot No- A63/1, Bhubaneswar, Khordha, Orissa",plot 640 plot no a63 1 bhubaneswar khordha orissa,INDIA,INDIA,['1'],"['640', '1']",latin,other,dba_trade_name_mismatch,13.043478260869568
S1-692127788,S3-660351010,Prime Om Energy Private Limited,prime om energy pvt ltd,प्राइम ॐ एनर्जी प्राइवेट लिमिटेड,पर इम ॐ एनरज पर इवट ल म टड,"B-10, Shivam Apartment, Block-D, Vikaspuri, New Delhi, Delhi",b 10 shivam apartment block d vikaspuri new delhi delhi,"B-b3/10, New Delhi, DL",b b3 10 new delhi dl,INDIA,INDIA,['10'],['10'],latin,devanagari,cross_script_name,16.326530612244895
S1-692127788,S3-741378949,Prime Om Energy Private Limited,prime om energy pvt ltd,Veoiri,veoiri,"B-10, Shivam Apartment, Block-D, Vikaspuri, New Delhi, Delhi",b 10 shivam apartment block d vikaspuri new delhi delhi,"New Delhi, दिल्ली, B-b3/10",new delhi द लल b b3 10,INDIA,INDIA,['10'],['10'],latin,latin,dba_trade_name_mismatch,20.68965517241379
S1-692127788,S2-435061449,Prime Om Energy Private Limited,prime om energy pvt ltd,प्राइम ओम एनर्जी प्राइवेट लिमिटेड,पर इम ओम एनरज पर इवट ल म टड,"B-10, Shivam Apartment, Block-D, Vikaspuri, New Delhi, Delhi",b 10 shivam apartment block d vikaspuri new delhi delhi,"B-10, NEW DELHI, Delhi",b 10 new delhi delhi,INDIA,INDIA,['10'],['10'],latin,devanagari,cross_script_name,16.000000000000004
S1-992538093,S2-467447273,Super Producer Private Limited,super producer pvt ltd,ಸೂಪರ್ ಪ್ರೊಡ್ಯೂಸರ್ ಪ್ರೈವೇಟ್ ಲಿಮಿಟೆಡ್,ಸ ಪರ ಪರ ಡಯ ಸರ ಪರ ವ ಟ ಲಮಟಡ,"Anagha, 2Nd Floor, Devasandra, No.4, Karnataka, New Bel Road, Bangalore",anagha 2nd floor devasandra no 4 karnataka new bel road bangalore,"NO.4, NEW BEL ROAD, BANGALORE, Karnataka",no 4 new bel road bangalore karnataka,INDIA,INDIA,['4'],['4'],latin,other,dba_trade_name_mismatch,12.765957446808507
S1-523240167,S2-224702188,Star Global Private Limited,star global pvt ltd,स्टार ग्लोबल प्राइवेट लिमिटेड,सट र गल बल पर इवट ल म टड,"C/O Ashok Kumar, Said Nagli, Amroha, Hasanpur, Jyotiba Phule Nagar, Uttar Pradesh",c o ashok kumar said nagli amroha hasanpur jyotiba phule nagar uttar pradesh,"C/O ASHOK KUMAR, HASANPUR, Uttar Pradesh",c o ashok kumar hasanpur uttar pradesh,INDIA,INDIA,[],[],latin,devanagari,cross_script_name,13.953488372093027
S1-394340130,S2-802580138,Shivam Enterprises Private Limited,shivam enterprises pvt ltd,শিবম এন্টারপ্রাইজেস প্রাইভেট লিমিটেড,শ বম এনট রপর ইজ স পর ইভ ট ল ম ট ড,"46D, Rafi Ahmed Kidwai Road, Kolkata, Howrah, West Bengal",46d rafi ahmed kidwai road kolkata howrah west bengal,"46D, CALCUTTA, SOUTH PARGANAS, পশ্চিমবঙ্গ",46d calcutta south parganas পশচ মবঙগ,INDIA,INDIA,[],[],latin,bengali,cross_script_name,10.169491525423723
S1-866560305,S3-808583435,Brodrick's Financial,brodrick's financial,Br0drick's Service,br0drick's service,"5211 Lincoln Street, KS, Topeka",5211 lincoln street ks topeka,"Topeka, 05211 Lincoln Saint, Kansas",topeka 05211 lincoln saint kansas,US,US,['5211'],['05211'],latin,latin,extreme_typo,63.1578947368421
S1-643663550,S2-181401510,Empire Rapid Canadian LLC,empire rapid canadian llc,CIRASYN,cirasyn,"109 Saint Charles Place, Chickasha, OK",109 saint charles place chickasha ok,"0109 SAINT CHARLES PL, PMB 7377, CHICKASHA, OK",0109 saint charles pl pmb 7377 chickasha ok,US,US,['109'],"['0109', '7377']",latin,latin,dba_trade_name_mismatch,25.0
S1-484961803,S2-216433729,Swajan Holdings,swajan holdings,Slman Holdings,slman holdings,"14 Df, Scheme No.74-C, Vijay Nagar, Indore, Madhya Pradesh",14 df scheme no 74 c vijay nagar indore madhya pradesh,"NO 014 DF, SCHEME NO.74-C, VIJAY NAGAR, INDORE, Madhya Pradesh",no 014 df scheme no 74 c vijay nagar indore madhya pradesh,INDIA,INDIA,"['14', '74']","['014', '74']",latin,latin,address_only_relation,82.75862068965517
S1-153348996,S2-834580086,Ss Business LLP,ss business llp,എസ്എസ് ബിസിനസ് എൽഎൽപി,എസഎസ ബ സ നസ എൽഎൽപ,"19/58, 19/53, C1 Manjumel, Po, Udyogamandal S O, Parur, Ernakulam, Kerala",19 58 19 53 c1 manjumel po udyogamandal s o parur ernakulam kerala,"19/58, KALAMASSERY, Kerala",19 58 kalamassery kerala,INDIA,INDIA,"['19', '58', '19', '53']","['19', '58']",latin,other,dba_trade_name_mismatch,12.5
S1-559697713,S3-173643619,Sree Developers Private Limited,sree developers pvt ltd,श्री डेवलपर्स प्राइवेट लिमिटेड,शर डवलपरस पर इवट ल म टड,"Sno39/7 Gui-Tekadu J N Marg, S S Rd Pune, Pune City, Pune, Maharashtra",sno39 7 gui tekadu j n marg s s road pune pune city pune maharashtra,"Sno9/7 Gui-tekadu J N Marg, Pune City, Pune, MH",sno9 7 gui tekadu j n marg pune city pune mh,INDIA,INDIA,['7'],['7'],latin,devanagari,cross_script_name,13.043478260869568
S1-559697713,S3-709391702,Sree Developers Private Limited,sree developers pvt ltd,श्री डेवलपर्स प्राइवेट लिमिटेड,शर डवलपरस पर इवट ल म टड,"Sno39/7 Gui-Tekadu J N Marg, S S Rd Pune, Pune City, Pune, Maharashtra",sno39 7 gui tekadu j n marg s s road pune pune city pune maharashtra,"Sno9/7 Gui-tekadu J N Mag, Pune City, Pune, महाराष्ट्र",sno9 7 gui tekadu j n mag pune city pune मह र षटर,INDIA,INDIA,['7'],['7'],latin,devanagari,cross_script_name,13.043478260869568
S1-199459184,S3-17922063,Best Trading Limited,best trading ltd,Best-Traamslng Limited,best traamslng ltd,"Door No 43/3437, Nh Bypass, Ernakulam, Kerala",no 43 3437 nh bypass ernakulam kerala,,,INDIA,INDIA,"['43', '3437']",[],latin,latin,missing_address_evidence,82.35294117647058
S1-481666470,S3-952320305,Shakti Services,shakti services,शक्ति सर्विसेज,शकत सरव सज,"101, Plot No. A11, Midas Chambers, Off Link Road, Andheri W, Est, Mumbai, Mumbai City, Maharashtra",101 plot no a11 midas chambers off link road andheri w est mumbai mumbai city maharashtra,"101, Plot No. A11, Midas Chambers, Off Link Road, Andheri W, Est, Mumbai, Mumbai City, महाराष्ट्र",101 plot no a11 midas chambers off link road andheri w est mumbai mumbai city मह र षटर,INDIA,INDIA,['101'],['101'],latin,devanagari,cross_script_name,7.9999999999999964
S1-481666470,S2-893661944,Shakti Services,shakti services,शक्ति सर्विसेज,शकत सरव सज,"101, Plot No. A11, Midas Chambers, Off Link Road, Andheri W, Est, Mumbai, Mumbai City, Maharashtra",101 plot no a11 midas chambers off link road andheri w est mumbai mumbai city maharashtra,"101, MUMBAI, MUMBAI CITY, Maharashtra",101 mumbai mumbai city maharashtra,INDIA,INDIA,['101'],['101'],latin,devanagari,cross_script_name,7.9999999999999964
S1-481666470,S3-738017811,Shakti Services,shakti services,Kelobelovio Labs,kelobelovio labs,"101, Plot No. A11, Midas Chambers, Off Link Road, Andheri W, Est, Mumbai, Mumbai City, Maharashtra",101 plot no a11 midas chambers off link road andheri w est mumbai mumbai city maharashtra,"101, Plot No. A11, Midas Chambers, Off Link Road, Andheri W, Est, Mumbai, Mumbai City, Maharashtra",101 plot no a11 midas chambers off link road andheri w est mumbai mumbai city maharashtra,INDIA,INDIA,['101'],['101'],latin,latin,dba_trade_name_mismatch,32.25806451612904
S1-967809379,S3-894092629,Bright Software Private Limited,bright software pvt ltd,ব্রাইট সফটওয়্যার প্রাইভেট লিমিটেড,বর ইট সফটওযয র পর ইভ ট ল ম ট ড,"4 Narayan Prasadbabu Lane 2Nd Flr, Kolkata, Calcutta, West Bengal",4 narayan prasadbabu lane 2nd flr kolkata calcutta west bengal,"4/8 Narayan Prasadbabu Lane 2Nd Flr, Kolkata, Calcutta, WB",4 8 narayan prasadbabu lane 2nd flr kolkata calcutta wb,INDIA,INDIA,['4'],"['4', '8']",latin,bengali,cross_script_name,11.32075471698113
S1-967809379,S3-321076490,Bright Software Private Limited,bright software pvt ltd,Deltavantage,deltavantage,"4 Narayan Prasadbabu Lane 2Nd Flr, Kolkata, Calcutta, West Bengal",4 narayan prasadbabu lane 2nd flr kolkata calcutta west bengal,"4 Narayan Prasadbabu Lane 2Nd Flr, Kolkata, Calcutta, West Bengal",4 narayan prasadbabu lane 2nd flr kolkata calcutta west bengal,INDIA,INDIA,['4'],['4'],latin,latin,dba_trade_name_mismatch,22.857142857142854
S1-967809379,S2-648329145,Bright Software Private Limited,bright software pvt ltd,ব্রাইট সফটওয়্যার প্রাইভেট লিমিটেড,বর ইট সফটওযয র পর ইভ ট ল ম ট ড,"4 Narayan Prasadbabu Lane 2Nd Flr, Kolkata, Calcutta, West Bengal",4 narayan prasadbabu lane 2nd flr kolkata calcutta west bengal,"NO 004 NARAYAN PRASADBABU LANE 2ND FLR, CALCUTTA, KOLKATA, West Bengal",no 004 narayan prasadbabu lane 2nd flr calcutta kolkata west bengal,INDIA,INDIA,['4'],['004'],latin,bengali,cross_script_name,11.32075471698113
S1-967809379,S3-168143842,Bright Software Private Limited,bright software pvt ltd,ব্রাইট সফটওয়্যার প্রাইভেট লিমিটেড,বর ইট সফটওযয র পর ইভ ট ল ম ট ড,"4 Narayan Prasadbabu Lane 2Nd Flr, Kolkata, Calcutta, West Bengal",4 narayan prasadbabu lane 2nd flr kolkata calcutta west bengal,"Calcutta, Door No 4/8 Naryan Prasadbabu Lane 2Nd Flr, পশ্চিমবঙ্গ, Kolkata",calcutta no 4 8 naryan prasadbabu lane 2nd flr পশচ মবঙগ kolkata,INDIA,INDIA,['4'],"['4', '8']",latin,bengali,cross_script_name,11.32075471698113
S1-585532131,S2-928667438,Tech Power Private Limited,tech power pvt ltd,टेक पावर प्राइवेट लिमिटेड,टक प वर पर इवट ल म टड,"Amar Co-Op Hsg. Soc Plot, No-39 Flat No-4 Ninad Apt, Pune City, Pune, Maharashtra",amar co op hsg soc plot no 39 flat no 4 ninad apartment pune city pune maharashtra,"NO. 408 AMAR CO-OP HSG. SOC PLOT, PUNE CITY, PUNE, Maharashtra",no 408 amar co op hsg soc plot pune city pune maharashtra,INDIA,INDIA,"['39', '4']",['408'],latin,devanagari,cross_script_name,15.384615384615385
S1-585532131,S3-425063498,Tech Power Private Limited,tech power pvt ltd,टेक पावर प्राइवेट लिमिटेड,टक प वर पर इवट ल म टड,"Amar Co-Op Hsg. Soc Plot, No-39 Flat No-4 Ninad Apt, Pune City, Pune, Maharashtra",amar co op hsg soc plot no 39 flat no 4 ninad apartment pune city pune maharashtra,"Amar Co-op Hsg. Soc Plot, Pune City, Pune, MH",amar co op hsg soc plot pune city pune mh,INDIA,INDIA,"['39', '4']",[],latin,devanagari,cross_script_name,15.384615384615385
S1-949412850,S3-147558228,Brooks Corporation,brooks corp,Bskls Corporation,bskls corp,"428 Fulton Street, Indianapolis, IN",428 fulton street indianapolis in,"Fulton Street, Indianapolis, Indiana",fulton street indianapolis indiana,US,US,['428'],[],latin,latin,address_only_relation,76.19047619047619
S1-652273019,S3-929605123,Star Viking Partners,star viking partners,Umbrakelo,umbrakelo,"221 3rd Avenue, Monmouth, IL",221 3rd avenue monmouth il,"3rd Avenue, Monmouth, Illinois",3rd avenue monmouth illinois,US,US,['221'],[],latin,latin,address_only_relation,20.68965517241379
S1-889785911,S2-182852657,Surya Om Hospitality Private Limited,surya om hospitality pvt ltd,సూర్య ఓం హాస్పిటాలిటీ ప్రైవేట్ లిమిటెడ్,స రయ ఓ హసపటలట పరవట లమటడ,"Flat No 201, Anshu Courtyard, Rangareddy, Telangana",flat no 201 anshu courtyard rangareddy telangana,"HYDERABAD, Andhra Pradesh, RANGAREDDY, DOOR NO 201",hyderabad andhra pradesh rangareddy no 201,INDIA,INDIA,['201'],['201'],latin,telugu,cross_script_name,15.686274509803921
S1-889785911,S3-378154027,Surya Om Hospitality Private Limited,surya om hospitality pvt ltd,సూర్య ఓం హాస్పిటాలిటీ ప్రైవేట్ లిమిటెడ్,స రయ ఓ హసపటలట పరవట లమటడ,"Flat No 201, Anshu Courtyard, Rangareddy, Telangana",flat no 201 anshu courtyard rangareddy telangana,"H.no 199, Rangareddy, TG",no 199 rangareddy tg,INDIA,INDIA,['201'],['199'],latin,telugu,cross_script_name,15.686274509803921
S1-662343149,S3-859854324,LK Worldwide,lk worldwide,LK Services,lk services,"29454 123rd Lane, Peoria, AZ",29454 123rd lane peoria az,"123rd Lane, Peoria, Arizona",123rd lane peoria arizona,US,US,['29454'],[],latin,latin,word_order_variation,52.17391304347826
S1-215335896,S2-45923142,North Investment Private Limited,north investment pvt ltd,नॉर्थ इन्वेस्टमेंट प्राइवेट लिमिटेड,न रथ इनवसटमट पर इवट ल म टड,"Office No. 102, Pentagon, Tower P4, Magarpatta, Pune City, Pune, Maharashtra",office no 102 pentagon tower p4 magarpatta pune city pune maharashtra,"PUNE CITY, Maharashtra, PUNE, PLOT 81 OFFICE NO. 102",pune city maharashtra pune plot 81 office no 102,INDIA,INDIA,['102'],"['81', '102']",latin,devanagari,cross_script_name,12.0
S1-609758235,S3-479735972,Real Constructions Private Limited,real constructions pvt ltd,Real Cgrsoucions Private Limited,real cgrsoucions pvt ltd,"No.1, 1St Floor, Sri Sai, Layout, Panthanur Dinne, Bangalore North, Bangalore, Karnataka",no 1 1st floor sri sai layout panthanur dinne bangalore north bangalore karnataka,"No.1/9, Bangalore North, Bengaluru Rural, KA",no 1 9 bangalore north bengaluru rural ka,INDIA,INDIA,['1'],"['1', '9']",latin,latin,address_only_relation,84.0
S1-610164964,S3-422297911,International Astro Solutions Pvt Ltd,international astro solutions pvt ltd,Fayeirilum,fayeirilum,"C-126Naraina Industrial Area Phase I, New Delhi, West Delhi, Delhi",c 126naraina industrial area phase i new delhi west delhi delhi,"C-126naraina Industrial Area Phase I, Naraina Vihar, New Delhi, DL",c 126naraina industrial area phase i naraina vihar new delhi dl,INDIA,INDIA,[],[],latin,latin,dba_trade_name_mismatch,21.276595744680847
S1-783575505,S2-75798168,Aditya Best International Private Limited,aditya best international pvt ltd,આદિત્ય બેસ્ટ ઇન્ટરનેશનલ પ્રાઇવેટ લિમિટેડ,આદ તય બસટ ઇનટરનશનલ પર ઇવટ લ મ ટડ,"60Ff, Gajanand Park Soc-2, B/H Chikuvadi, Puna Road, Choryasi, Surat, Gujarat",60ff gajanand park soc 2 b h chikuvadi puna road choryasi surat gujarat,"60FF, SURAT, ગુજરાત",60ff surat ગજર ત,INDIA,INDIA,['2'],[],latin,other,address_only_relation,12.307692307692308
S1-366679144,S2-944536241,Shyam Builders Limited,shyam builders ltd,ਸ਼ਿਆਮ ਬਿਲਡਰਜ਼ ਲਿਮਟਿਡ,ਸ ਆਮ ਬ ਲਡਰਜ ਲ ਮਟ ਡ,"Opp. Jalandhar Kunj Colony, Village Wariana, Jalandhar - I, Jalandhar, Punjab",opp jalandhar kunj colony village wariana jalandhar i jalandhar punjab,"OPP. JALANDHAR KUNJ COLONY, JALANDHAR - I, JALANDHAR, Punjab",opp jalandhar kunj colony jalandhar i jalandhar punjab,INDIA,INDIA,[],[],latin,other,dba_trade_name_mismatch,11.111111111111116
S1-366679144,S3-447500391,Shyam Builders Limited,shyam builders ltd,ਸ਼ਿਆਮ ਬਿਲਡਰਜ਼ ਲਿਮਟਿਡ,ਸ ਆਮ ਬ ਲਡਰਜ ਲ ਮਟ ਡ,"Opp. Jalandhar Kunj Colony, Village Wariana, Jalandhar - I, Jalandhar, Punjab",opp jalandhar kunj colony village wariana jalandhar i jalandhar punjab,"Jalandhar - I, Jalandhar, PB, Opp. Jalandhar Kunj Colony, Village Wariana",jalandhar i jalandhar pb opp jalandhar kunj colony village wariana,INDIA,INDIA,[],[],latin,other,dba_trade_name_mismatch,11.111111111111116
S1-987010400,S2-140661931,Sunrise Consulting Pvt Ltd,sunrise consulting pvt ltd,सनराइज कंसल्टिंग प्रा. लि.,सनर इज कसलट ग पर ल,"A-3, Shreepal Complex Near Aradhana Cinema, Thane, Maharashtra",a 3 shreepal complex near aradhana cinema thane maharashtra,"A-3, MUMBAI, THANE, महाराष्ट्र",a 3 mumbai thane मह र षटर,INDIA,INDIA,['3'],['3'],latin,devanagari,cross_script_name,13.636363636363635
S1-486816598,S3-72537341,Balashree Technology Private Limited,balashree technology pvt ltd,btprivate.com,btprivate com,"56/57, Mumbai City, Maharashtra, Mumbai, Mittal Chambers 228, Nariman Point",56 57 mumbai city maharashtra mumbai mittal chambers 228 nariman point,"56/57, Bombay, Mumbai City, महाराष्ट्र",56 57 bombay mumbai city मह र षटर,INDIA,INDIA,"['56', '57', '228']","['56', '57']",latin,latin,url_domain_issue,29.268292682926834
S1-176496041,S2-418697003,Gold Dynamic Properties Limited,gold dynamic properties ltd,गोल्ड डायनामिक प्रॉपर्टीज लिमिटेड,ग लड ड यन म क पर परट ज ल म टड,"B-13, Dainik Janyug Apartments, C-1, Vasundhra Enclave, Delhi",b 13 dainik janyug apartments c 1 vasundhra enclave delhi,"BLOCK A-#271 B-13, DELHI, EAST, Delhi",block a 271 b 13 delhi east delhi,INDIA,INDIA,"['13', '1']","['271', '13']",latin,devanagari,cross_script_name,10.71428571428571
S1-686610815,S3-509857989,Womens Health Physicians Corp,womens health physicians corp,Miradova,miradova,"Stafford, KS, 875 10th Street",stafford ks 875 10th street,"0875 10th St, Stafford, Kansas",0875 10th street stafford kansas,US,US,['875'],['0875'],latin,latin,address_only_relation,21.62162162162162
S1-66330797,S2-55744138,Valencia Mercer Eye Care LP,valencia mercer eye care lp,VMEC,vmec,"1655 Hoffman Road, Jackson Springs, NC",1655 hoffman road jackson springs nc,"NC, JACKSON SPRINGS, 01655 HOFFMAN ROAD",nc jackson springs 01655 hoffman road,US,US,['1655'],['01655'],latin,latin,dba_trade_name_mismatch,25.806451612903224
S1-289445281,S2-708881630,Unique Global Pvt Ltd,unique global pvt ltd,यूनिक ग्लोबल प्रा. लि.,यन क गल बल पर ल,"602, 6Th Floor, Bldg No.16, Ajmera Heights Iii Chsl, Yogidham, Kalyan, Thane, Maharashtra",602 6th floor bldg no 16 ajmera heights iii chsl yogidham kalyan thane maharashtra,"0602, महाराष्ट्र, MUMBAI, KALYAN",0602 मह र षटर mumbai kalyan,INDIA,INDIA,"['602', '16']",['0602'],latin,devanagari,cross_script_name,16.666666666666664
S1-163077720,S2-906538643,JI Software Limited,ji software ltd,JI LIMITED (CENTER),ji limited center,"Howrah, West Bengal, Kolkata, 29-5A, Dr. Ambedkar Sarani, Topsia Road, Kolkata, Vishwakarma Ii",howrah west bengal kolkata 29 5a drive ambedkar sarani topsia road kolkata vishwakarma ii,,,INDIA,INDIA,['29'],[],latin,latin,missing_address_evidence,43.75
S1-241678218,S2-808746111,Blue Global Limited,blue global ltd,ब्लू ग्लोबल लिमिटेड,बल गल बल ल म टड,"Shop No 16, Ground Floor Market Block Nehru Nagar, New Delhi, South Delhi, Delhi",shop no 16 ground floor market block nehru nagar new delhi south delhi delhi,"SHOP NO 16, GROUND FLOOR MARKET BLOCK NEHRU NAGAR, NEW DELHI, SOUTH DELHI, Delhi",shop no 16 ground floor market block nehru nagar new delhi south delhi delhi,INDIA,INDIA,['16'],['16'],latin,devanagari,cross_script_name,13.33333333333333
S1-241678218,S2-770186985,Blue Global Limited,blue global ltd,ब्लू ग्लोबल लिमिटेड,बल गल बल ल म टड,"Shop No 16, Ground Floor Market Block Nehru Nagar, New Delhi, South Delhi, Delhi",shop no 16 ground floor market block nehru nagar new delhi south delhi delhi,"SHOP NO 16, GROUND FLOOR MARKET BLOCK NEHRU NAGAR, SOUTH, NEW DELHI, Delhi",shop no 16 ground floor market block nehru nagar south new delhi delhi,INDIA,INDIA,['16'],['16'],latin,devanagari,cross_script_name,13.33333333333333
S1-241678218,S2-751167095,Blue Global Limited,blue global ltd,ब्लू ग्लोबल लिमिटेड,बल गल बल ल म टड,"Shop No 16, Ground Floor Market Block Nehru Nagar, New Delhi, South Delhi, Delhi",shop no 16 ground floor market block nehru nagar new delhi south delhi delhi,"#16, GROUND FLOOR MARKET BLOCK NEHRU NAGAR, NEW DELHI, SOUTH DELHI, Delhi",16 ground floor market block nehru nagar new delhi south delhi delhi,INDIA,INDIA,['16'],['16'],latin,devanagari,cross_script_name,13.33333333333333
S1-475750986,S3-351173122,Agni Solutions Private Limited,agni solutions pvt ltd,saprivate.com,saprivate com,"S/O Ubaidullah, Rani Laxmi Bai Complex, Kisan School Campus Old Basti, Basti, Uttar Pradesh",s o ubaidullah rani laxmi bai complex kisan school campus old basti basti uttar pradesh,"Basti, S/o Ubaidullah, Basti, UP",basti s o ubaidullah basti up,INDIA,INDIA,[],[],latin,latin,url_domain_issue,28.57142857142857
S1-438409093,S3-18057306,Aditya Impex Private Limited,aditya impex pvt ltd,आदित्य इम्पेक्स प्राइवेट लिमिटेड,आद तय इमपकस पर इवट ल म टड,"Flat No 301, A Wing, Ahsa Palms Bldg Shiv Shakti Nagar, Dawadi, Dombivali, Thane, Maharashtra",flat no 301 a wing ahsa palms bldg shiv shakti nagar dawadi dombivali thane maharashtra,"Flat No 301, Dombivali, Thane, MH",flat no 301 dombivali thane mh,INDIA,INDIA,['301'],['301'],latin,devanagari,cross_script_name,13.33333333333333
S1-173339872,S2-660125866,Classic Minerals,classic minerals,Classic-Mainrelas,classic mainrelas,"17640 Maverick Drive, Natrona, WY",17640 maverick drive natrona wy,"Maverick Drive, CASPER, WY",maverick drive casper wy,US,US,['17640'],[],latin,latin,address_only_relation,84.84848484848484
S1-919196591,S2-203393822,Golden Foundation Private Limited,golden foundation pvt ltd,गोल्डन फाउंडेशन प्राइवेट लिमिटेड,ग लडन फ उडशन पर इवट ल म टड,"202, 2Nd Floor, Plot No. A/15, Jai Krishna Complex, Off Veera Desai Road, Mumbai, Maharashtra",202 2nd floor plot no a 15 jai krishna complex off veera desai road mumbai maharashtra,"BLOCK E-610 202, BOMBAY, MUMBAI, महाराष्ट्र",block e 610 202 bombay mumbai मह र षटर,INDIA,INDIA,"['202', '15']","['610', '202']",latin,devanagari,cross_script_name,11.764705882352944
S1-431830647,S2-403564251,Golden Properties Pvt Ltd,golden properties pvt ltd,गोल्डन प्रॉपर्टीज प्रा. लि.,ग लडन पर परट ज पर ल,"Dss-378, Hisar, Sector 16-17, Hisar, Haryana",dss 378 hisar sector 16 17 hisar haryana,"DSS-00378, HISAR, हरियाणा",dss 00378 hisar हर य ण,INDIA,INDIA,"['378', '16', '17']",['00378'],latin,devanagari,cross_script_name,13.636363636363635
S1-302623297,S2-268115561,Jain Healthcare Private Limited,jain healthcare pvt ltd,जैन हेल्थकेयर प्राइवेट लिमिटेड,जन हलथकयर पर इवट ल म टड,"B-73, Sector 6, Noida, Ghaziabad, Uttar Pradesh",b 73 sector 6 noida ghaziabad uttar pradesh,"939 B-73, SECTOR 6, NOIDA, NITHARI, Uttar Pradesh",939 b 73 sector 6 noida nithari uttar pradesh,INDIA,INDIA,"['73', '6']","['939', '73', '6']",latin,devanagari,cross_script_name,13.043478260869568
S1-302623297,S2-346990910,Jain Healthcare Private Limited,jain healthcare pvt ltd,जैन हेल्थकेयर प्राइवेट लिमिटेड,जन हलथकयर पर इवट ल म टड,"B-73, Sector 6, Noida, Ghaziabad, Uttar Pradesh",b 73 sector 6 noida ghaziabad uttar pradesh,"939 B-73, SECTOR 6, NOIDA, NITHARI, Uttar Pradesh",939 b 73 sector 6 noida nithari uttar pradesh,INDIA,INDIA,"['73', '6']","['939', '73', '6']",latin,devanagari,cross_script_name,13.043478260869568
S1-302623297,S3-760936425,Jain Healthcare Private Limited,jain healthcare pvt ltd,जैन हेल्थकेयर प्राइवेट लिमिटेड,जन हलथकयर पर इवट ल म टड,"B-73, Sector 6, Noida, Ghaziabad, Uttar Pradesh",b 73 sector 6 noida ghaziabad uttar pradesh,"B-073, Sector 6, Noida, Ghaziabad, उत्तर प्रदेश",b 073 sector 6 noida ghaziabad उततर परदश,INDIA,INDIA,"['73', '6']","['073', '6']",latin,devanagari,cross_script_name,13.043478260869568
S1-302623297,S2-828512644,Jain Healthcare Private Limited,jain healthcare pvt ltd,जैन हेल्थकेयर प्राइवेट लिमिटेड,जन हलथकयर पर इवट ल म टड,"B-73, Sector 6, Noida, Ghaziabad, Uttar Pradesh",b 73 sector 6 noida ghaziabad uttar pradesh,"#939 B-73, SECTOR 6, NOIDA, NITHARI, उत्तर प्रदेश",939 b 73 sector 6 noida nithari उततर परदश,INDIA,INDIA,"['73', '6']","['939', '73', '6']",latin,devanagari,cross_script_name,13.043478260869568
S1-766392501,S2-598721131,Vision Agro Private Limited,vision agro pvt ltd,విజన్ ఆగ్రో ప్రైవేట్ లిమిటెడ్,వజన ఆగర పరవట లమటడ,"Plot No.14, Street No.8, Ravindra Nagar Colony, Habsiguda, Secunderabad, Hyderabad, Telangana",plot no 14 street no 8 ravindra nagar colony habsiguda secunderabad hyderabad telangana,"Telangana, HYDERABAD, SECUNDERABAD, PLOT NO.G-14",telangana hyderabad secunderabad plot no g 14,INDIA,INDIA,"['14', '8']",['14'],latin,telugu,cross_script_name,16.666666666666664
S1-373810395,S2-576151122,High Energy Private Limited,high energy pvt ltd,हाई एनर्जी प्राइवेट लिमिटेड,ह ई एनरज पर इवट ल म टड,"Plot No A212, R N 30, Thane, Maharashtra",plot no a212 rue n 30 thane maharashtra,"PLOT NO A212, THANE, महाराष्ट्र",plot no a212 thane मह र षटर,INDIA,INDIA,['30'],[],latin,devanagari,cross_script_name,14.634146341463417
S1-350653193,S2-761912014,Shiva Finance Private Limited,shiva finance pvt ltd,சிவா ஃபைனான்ஸ் பிரைவேட் லிமிடெட்,ச வ ஃப ன னஸ ப ர வ ட ல ம ட ட,"Old 4-B, New 11 Bharathi Park Cross Road 3, Coimabtore, Coimbatore, Tamil Nadu",old 4 b new 11 bharathi park cross road 3 coimabtore coimbatore tamil nadu,"OLD 4-B, NEW 11 BHARATHI PARK CROSS ROAD 3, WESTERN REGION COIMBATORE, COIMBATORE, Tamil Nadu",old 4 b new 11 bharathi park cross road 3 western region coimbatore coimbatore tamil nadu,INDIA,INDIA,"['4', '11', '3']","['4', '11', '3']",latin,tamil,cross_script_name,12.5
S1-691622069,S3-329341876,Shiv Exports Private Limited,shiv exports pvt ltd,शिव एक्सपोर्ट्स प्राइवेट लिमिटेड,श व एकसप रटस पर इवट ल म टड,"Maharashtra, Unit No.10 & 11, Vasai East, Indra Vasahat, Near Navjeevan, Vasai Phata, Thane",maharashtra unit no 10 11 vasai east indra vasahat near navjeevan vasai phata thane,"Unit No.10 & 11, Thane, Vasai East, MH",unit no 10 11 thane vasai east mh,INDIA,INDIA,"['10', '11']","['10', '11']",latin,devanagari,cross_script_name,13.043478260869568
S1-613137824,S3-547843492,First Transit Corporation,first transit corp,First Corporation Services,first corporation services,"89 Highland Avenue, Fl Floor 1, Buffalo, NY",89 highland avenue floor floor 1 buffalo ny,"Buffaloc ITY, Floor Floor 1, New York, 89 Highland Ave",buffaloc ity floor floor 1 new york 89 highland avenue,US,US,"['89', '1']","['1', '89']",latin,latin,word_order_variation,54.54545454545454
S1-834828540,S2-336764741,Indo Software Private Limited,indo software pvt ltd,इंडो सॉफ्टवेयर प्राइवेट लिमिटेड,इड स फटवयर पर इवट ल म टड,"Brahm Singh, Kh.No -208 Shop No-4, Village Kondli, Delhi, East Delhi, Delhi",brahm singh kh no 208 shop no 4 village kondli delhi east delhi delhi,"Delhi, BRAHM SINGH, DELHI, EAST",delhi brahm singh delhi east,INDIA,INDIA,"['208', '4']",[],latin,devanagari,cross_script_name,13.33333333333333
S1-900593758,S2-815104992,"Sanet, Inc",sanet inc,"Snen, Inc",snen inc,"50 Monarch Lane, Hutchinson, KS",50 monarch lane hutchinson ks,"50 MONRCH LN, HUTCHNSON CITY, KS",50 monrch lane hutchnson city ks,US,US,['50'],['50'],latin,latin,address_only_relation,82.35294117647058
S1-912858680,S3-419436439,Apex Systems Pvt Ltd,apex systems pvt ltd,एपेक्स सिस्टम्स प्रा. लि.,एपकस स सटमस पर ल,"302, 3Rd Fl, Sr. No. 48/13/3, Vijaylaxmi Prestige, Rahatani-Kalewadi Link Road, Rahatani, Pune, Maharashtra",302 3rd floor sr no 48 13 3 vijaylaxmi prestige rahatani kalewadi link road rahatani pune maharashtra,"302, Pune, महाराष्ट्र",302 pune मह र षटर,INDIA,INDIA,"['302', '48', '13', '3']",['302'],latin,devanagari,cross_script_name,16.666666666666664
S1-912858680,S2-861080628,Apex Systems Pvt Ltd,apex systems pvt ltd,एपेक्स सिस्टम्स प्रा. लि.,एपकस स सटमस पर ल,"302, 3Rd Fl, Sr. No. 48/13/3, Vijaylaxmi Prestige, Rahatani-Kalewadi Link Road, Rahatani, Pune, Maharashtra",302 3rd floor sr no 48 13 3 vijaylaxmi prestige rahatani kalewadi link road rahatani pune maharashtra,"PUNE, 302, Maharashtra",pune 302 maharashtra,INDIA,INDIA,"['302', '48', '13', '3']",['302'],latin,devanagari,cross_script_name,16.666666666666664
S1-344985036,S2-42773671,Mashburn Sun LLC,mashburn sun llc,Jaxlyrapyra,jaxlyrapyra,"100 Trinity Court, Unit 229, Perrysburg, OH",100 trinity court unit 229 perrysburg oh,"TRINITY CT, PERRYSBURG, OH",trinity court perrysburg oh,US,US,"['100', '229']",[],latin,latin,dba_trade_name_mismatch,14.814814814814813
S1-130018504,S2-783112276,Anand Blue Producer,anand blue producer,आनंद ब्लू प्रोड्यूसर,आनद बल पर डयसर,"Indore, Scheme No 78 Part 2 Vijay Nagar, Madhya Pradesh, Plot No 12",indore scheme no 78 part 2 vijay nagar madhya pradesh plot no 12,"PLOT NO 12, SCHEME NO 78 PART 2 VIJAY NAGAR, INDORE, Madhya Pradesh",plot no 12 scheme no 78 part 2 vijay nagar indore madhya pradesh,INDIA,INDIA,"['78', '2', '12']","['12', '78', '2']",latin,devanagari,cross_script_name,12.121212121212121
S1-130018504,S3-527254329,Anand Blue Producer,anand blue producer,आनंद ब्लू प्रोड्यूसर,आनद बल पर डयसर,"Indore, Scheme No 78 Part 2 Vijay Nagar, Madhya Pradesh, Plot No 12",indore scheme no 78 part 2 vijay nagar madhya pradesh plot no 12,"Door No 12, Scheme No 78 Part 2 Vijay Nagar, Indore, मध्य प्रदेश",no 12 scheme no 78 part 2 vijay nagar indore मधय परदश,INDIA,INDIA,"['78', '2', '12']","['12', '78', '2']",latin,devanagari,cross_script_name,12.121212121212121
S1-130018504,S3-456998181,Anand Blue Producer,anand blue producer,आनंद ब्लू प्रोड्यूसर,आनद बल पर डयसर,"Indore, Scheme No 78 Part 2 Vijay Nagar, Madhya Pradesh, Plot No 12",indore scheme no 78 part 2 vijay nagar madhya pradesh plot no 12,"No 12, Indore, MP",no 12 indore mp,INDIA,INDIA,"['78', '2', '12']",['12'],latin,devanagari,cross_script_name,12.121212121212121
S1-728332269,S3-555239723,Blue Grill LLC,blue grill llc,Blue Gcnrisl (LLC),blue gcnrisl llc,"627 5th Street, Clinton, OK",627 5th street clinton ok,"450 5rd St, Cliton, Oklahoma",450 5rd street cliton oklahoma,US,US,['627'],['450'],latin,latin,other_mismatch,86.66666666666667
S1-274128166,S2-192403380,Buus,buus,Bcus,bcus,"GA, Atlanta, 455 Ontario Avenue",ga atlanta 455 ontario avenue,"55 ONTARIO AVE, ATL, GA",55 ontario avenue atl ga,US,US,['455'],['55'],latin,latin,address_only_relation,75.0
S1-727253169,S3-789528040,Gulf Select Spa Inc,gulf select spa inc,Tavopyra,tavopyra,"253 Hull Street, Brooklyn, NY",253 hull street brooklyn ny,"Brooklyn, New York, Hull Street",brooklyn new york hull street,US,US,['253'],[],latin,latin,address_only_relation,22.22222222222222
S1-481586703,S3-989678341,Bay Institute,bay institute,Bay Ingstimote,bay ingstimote,"9313 Shoveler Trail, Fort Worth, TX",9313 shoveler trail fort worth tx,"931 Shoveler Trl, N/A, FT. Worth, Texas",931 shoveler trl n a ft worth texas,US,US,['9313'],['931'],latin,latin,address_only_relation,81.4814814814815
S1-893159896,S2-606959757,All Lease LLC,all lease llc,All Lme [LLC],all lme llc,"950 Bell Road, Phoenix, AZ",950 bell road phoenix az,"50 BELL RD, PHOENIX, AZ",50 bell road phoenix az,US,US,['950'],['50'],latin,latin,address_only_relation,83.33333333333334
S1-269442618,S2-23476362,Gold Energy,gold energy,గోల్డ్ ఎనర్జీ,గలడ ఎనరజ,"H. No. 7-41/1, Heera, Colony, Hydershahkote, Golconda, Hyderabad, Telangana",h no 7 41 1 heera colony hydershahkote golconda hyderabad telangana,"Telangana, GOLCONDA, HYDERABAD, 7167",telangana golconda hyderabad 7167,INDIA,INDIA,"['7', '41', '1']",['7167'],latin,telugu,cross_script_name,10.526315789473683
S1-183283123,S3-804180847,ZQ Fishery Co,zq fishery co,ZQ Fboibehry Co,zq fboibehry co,"1St Floor, Plot No.2, Opposite Housing Board, Akara Batta, Abu Road, Sirohi, Rajasthan",1st floor plot no 2 opposite housing board akara batta abu road sirohi rajasthan,"1 Floor, Abu Road, Sirohi, RJ",1 floor abu road sirohi rj,INDIA,INDIA,['2'],['1'],latin,latin,address_only_relation,78.57142857142857
S1-181172933,S2-265472423,Laxmi Builders,laxmi builders,ಲಕ್ಷ್ಮಿ ಬಿಲ್ಡರ್ಸ್,ಲಕಷಮ ಬಲಡರಸ,"#25, 1St Floor, 6Th Cross, Leela Palace Road, Vruddhi Complex, (Near Ayyappa Temple), Kodihalli, Bangalore, Karnataka",25 1st floor 6th cross leela palace road vruddhi complex near ayyappa temple kodihalli bangalore karnataka,"BANGALORE, Karnataka, BANGALORE, #25",bangalore karnataka bangalore 25,INDIA,INDIA,['25'],['25'],latin,other,dba_trade_name_mismatch,8.333333333333337
S1-181172933,S2-214464661,Laxmi Builders,laxmi builders,ಲಕ್ಷ್ಮಿ ಬಿಲ್ಡರ್ಸ್,ಲಕಷಮ ಬಲಡರಸ,"#25, 1St Floor, 6Th Cross, Leela Palace Road, Vruddhi Complex, (Near Ayyappa Temple), Kodihalli, Bangalore, Karnataka",25 1st floor 6th cross leela palace road vruddhi complex near ayyappa temple kodihalli bangalore karnataka,"25, BANGALORE, Karnataka, BANGALORE",25 bangalore karnataka bangalore,INDIA,INDIA,['25'],['25'],latin,other,dba_trade_name_mismatch,8.333333333333337
S1-697777760,S2-291889468,White Care Pvt Ltd,white care pvt ltd,ਵਾਈਟ ਕੇਅਰ ਪ੍ਰਾ. ਲਿ.,ਵ ਈਟ ਕਅਰ ਪਰ ਲ,"Jalandhar, Punjab, Jalandhar, 195, Model Town",jalandhar punjab jalandhar 195 model town,"95, MODEL TOWN, JALANDHAR, Punjab",95 model town jalandhar punjab,INDIA,INDIA,['195'],['95'],latin,other,dba_trade_name_mismatch,19.354838709677423
S1-697777760,S2-311525012,White Care Pvt Ltd,white care pvt ltd,ਵ੍ਹਾਈਟ ਕੇਅਰ ਪ੍ਰਾ. ਲਿ.,ਵਹ ਈਟ ਕਅਰ ਪਰ ਲ,"Jalandhar, Punjab, Jalandhar, 195, Model Town",jalandhar punjab jalandhar 195 model town,"95, MODEL TOWN, JALANDHAR, Punjab",95 model town jalandhar punjab,INDIA,INDIA,['195'],['95'],latin,other,dba_trade_name_mismatch,18.75
S1-565936968,S3-825996226,Sector -45 Precision Limited,sector 45 precision ltd,Synsyn,synsyn,"Fourth Floor, Plot No. 93, Sector 44, Sector -45, Gurgaon, Haryana",fourth floor plot no 93 sector 44 sector 45 gurgaon haryana,"Fourth Floor, Plot No. 93, Sector 44, Sector -45, Gurgaon, Haryana",fourth floor plot no 93 sector 44 sector 45 gurgaon haryana,INDIA,INDIA,"['93', '44', '45']","['93', '44', '45']",latin,latin,dba_trade_name_mismatch,20.68965517241379
S1-226204700,S3-659241986,Blue Agro Private Limited,blue agro pvt ltd,ಬ್ಲೂ ಅಗ್ರೋ ಪ್ರೈವೇಟ್ ಲಿಮಿಟೆಡ್,ಬಲ ಅಗರ ಪರ ವ ಟ ಲಮಟಡ,"Miraya Rose By Ukn, 66/1 Siddapura Village, Hal-Varthur Main Road, Whitefield, Bangalore, Karnataka",miraya rose by ukn 66 1 siddapura village hal varthur main road whitefield bangalore karnataka,"Miraya Rose By Ukn, Bangalore, KA",miraya rose by ukn bangalore ka,INDIA,INDIA,"['66', '1']",[],latin,other,dba_trade_name_mismatch,17.14285714285714
S1-621488922,S3-809402643,Human Rights Trust,human rights trust,Viobelo,viobelo,"2320 Pitts Place, Unit 2, Washington, DC",2320 pitts place unit 2 washington dc,"Washington, # 2, District of Columbia, 002320 Pitts Place",washington 2 district of columbia 002320 pitts place,US,US,"['2320', '2']","['2', '002320']",latin,latin,dba_trade_name_mismatch,7.9999999999999964
S1-235827905,S3-245041126,Sai Infotech Private Limited,sai infotech pvt ltd,साईं इंफोटेक प्राइवेट लिमिटेड,स ई इफ टक पर इवट ल म टड,"Patna, Bihar, 709, 7Th Floor, Jagat Trade Centre Maurya Lok, Fraser Road",patna bihar 709 7th floor jagat trade centre maurya lok fraser road,"707, Patna, Boring Road, Patna, BR",707 patna boring road patna br,INDIA,INDIA,['709'],['707'],latin,devanagari,cross_script_name,13.953488372093027
S1-438430300,S3-14141327,Urban Logistics Private Limited,urban logistics pvt ltd,अर्बन लॉजिस्टिक्स प्राइवेट लिमिटेड,अरबन ल ज सट कस पर इवट ल म टड,"A-15, Fourth Floor, Lajpat Nagar, New Delhi, New Delhi, South Delhi, Delhi",a 15 fourth floor lajpat nagar new delhi new delhi south delhi delhi,"A-15., Fourth Floor, Lajpat Nagar, New Delhi, New Delhi, South Delhi, DL",a 15 fourth floor lajpat nagar new delhi new delhi south delhi dl,INDIA,INDIA,['15'],['15'],latin,devanagari,cross_script_name,11.764705882352944
S1-438430300,S3-89459931,Urban Logistics Private Limited,urban logistics pvt ltd,Urban Private Limited (Service),urban private limited service,"A-15, Fourth Floor, Lajpat Nagar, New Delhi, New Delhi, South Delhi, Delhi",a 15 fourth floor lajpat nagar new delhi new delhi south delhi delhi,"A-15., Fourth Floor, Lajpat Nagar, New Delhi, New Delhi, South Delhi, DL",a 15 fourth floor lajpat nagar new delhi new delhi south delhi dl,INDIA,INDIA,['15'],['15'],latin,latin,address_only_relation,50.0
S1-438430300,S2-301818957,Urban Logistics Private Limited,urban logistics pvt ltd,अर्बन लॉजिस्टिक्स प्राइवेट लिमिटेड,अरबन ल ज सट कस पर इवट ल म टड,"A-15, Fourth Floor, Lajpat Nagar, New Delhi, New Delhi, South Delhi, Delhi",a 15 fourth floor lajpat nagar new delhi new delhi south delhi delhi,"A-14, NEW DELHI, SOUTH DELHI, Delhi",a 14 new delhi south delhi delhi,INDIA,INDIA,['15'],['14'],latin,devanagari,cross_script_name,11.764705882352944
S1-866514162,S2-376296846,Eastern Consultancy Private Limited,eastern consultancy pvt ltd,EASTERN CONLSATMCY PRIVATE LIMITED,eastern conlsatmcy pvt ltd,"Plot No. 27, New No B-27, S/F Sector-8, Dwarka, New Delhi, South West Delhi, Delhi",plot no 27 new no b 27 s f sector 8 dwarka new delhi south west delhi delhi,"PLOT NO. ##27 , NEW NO B-27, S/F SECTOR-8, DWARKA, NEW DELHI, Delhi",plot no 27 new no b 27 s f sector 8 dwarka new delhi delhi,INDIA,INDIA,"['27', '27', '8']","['27', '27', '8']",latin,latin,address_only_relation,86.79245283018868
S1-866514162,S2-578242204,Eastern Consultancy Private Limited,eastern consultancy pvt ltd,ईस्टर्न कंसल्टेंसी प्राइवेट लिमिटेड,ईसटरन कसलटस पर इवट ल म टड,"Plot No. 27, New No B-27, S/F Sector-8, Dwarka, New Delhi, South West Delhi, Delhi",plot no 27 new no b 27 s f sector 8 dwarka new delhi south west delhi delhi,"NO ##27, SOUTH WEST DELHI, DWARKA, Delhi",no 27 south west delhi dwarka delhi,INDIA,INDIA,"['27', '27', '8']",['27'],latin,devanagari,cross_script_name,11.538461538461542
S1-860641883,S2-247002016,Sun Traders Clinic,sun traders clinic,Shri VANTAGEPYRA,shri vantagepyra,"S No 7-1, Konark Puram, Bldg-D-4, Pune City, Pune, Maharashtra",s no 7 1 konark puram bldg d 4 pune city pune maharashtra,"S NO 7-1, PUNE, PUNE CITY, महाराष्ट्र",s no 7 1 pune pune city मह र षटर,INDIA,INDIA,"['7', '1', '4']","['7', '1']",latin,latin,dba_trade_name_mismatch,35.29411764705882
S1-873784023,S2-834456472,Ram Engineering Private Limited,ram engineering pvt ltd,ராம் இன்ஜினியரிங் பிரைவேட் லிமிடெட்,ர ம இனஜ ன யர ங ப ர வ ட ல ம ட ட,"G-2 Nandhini Apartments, 72/45, 1St Main Road, Chennai City Corporation, Chennai, Tamil Nadu",g 2 nandhini apartments 72 45 1st main road chennai city corporation chennai tamil nadu,"G-2 NANDHINI APARTMENTS, 72/45, 1ST MAIN ROAD, CHENNAI CITY CORPORATION, CHENNAI, Tamil Nadu",g 2 nandhini apartments 72 45 1st main road chennai city corporation chennai tamil nadu,INDIA,INDIA,"['2', '72', '45']","['2', '72', '45']",latin,tamil,cross_script_name,11.32075471698113
S1-232902553,S2-863923499,Bharat Foundation Limited,bharat foundation ltd,भारत फाउंडेशन लिमिटेड,भ रत फ उडशन ल म टड,"Haryana, Dlf Ph-Iii, Dlf Phase Iii, S-31 A/2, Gurgaon",haryana dlf ph iii dlf phase iii s 31 a 2 gurgaon,"S-31 A/2, DLF PH-III, GURGAON, हरियाणा",s 31 a 2 dlf ph iii gurgaon हर य ण,INDIA,INDIA,"['31', '2']","['31', '2']",latin,devanagari,cross_script_name,10.256410256410254
S1-232902553,S3-574144822,Bharat Foundation Limited,bharat foundation ltd,Quotavo,quotavo,"Haryana, Dlf Ph-Iii, Dlf Phase Iii, S-31 A/2, Gurgaon",haryana dlf ph iii dlf phase iii s 31 a 2 gurgaon,"S-31 A/2, Gurgaon, Dlf Ph-Iii, Dlf Phase Iii, Haryana",s 31 a 2 gurgaon dlf ph iii dlf phase iii haryana,INDIA,INDIA,"['31', '2']","['31', '2']",latin,latin,dba_trade_name_mismatch,21.42857142857143
S1-431241109,S2-680446554,Vijay Industries Private Limited,vijay industries pvt ltd,विजय इंडस्ट्रीज प्राइवेट लिमिटेड,व जय इडसटर ज पर इवट ल म टड,"Mumbai, Maharashtra, Mumbai City, 5 Ll Flr Raja Inds Estate P K Road Mulund West",mumbai maharashtra mumbai city 5 ll flr raja inds estate p k road mulund west,"5 LL FLR RAJA INDS ESTATE P K ROAD MULUND WEST, GREATER MUMBAI, MUMBAI CITY, महाराष्ट्र",5 ll flr raja inds estate p k road mulund west greater mumbai mumbai city मह र षटर,INDIA,INDIA,['5'],['5'],latin,devanagari,cross_script_name,12.0
S1-431241109,S2-957179593,Vijay Industries Private Limited,vijay industries pvt ltd,-- Vijay Private Limited Services,vijay private limited services,"Mumbai, Maharashtra, Mumbai City, 5 Ll Flr Raja Inds Estate P K Road Mulund West",mumbai maharashtra mumbai city 5 ll flr raja inds estate p k road mulund west,"MUMBAI CITY, NO 5 LL FLR RAJA INDS ESTATE P K ROAD MULUND WEST, Maharashtra, GREATER MUMBAI",mumbai city no 5 ll flr raja inds estate p k road mulund west maharashtra greater mumbai,INDIA,INDIA,['5'],['5'],latin,latin,extreme_typo,51.85185185185186
S1-431241109,S3-295729528,Vijay Industries Private Limited,vijay industries pvt ltd,विजय इंडस्ट्रीज प्राइवेट लिमिटेड,व जय इडसटर ज पर इवट ल म टड,"Mumbai, Maharashtra, Mumbai City, 5 Ll Flr Raja Inds Estate P K Road Mulund West",mumbai maharashtra mumbai city 5 ll flr raja inds estate p k road mulund west,"MH, Mumbai City, Mumbai, #5 Ll Flr Raja Inds Estate P K Road Mulund West",mh mumbai city mumbai 5 ll flr raja inds estate p k road mulund west,INDIA,INDIA,['5'],['5'],latin,devanagari,cross_script_name,12.0
S1-34957343,S2-142064799,Sun Products Private Limited,sun products pvt ltd,सन प्रोडक्ट्स प्राइवेट लिमिटेड,सन पर डकटस पर इवट ल म टड,"201 Annora, Rodas Enclave, Hiranandani Estate, Thane, Maharashtra",201 annora rodas enclave hiranandani estate thane maharashtra,"H.NO 201 ANNORA, NULL, THANE, Maharashtra",no 201 annora thane maharashtra,INDIA,INDIA,['201'],['201'],latin,devanagari,cross_script_name,13.636363636363635
S1-358618259,S2-846810182,One Builders Private Limited,one builders pvt ltd,వన్ బిల్డర్స్ ప్రైవేట్ లిమిటెడ్,వన బలడరస పరవట లమటడ,"Flat.No.202, Plot.No.25, Sunder Nagar, S.R.Nagar, Hyderabad, Telangana",flat no 202 plot no 25 sunder nagar s ruenagar hyderabad telangana,"HYDERABAD, S.R.NAGAR, FLAT.NO.202, Andhra Pradesh",hyderabad s ruenagar flat no 202 andhra pradesh,INDIA,INDIA,"['202', '25']",['202'],latin,telugu,cross_script_name,15.789473684210531
S1-747229206,S2-566218594,All Care Limited,all care ltd,ऑल केयर लिमिटेड,ऑल कयर ल म टड,"E-3 Mansarover Garden, New Delhi, North Delhi, Delhi",e 3 mansarover garden new delhi north delhi delhi,"863 E-3 MANSAROVER GARDEN, NEW DELHI, NORTH DELHI, Delhi",863 e 3 mansarover garden new delhi north delhi delhi,INDIA,INDIA,['3'],"['863', '3']",latin,devanagari,cross_script_name,16.000000000000004
S1-154857097,S2-943854202,Big It Private Limited,big it pvt ltd,बिग आईटी प्राइवेट लिमिटेड,ब ग आईट पर इवट ल म टड,"147, 14Th Floor, Atlanta, Nariman Point, Mumbai, Maharashtra",147 14th floor atlanta nariman point mumbai maharashtra,"145, 14TH FLOOR, ATLANTA, NARIMAN POINT, MUMBAI, महाराष्ट्र",145 14th floor atlanta nariman point mumbai मह र षटर,INDIA,INDIA,['147'],['145'],latin,devanagari,cross_script_name,17.14285714285714
S1-797361235,S3-799568071,Indian Consulting Private Limited,indian consulting pvt ltd,Indian Private Limited Center,indian private limited center,"Bareilly, Agrass, Po Khas, House Number 72, Uttar Pradesh, Bareilly",bareilly agrass po khas house number 72 uttar pradesh bareilly,"House Number 72, Bareilly, उत्तर प्रदेश",house number 72 bareilly उततर परदश,INDIA,INDIA,['72'],['72'],latin,latin,word_order_variation,51.85185185185186
S1-797361235,S3-128786076,Indian Consulting Private Limited,indian consulting pvt ltd,इंडियन कंसल्टिंग प्राइवेट लिमिटेड,इड यन कसलट ग पर इवट ल म टड,"Bareilly, Agrass, Po Khas, House Number 72, Uttar Pradesh, Bareilly",bareilly agrass po khas house number 72 uttar pradesh bareilly,"House Number 72, Bareilly, UP",house number 72 bareilly up,INDIA,INDIA,['72'],['72'],latin,devanagari,cross_script_name,11.764705882352944
S1-797361235,S3-669597075,Indian Consulting Private Limited,indian consulting pvt ltd,इंडियन कंसल्टिंग प्राइवेट लिमिटेड,इड यन कसलट ग पर इवट ल म टड,"Bareilly, Agrass, Po Khas, House Number 72, Uttar Pradesh, Bareilly",bareilly agrass po khas house number 72 uttar pradesh bareilly,"House Number 72, Bareilly, UP",house number 72 bareilly up,INDIA,INDIA,['72'],['72'],latin,devanagari,cross_script_name,11.764705882352944
S1-541913177,S3-439371588,Benedikta Mahl Elite Interprivate P.C.,benedikta mahl elite interprivate p c,bmelite.com,bmelite com,"3720 Poinsettia Drive, Phoenix, AZ",3720 poinsettia drive phoenix az,"Phoenix, Arizona, 3720a Poinsettia Drive",phoenix arizona 3720a poinsettia drive,US,US,['3720'],[],latin,latin,url_domain_issue,37.5
S1-979207238,S2-814387186,Creative Energy Pvt Ltd,creative energy pvt ltd,क्रिएटिव एनर्जी प्रा. लि.,कर एट व एनरज पर ल,"G-42, Grain Merchant C.H.S. Ltd., Sector 17, Vashi, Vashi, Thane, Maharashtra",g 42 grain merchant c h s ltd sector 17 vashi vashi thane maharashtra,"G-42, VASHI, THANE, Maharashtra",g 42 vashi thane maharashtra,INDIA,INDIA,"['42', '17']",['42'],latin,devanagari,cross_script_name,15.000000000000002
S1-862053862,S2-463433426,Universal & Co,universal and co,Synvera,synvera,"85, Vindhya Commercial Complex, Sector 11 Cbd Belapur, Navi Mumbai, Navi Mumbai, Mumbai City, Maharashtra",85 vindhya commercial complex sector 11 cbd belapur navi mumbai navi mumbai mumbai city maharashtra,"85/3, <NULL>, MUMBAI CITY, NAVI MUMBAI, Maharashtra",85 3 mumbai city navi mumbai maharashtra,INDIA,INDIA,"['85', '11']","['85', '3']",latin,latin,extreme_typo,43.47826086956522
S1-999023589,S2-137990607,Sunrise Builders Limited,sunrise builders ltd,ಸನ್‌ರೈಸ್ ಬಿಲ್ಡರ್ಸ್ ಲಿಮಿಟೆಡ್,ಸನ ರ ಸ ಬಲಡರಸ ಲಮಟಡ,"Karnataka, Bangalore, 4A, Peenya Industrial Area, Bangalore",karnataka bangalore 4a peenya industrial area bangalore,"DOOR NO B3/536 4A, PEENYA INDUSTRIAL AREA, BANGALORE, BENGALURU, BANGALORE, Karnataka",no b3 536 4a peenya industrial area bangalore bengaluru bangalore karnataka,INDIA,INDIA,[],['536'],latin,other,dba_trade_name_mismatch,10.81081081081081
S1-999023589,S3-586599866,Sunrise Builders Limited,sunrise builders ltd,ಸನ್‌ರೈಸ್ Builders ಲಿಮಿಟೆಡ್,ಸನ ರ ಸ builders ಲಮಟಡ,"Karnataka, Bangalore, 4A, Peenya Industrial Area, Bangalore",karnataka bangalore 4a peenya industrial area bangalore,"4A, Bangalore, KA",4a bangalore ka,INDIA,INDIA,[],[],latin,mixed_latin_other,extreme_typo,50.0
S1-221384458,S2-70880749,New Business Pvt Ltd,new business pvt ltd,न्यू बिजनेस प्रा. लि.,नय ब जनस पर ल,"Survey Number 39/A/2/3, House Number 2/163, Building Number 7, Flat 15, Durvankur Apartment, Manikbag, Amrutanagar, Pune City, Pune, Maharashtra",survey number 39 a 2 3 house number 2 163 building number 7 flat 15 durvankur apartment manikbag amrutanagar pune city pune maharashtra,"SURVEY NUMBER 39/A/2/3, PUNE CITY, PUNE, महाराष्ट्र",survey number 39 a 2 3 pune city pune मह र षटर,INDIA,INDIA,"['39', '2', '3', '2', '163', '7', '15']","['39', '2', '3']",latin,devanagari,cross_script_name,18.181818181818176
S1-640963226,S2-719617858,Surya Foods Limited,surya foods ltd,સૂર્ય ફૂડ્સ લિમિટેડ,સરય ફડસ લ મ ટડ,"Ff-53, Avishkar Complex Old Padra Road, Vadodara, Gujarat",ff 53 avishkar complex old padra road vadodara gujarat,"FF-##53, VADODARA, Gujarat",ff 53 vadodara gujarat,INDIA,INDIA,['53'],['53'],latin,other,dba_trade_name_mismatch,13.793103448275868
S1-640963226,S2-77966847,Surya Foods Limited,surya foods ltd,સૂર્ય ફૂડ્સ લિમિટેડ,સરય ફડસ લ મ ટડ,"Ff-53, Avishkar Complex Old Padra Road, Vadodara, Gujarat",ff 53 avishkar complex old padra road vadodara gujarat,"FF-##53, VADODARA, Gujarat",ff 53 vadodara gujarat,INDIA,INDIA,['53'],['53'],latin,other,dba_trade_name_mismatch,13.793103448275868
S1-26989708,S2-171688873,Innovative Food Private Limited,innovative food pvt ltd,इनोवेटिव फूड प्राइवेट लिमिटेड,इन वट व फड पर इवट ल म टड,"E-57A, Sector-63, Noida, Ghaziabad, Uttar Pradesh",e 57a sector 63 noida ghaziabad uttar pradesh,"E-A-57A, उत्तर प्रदेश, NOIDA, GHAZIABAD, SECTOR-63",e a 57a उततर परदश noida ghaziabad sector 63,INDIA,INDIA,['63'],['63'],latin,devanagari,cross_script_name,12.765957446808507
S1-26989708,S3-647539675,Innovative Food Private Limited,innovative food pvt ltd,इनोवेटिव फूड प्राइवेट लिमिटेड,इन वट व फड पर इवट ल म टड,"E-57A, Sector-63, Noida, Ghaziabad, Uttar Pradesh",e 57a sector 63 noida ghaziabad uttar pradesh,"Block F-936 E-57a, Sector-63, Noida, Ghaziabad, UP",block f 936 e 57a sector 63 noida ghaziabad up,INDIA,INDIA,['63'],"['936', '63']",latin,devanagari,cross_script_name,12.765957446808507
S1-26989708,S2-255826553,Innovative Food Private Limited,innovative food pvt ltd,इनोवेटिव फूड प्राइवेट लिमिटेड,इन वट व फड पर इवट ल म टड,"E-57A, Sector-63, Noida, Ghaziabad, Uttar Pradesh",e 57a sector 63 noida ghaziabad uttar pradesh,"E-A-57A, SECTOR-63, NOIDA, GHAZIABAD, Uttar Pradesh",e a 57a sector 63 noida ghaziabad uttar pradesh,INDIA,INDIA,['63'],['63'],latin,devanagari,cross_script_name,12.765957446808507
S1-161700708,S2-649652883,Aurelea Smith Modern Debt LLC,aurelea smith modern debt llc,Dovalum,dovalum,"DE, Frankford, 31315 Taywood Drive",de frankford 31315 taywood drive,"TAYWOOD DR, FRAANKFORD, DE",taywood drive fraankford de,US,US,['31315'],[],latin,latin,address_only_relation,16.666666666666664
S1-268426904,S3-532586370,Sun One Estate Private Limited,sun one estate pvt ltd,সান ওয়ান এস্টেট প্রাইভেট লিমিটেড,স ন ওয ন এসট ট পর ইভ ট ল ম ট ড,"6Th Floor, 4, Maharana Pratap Sarani, Kolkata, Howrah, West Bengal",6th floor 4 maharana pratap sarani kolkata howrah west bengal,"6Th/8 Floor, 4, Maharana Pratap Sarani, Kolkata, WB",6th 8 floor 4 maharana pratap sarani kolkata wb,INDIA,INDIA,['4'],"['8', '4']",latin,bengali,cross_script_name,15.384615384615385
S1-268426904,S2-416922740,Sun One Estate Private Limited,sun one estate pvt ltd,সান ওয়ান এস্টেট প্রাইভেট লিমিটেড,স ন ওয ন এসট ট পর ইভ ট ল ম ট ড,"6Th Floor, 4, Maharana Pratap Sarani, Kolkata, Howrah, West Bengal",6th floor 4 maharana pratap sarani kolkata howrah west bengal,"#6TH FLOOR, 4, MAHARANA PRATAP SARANI, KOLKATA, HOWRAH, West Bengal",6th floor 4 maharana pratap sarani kolkata howrah west bengal,INDIA,INDIA,['4'],['4'],latin,bengali,cross_script_name,15.384615384615385
S1-268426904,S3-753500447,Sun One Estate Private Limited,sun one estate pvt ltd,সান ওয়ান এস্টেট প্রাইভেট লিমিটেড,স ন ওয ন এসট ট পর ইভ ট ল ম ট ড,"6Th Floor, 4, Maharana Pratap Sarani, Kolkata, Howrah, West Bengal",6th floor 4 maharana pratap sarani kolkata howrah west bengal,"Door No 6Th/8 Floor, Kolkata, Howrah, WB",no 6th 8 floor kolkata howrah wb,INDIA,INDIA,['4'],['8'],latin,bengali,cross_script_name,15.384615384615385
S1-335519097,S2-624598295,Premier One Enterprises Pvt Ltd,premier one enterprises pvt ltd,प्रीमियर वन एंटरप्राइजेज प्रा. लि.,पर म यर वन एटरपर इजज पर ल,"Flat 101, A-1/127, Phase V, Aya Nagar, New Delhi, South West Delhi, Delhi",flat 101 a 1 127 phase v aya nagar new delhi south west delhi delhi,"FLAT 101, NEW DELHI, SOUTH WEST DELHI, Delhi",flat 101 new delhi south west delhi delhi,INDIA,INDIA,"['101', '1', '127']",['101'],latin,devanagari,cross_script_name,14.28571428571429
S1-335519097,S2-981875371,Premier One Enterprises Pvt Ltd,premier one enterprises pvt ltd,प्रीमियर वन एंटरप्राइजेज प्रा. लि.,पर म यर वन एटरपर इजज पर ल,"Flat 101, A-1/127, Phase V, Aya Nagar, New Delhi, South West Delhi, Delhi",flat 101 a 1 127 phase v aya nagar new delhi south west delhi delhi,"FLAT 101, NEW DELHI, SOUTH WEST DELHI, दिल्ली",flat 101 new delhi south west delhi द लल,INDIA,INDIA,"['101', '1', '127']",['101'],latin,devanagari,cross_script_name,14.28571428571429
S1-779827243,S3-48396221,Murali Foundation LLP,murali foundation llp,Mr Brixonyxfaye,mr brixonyxfaye,"2Nd Floor, 31A, Tara Chand Dutt Street, Kolkata, Kolkata, Howrah, West Bengal",2nd floor 31a tara chand dutt street kolkata kolkata howrah west bengal,"No 2N Floor, Kolkata Region, Kolkata, WB",no 2n floor kolkata region kolkata wb,INDIA,INDIA,[],[],latin,latin,extreme_typo,33.333333333333336
S1-272340452,S2-406933062,Lakshmi Tech Media Limited,lakshmi tech media ltd,लक्ष्मी टेक मीडिया लिमिटेड,लकषम टक म ड य ल म टड,"Shop No. 06, Nr Petrol, Pump, Ratlam Road, Banswara, Rajasthan",shop no 06 nr petrol pump ratlam road banswara rajasthan,"Rajasthan, TEJPUR, 06, BANSWARA",rajasthan tejpur 06 banswara,INDIA,INDIA,['06'],['06'],latin,devanagari,cross_script_name,14.28571428571429
S1-108750594,S3-870334692,Jay Software Private Limited,jay software pvt ltd,जय सॉफ्टवेयर प्राइवेट लिमिटेड,जय स फटवयर पर इवट ल म टड,"C 47 Old Govind Pura, Delhi, East Delhi, Delhi",c 47 old govind pura delhi east delhi delhi,"C 47 Old Govind Pura, Delhi, East Delhi, दिल्ली",c 47 old govind pura delhi east delhi द लल,INDIA,INDIA,['47'],['47'],latin,devanagari,cross_script_name,13.636363636363635
S1-273577921,S2-772369439,"Nathalia Upton, D.D.S., DDS PC-Bountiful",nathalia upton d d s dds pc bountiful,uptondds.com,uptondds com,"UT, Unit 16, 2095 Main Street, Bountiful",ut unit 16 2095 main street bountiful,"2095D MAIN ST, BOUNTIFUL, UT",2095d main street bountiful ut,US,US,"['16', '2095']",[],latin,latin,url_domain_issue,44.89795918367348
S1-424010232,S3-998133000,Good Systems Private Limited,good systems pvt ltd,गुड सिस्टम्स प्राइवेट लिमिटेड,गड स सटमस पर इवट ल म टड,"Pune, Sai Ambience, Maharashtra, Pune, B-1001, Pimple Saudagar",pune sai ambience maharashtra pune b 1001 pimple saudagar,"Pune, MH, Sai Ambience",pune mh sai ambience,INDIA,INDIA,['1001'],[],latin,devanagari,cross_script_name,13.953488372093027
S1-424010232,S3-244010851,Good Systems Private Limited,good systems pvt ltd,गुड सिस्टम्स प्राइवेट लिमिटेड,गड स सटमस पर इवट ल म टड,"Pune, Sai Ambience, Maharashtra, Pune, B-1001, Pimple Saudagar",pune sai ambience maharashtra pune b 1001 pimple saudagar,"Sai Ambience, Sangvi, MH",sai ambience sangvi mh,INDIA,INDIA,['1001'],[],latin,devanagari,cross_script_name,13.953488372093027
S1-259910169,S2-926892454,Southern Consulting Private Limited,southern consulting pvt ltd,ಸದರ್ನ್ ಕನ್ಸಲ್ಟಿಂಗ್ ಪ್ರೈವೇಟ್ ಲಿಮಿಟೆಡ್,ಸದರನ ಕನಸಲಟ ಗ ಪರ ವ ಟ ಲಮಟಡ,"No.77, 3Rd Cross, 10Th Main Nti Layout, Vidyaranya Pura, Bangalore, Karnataka",no 77 3rd cross 10th main nti layout vidyaranya pura bangalore karnataka,"#77, 3RD CROSS, 10TH MAIN NTI LAYOUT, VIDYARANYA PURA, BANGALORE, ಕರ್ನಾಟಕ",77 3rd cross 10th main nti layout vidyaranya pura bangalore ಕರನ ಟಕ,INDIA,INDIA,['77'],['77'],latin,other,dba_trade_name_mismatch,11.764705882352944
S1-259910169,S3-433228290,Southern Consulting Private Limited,southern consulting pvt ltd,Deltapyradelta One,deltapyradelta one,"No.77, 3Rd Cross, 10Th Main Nti Layout, Vidyaranya Pura, Bangalore, Karnataka",no 77 3rd cross 10th main nti layout vidyaranya pura bangalore karnataka,"Karnataka, 3Rd Cross, 10Th Main Nti Layout, Vidyaranya Pura, Bangalore, No.77",karnataka 3rd cross 10th main nti layout vidyaranya pura bangalore no 77,INDIA,INDIA,['77'],['77'],latin,latin,dba_trade_name_mismatch,26.66666666666667
S1-451998438,S2-766246412,Star Business Private Limited,star business pvt ltd,स्टार बिजनेस प्राइवेट लिमिटेड,सट र ब जनस पर इवट ल म टड,"Ward No. 6, Near Asharam, Hari Mandir, Amarpuri, Pataudi, Gurgaon, Haryana",ward no 6 near asharam hari mandir amarpuri pataudi gurgaon haryana,"HN 314 WARD NO. 6, GURGAON, GURUGRAM, Haryana",hn 314 ward no 6 gurgaon gurugram haryana,INDIA,INDIA,['6'],"['314', '6']",latin,devanagari,cross_script_name,13.33333333333333
S1-250510039,S2-405533506,EAP Alutech Company,eap alutech company,Vantageavi,vantageavi,"C-1248, Arawali Marg, Lucknow, Uttar Pradesh",c 1248 arawali marg lucknow uttar pradesh,"C-124, ARAWALI MARG, LUCKNOW, Uttar Pradesh",c 124 arawali marg lucknow uttar pradesh,INDIA,INDIA,['1248'],['124'],latin,latin,dba_trade_name_mismatch,27.586206896551722
S1-195381333,S2-321392297,Jaipur Systems Pvt Ltd,jaipur systems pvt ltd,ARIANEXARIA,arianexaria,"Business Avenue, B-12, S-2 Iind Floor Above Idbi Bank, Govind Marg, Raja Park, Adars, H Nagar, Jaipur, Rajasthan",business avenue b 12 s 2 iind floor above idbi bank govind marg raja park adars h nagar jaipur rajasthan,"BUSINESS AVENUE, NEW DELHI, JAIPUR, राजस्थान",business avenue new delhi jaipur र जसथ न,INDIA,INDIA,"['12', '2']",[],latin,latin,address_only_relation,18.181818181818176
S1-928675966,S2-553655969,Taloja & Sons Ltd,taloja and sons ltd,Dr Viovio,dr viovio,"Flat No.17, Disha Co-Operative Housing Society, Sp-8, S No.482, Sai Nagar, Panvel, Raigarh, Maharashtra",flat no 17 disha co operative housing society sp 8 s no 482 sai nagar panvel raigarh maharashtra,"FLAT NO.17, RAIGARH, Maharashtra",flat no 17 raigarh maharashtra,INDIA,INDIA,"['17', '8', '482']",['17'],latin,latin,dba_trade_name_mismatch,21.42857142857143
S1-802954685,S2-517941357,Good Developers Private Limited,good developers pvt ltd,గుడ్ డెవలపర్స్ ప్రైవేట్ లిమిటెడ్,గ డ డవలపరస పరవట లమటడ,"D, Guntur, Andhra Pradesh, Krishna, No. 5-91-22/2, 4Th Line, Lakshmi Puram",d guntur andhra pradesh krishna no 5 91 22 2 4th line lakshmi puram,"D, NO. 5-91-22/2, 4TH LINE, LAKSHMI PURAM, KRISHNA, GUNTUR, Andhra Pradesh",d no 5 91 22 2 4th line lakshmi puram krishna guntur andhra pradesh,INDIA,INDIA,"['5', '91', '22', '2']","['5', '91', '22', '2']",latin,telugu,cross_script_name,13.953488372093027
S1-802954685,S2-641496465,Good Developers Private Limited,good developers pvt ltd,గుడ్ డెవలపర్స్ ప్రైవేట్ లిమిటెడ్,గ డ డవలపరస పరవట లమటడ,"D, Guntur, Andhra Pradesh, Krishna, No. 5-91-22/2, 4Th Line, Lakshmi Puram",d guntur andhra pradesh krishna no 5 91 22 2 4th line lakshmi puram,"KRISHNA, Andhra Pradesh, D, GUNTUR",krishna andhra pradesh d guntur,INDIA,INDIA,"['5', '91', '22', '2']",[],latin,telugu,cross_script_name,13.953488372093027
S1-802954685,S3-320568677,Good Developers Private Limited,good developers pvt ltd,గుడ్ డెవలపర్స్ ప్రైవేట్ లిమిటెడ్,గ డ డవలపరస పరవట లమటడ,"D, Guntur, Andhra Pradesh, Krishna, No. 5-91-22/2, 4Th Line, Lakshmi Puram",d guntur andhra pradesh krishna no 5 91 22 2 4th line lakshmi puram,"D, Krishna, Guntur, AP",d krishna guntur ap,INDIA,INDIA,"['5', '91', '22', '2']",[],latin,telugu,cross_script_name,13.953488372093027
S1-604067124,S2-937170141,Shiva Producer Private Limited,shiva producer pvt ltd,शिवा प्रोड्यूसर प्राइवेट लिमिटेड,श व पर डयसर पर इवट ल म टड,"P-26Pandav Nagar, Delhi, East Delhi, Delhi",p 26pandav nagar delhi east delhi delhi,"P-##26PANDAV NAGAR, DELHI, EAST DELHI, Delhi",p 26pandav nagar delhi east delhi delhi,INDIA,INDIA,[],[],latin,devanagari,cross_script_name,12.765957446808507
S1-604067124,S3-219164756,Shiva Producer Private Limited,shiva producer pvt ltd,शिवा प्रोड्यूसर प्राइवेट लिमिटेड,श व पर डयसर पर इवट ल म टड,"P-26Pandav Nagar, Delhi, East Delhi, Delhi",p 26pandav nagar delhi east delhi delhi,"DL, P-26pandav Nagar, Delhi, East Delhi",dl p 26pandav nagar delhi east delhi,INDIA,INDIA,[],[],latin,devanagari,cross_script_name,12.765957446808507
S1-604067124,S2-102664873,Shiva Producer Private Limited,shiva producer pvt ltd,शिवा प्रोड्यूसर प्राइवेट लिमिटेड,श व पर डयसर पर इवट ल म टड,"P-26Pandav Nagar, Delhi, East Delhi, Delhi",p 26pandav nagar delhi east delhi delhi,"P-##26PANDAV NAGAR, DELHI, EAST DELHI, Delhi",p 26pandav nagar delhi east delhi delhi,INDIA,INDIA,[],[],latin,devanagari,cross_script_name,12.765957446808507
S1-47765963,S2-599796635,Arihant Agro Limited,arihant agro ltd,अरिहंत एग्रो लिमिटेड,अर हत एगर ल म टड,"Shop No.32, First Floor, Chaitanya Market, Goda Nakks, Bhopal, Madhya Pradesh",shop no 32 first floor chaitanya market goda nakks bhopal madhya pradesh,"NO 32, BHOPAL, मध्य प्रदेश",no 32 bhopal मधय परदश,INDIA,INDIA,['32'],['32'],latin,devanagari,cross_script_name,12.5
S1-636831324,S2-982720804,Blue Modern Developers,blue modern developers,બ્લૂ મોડર્ન ડેવલપર્સ,બલ મ ડરન ડવલપરસ,"1163/2 A'Ba B-9 Near Hotel Sahyog, Chhatral, Kalol, Gandhinagar, Gandhi Nagar, Gujarat",1163 2 a ba b 9 near hotel sahyog chhatral kalol gandhinagar gandhi nagar gujarat,"#163/2 A'BA B-9 NEAR HOTEL SAHYOG, GANDHINAGAR, GANDHI NAGAR, Gujarat",163 2 a ba b 9 near hotel sahyog gandhinagar gandhi nagar gujarat,INDIA,INDIA,"['1163', '2', '9']","['163', '2', '9']",latin,other,dba_trade_name_mismatch,10.81081081081081
S1-14825773,S3-794106188,Trinity Impex Private Limited,trinity impex pvt ltd,TI,ti,"Arihant Building, Flat No. 102, 15Th Road, Khar (West), Mumbai, Maharashtra",arihant building flat no 102 15th road khar west mumbai maharashtra,"Arihant Building, Mumbai, Flat No. 102, 15Th Road, Khar (West), Maharashtra",arihant building mumbai flat no 102 15th road khar west maharashtra,INDIA,INDIA,['102'],['102'],latin,latin,dba_trade_name_mismatch,17.391304347826086
S1-20928731,S3-740367178,International Systems Limited,international systems ltd,इंटरनेशनल सिस्टम्स लिमिटेड,इटरनशनल स सटमस ल म टड,"Shivlok House 1, Delhi, West Delhi, New Delhi, I1, Comm Co, A2, Karam Pura",shivlok house 1 delhi west delhi new delhi i1 comm co a2 karam pura,"दिल्ली, New Delhi, West Delhi, Shivlok House 1",द लल new delhi west delhi shivlok house 1,INDIA,INDIA,['1'],['1'],latin,devanagari,cross_script_name,8.695652173913048
S1-20928731,S3-365472277,International Systems Limited,international systems ltd,इंटरनेशनल सिस्टम्स लिमिटेड,इटरनशनल स सटमस ल म टड,"Shivlok House 1, Delhi, West Delhi, New Delhi, I1, Comm Co, A2, Karam Pura",shivlok house 1 delhi west delhi new delhi i1 comm co a2 karam pura,"Shivlok House 1, New Delhi, West Delhi, DL",shivlok house 1 new delhi west delhi dl,INDIA,INDIA,['1'],['1'],latin,devanagari,cross_script_name,8.695652173913048
S1-20928731,S2-260447963,International Systems Limited,international systems ltd,इंटरनेशनल सिस्टम्स लिमिटेड,इटरनशनल स सटमस ल म टड,"Shivlok House 1, Delhi, West Delhi, New Delhi, I1, Comm Co, A2, Karam Pura",shivlok house 1 delhi west delhi new delhi i1 comm co a2 karam pura,"SHIVLOK HOUSE 1, NEW DELHI, WEST DELHI, Delhi",shivlok house 1 new delhi west delhi delhi,INDIA,INDIA,['1'],['1'],latin,devanagari,cross_script_name,8.695652173913048
S1-979513513,S2-878127576,Sai Technology Private Limited,sai technology pvt ltd,साई टेक्नोलॉजी प्राइवेट लिमिटेड,स ई टकन ल ज पर इवट ल म टड,"Flat No. A/301 3Rd Floor, Vinayak Chs Ltd. Chendani Koliwada, Mumbai, Mumbai City, Maharashtra",flat no a 301 3rd floor vinayak chs ltd chendani koliwada mumbai mumbai city maharashtra,"FLAT NO. A/301 3RD FLOOR, MUMBAI, MUMBAI CITY, महाराष्ट्र",flat no a 301 3rd floor mumbai mumbai city मह र षटर,INDIA,INDIA,['301'],['301'],latin,devanagari,cross_script_name,12.765957446808507
S1-53041046,S2-219647551,Guru Care LLP,guru care llp,गुरु केयर एलएलपी,गर कयर एलएलप,"Gali No. 3, Behind City, Mall, Vijay Nagar, Gokalgarh, Rewari, Haryana",gali no 3 behind city mall vijay nagar gokalgarh rewari haryana,"GALI NO. 3, null, DIVREPORTINGCIRCLE, Haryana",gali no 3 divreportingcircle haryana,INDIA,INDIA,['3'],['3'],latin,devanagari,cross_script_name,16.000000000000004
S1-506313987,S3-190364107,Lakshmi Engineering Pvt Ltd,lakshmi engineering pvt ltd,ಲಕ್ಷ್ಮಿ ಇಂಜಿನಿಯರಿಂಗ್ ಪ್ರೈವೇಟ್ ಲಿಮಿಟೆಡ್,ಲಕಷಮ ಇ ಜನಯರ ಗ ಪರ ವ ಟ ಲಮಟಡ,"#62/1, New No.7, 1St Cross, 2Nd Main Road, Ganganagar, Bangalore, Karnataka",62 1 new no 7 1st cross 2nd main road ganganagar bangalore karnataka,"No 62/1, New No.7, 1St Cross, 2Nd Main Road, Ganganagar, Bangalore, KA",no 62 1 new no 7 1st cross 2nd main road ganganagar bangalore ka,INDIA,INDIA,"['62', '1', '7']","['62', '1', '7']",latin,other,dba_trade_name_mismatch,11.538461538461542
S1-506313987,S2-144107879,Lakshmi Engineering Pvt Ltd,lakshmi engineering pvt ltd,ಲಕ್ಷ್ಮಿ ಇಂಜಿನಿಯರಿಂಗ್ ಪ್ರೈವೇಟ್ ಲಿಮಿಟೆಡ್,ಲಕಷಮ ಇ ಜನಯರ ಗ ಪರ ವ ಟ ಲಮಟಡ,"#62/1, New No.7, 1St Cross, 2Nd Main Road, Ganganagar, Bangalore, Karnataka",62 1 new no 7 1st cross 2nd main road ganganagar bangalore karnataka,"BENGALURU, NEW NO.7, 1ST CROSS, 2ND MAIN ROAD, GANGANAGAR, BANGALORE, Karnataka, DOOR NO 62/1",bengaluru new no 7 1st cross 2nd main road ganganagar bangalore karnataka no 62 1,INDIA,INDIA,"['62', '1', '7']","['7', '62', '1']",latin,other,dba_trade_name_mismatch,11.538461538461542
S1-841864760,S3-287014423,Brown Kensington LLC,brown kensington llc,Brown Kniaegtfon LLC,brown kniaegtfon llc,"1428 Pine Street, Norristown Borough, PA",1428 pine street norristown borough pa,"Pine St, Norristown Borough, Pennsylvania",pine street norristown borough pennsylvania,US,US,['1428'],[],latin,latin,address_only_relation,85.0
S1-50821480,S2-265833219,Sr Trexim Private Limited,sr trexim pvt ltd,treximsrprivate.com,treximsrprivate com,"Shop No. 3 J - 5/33, Rajouri Garden, New Delhi, West Delhi, Delhi",shop no 3 j 5 33 rajouri garden new delhi west delhi delhi,"WEST DELHI, SHOP NO. C-3 J - 5/33, Delhi",west delhi shop no c 3 j 5 33 delhi,INDIA,INDIA,"['3', '5', '33']","['3', '5', '33']",latin,latin,url_domain_issue,55.55555555555556
S1-805549305,S2-753584683,Dream Engineering Pvt Ltd,dream engineering pvt ltd,ड्रीम इंजीनियरिंग प्रा. लि.,डर म इज न यर ग पर ल,"Shop No.3, Near Kundan Chowk, Vill. Khushkhera, Near Bhiwadi, Bhiwadi, Alwar, Rajasthan",shop no 3 near kundan chowk vill khushkhera near bhiwadi bhiwadi alwar rajasthan,"SHOP NO.G-3, BHIWADI, Rajasthan",shop no g 3 bhiwadi rajasthan,INDIA,INDIA,['3'],['3'],latin,devanagari,cross_script_name,13.636363636363635
S1-805549305,S2-713726449,Dream Engineering Pvt Ltd,dream engineering pvt ltd,ड्रीम इंजीनियरिंग प्रा. लि.,डर म इज न यर ग पर ल,"Shop No.3, Near Kundan Chowk, Vill. Khushkhera, Near Bhiwadi, Bhiwadi, Alwar, Rajasthan",shop no 3 near kundan chowk vill khushkhera near bhiwadi bhiwadi alwar rajasthan,"DOOR NO G-3, BHIWADI, राजस्थान",no g 3 bhiwadi र जसथ न,INDIA,INDIA,['3'],['3'],latin,devanagari,cross_script_name,13.636363636363635
S1-911663813,S2-538595274,Real Industries Private Limited,real industries pvt ltd,રિયલ ઇન્ડસ્ટ્રીઝ પ્રાઇવેટ લિમિટેડ,ર યલ ઇનડસટર ઝ પર ઇવટ લ મ ટડ,"5Th Floor Neelmanichamber, B/H Sales India, City Ahmedabad, Ahmedabad, Gujarat",5th floor neelmanichamber b h sales india city ahmedabad ahmedabad gujarat,"NO ##5TH FLOOR NEELMANICHAMBER, CITY AHMEDABAD, AHMEDABAD, Gujarat",no 5th floor neelmanichamber city ahmedabad ahmedabad gujarat,INDIA,INDIA,[],[],latin,other,dba_trade_name_mismatch,12.0
S1-821827055,S3-110699136,Apex Logistics Private Limited,apex logistics pvt ltd,അപെക്സ് ലോജിസ്റ്റിക്സ് പ്രൈവറ്റ് ലിമിറ്റഡ്,അപ കസ ല ജ സററ കസ പര വററ ല മ ററഡ,"Cabin 10, Room No. 8/308, Third Floor, Hilite Platino, Shankar Nagar Colony Road, Kannadikkadu, Ernakulam, Kerala",cabin 10 room no 8 308 third floor hilite platino shankar nagar colony road kannadikkadu ernakulam kerala,"Ernakulam, KL, Ernakulam, Cabin 10",ernakulam kl ernakulam cabin 10,INDIA,INDIA,"['10', '8', '308']",['10'],latin,other,dba_trade_name_mismatch,11.32075471698113
S1-385303865,S3-666294419,Red Foods Pvt Ltd,red foods pvt ltd,రెడ్ ఫుడ్స్ ప్రైవేట్ లిమిటెడ్,రడ ఫ డస పరవట లమటడ,"D.No 6-2-30/B, Flot No 103 First Floor, Express Court, Lakdi Ka Poo, L, Saifabad, Hyderabad, Telangana",d no 6 2 30 b flot no 103 first floor express court lakdi ka poo l saifabad hyderabad telangana,"Door No 4-2-30/B, Hyderabad, TG",no 4 2 30 b hyderabad tg,INDIA,INDIA,"['6', '2', '30', '103']","['4', '2', '30']",latin,telugu,cross_script_name,17.647058823529417
S1-385303865,S3-714744072,Red Foods Pvt Ltd,red foods pvt ltd,రెడ్ ఫుడ్స్ ప్రైవేట్ లిమిటెడ్,రడ ఫ డస పరవట లమటడ,"D.No 6-2-30/B, Flot No 103 First Floor, Express Court, Lakdi Ka Poo, L, Saifabad, Hyderabad, Telangana",d no 6 2 30 b flot no 103 first floor express court lakdi ka poo l saifabad hyderabad telangana,"Hyderabad, Door No 4-2-30/B, తెలంగాణ",hyderabad no 4 2 30 b తల గణ,INDIA,INDIA,"['6', '2', '30', '103']","['4', '2', '30']",latin,telugu,cross_script_name,17.647058823529417
S1-786497576,S2-787350941,Dong Grupo of Incorporated,dong grupo of inc,D0ng  Gnlo of Incorporated,d0ng gnlo of inc,"460 2nd Street, Incorporated, ID",460 2nd street incorporated id,"60 SECOND ST, INCORPORATED, ID",60 second street incorporated id,US,US,['460'],['60'],latin,latin,address_only_relation,78.78787878787878
S1-239986792,S2-321071987,Krishna Software Pvt Ltd,krishna software pvt ltd,कृष्णा सॉफ्टवेयर प्रा. लि.,कषण स फटवयर पर ल,"A02, Omkar Building Mathura Nagar Taaki Road Nallasopara East, Palghar, Nallasopara, Thane, Maharashtra",a02 omkar building mathura nagar taaki road nallasopara east palghar nallasopara thane maharashtra,"A002, THANE, NALLASOPARA, Maharashtra",a002 thane nallasopara maharashtra,INDIA,INDIA,[],[],latin,devanagari,cross_script_name,15.000000000000002
S1-239986792,S2-476732965,Krishna Software Pvt Ltd,krishna software pvt ltd,कृष्ण सॉफ्टवेयर प्रा. लि.,कषण स फटवयर पर ल,"A02, Omkar Building Mathura Nagar Taaki Road Nallasopara East, Palghar, Nallasopara, Thane, Maharashtra",a02 omkar building mathura nagar taaki road nallasopara east palghar nallasopara thane maharashtra,"A002, NALLASOPARA, THANE, Maharashtra",a002 nallasopara thane maharashtra,INDIA,INDIA,[],[],latin,devanagari,cross_script_name,15.000000000000002
S1-239986792,S2-615936168,Krishna Software Pvt Ltd,krishna software pvt ltd,कृष्ण सॉफ्टवेयर प्रा. लि.,कषण स फटवयर पर ल,"A02, Omkar Building Mathura Nagar Taaki Road Nallasopara East, Palghar, Nallasopara, Thane, Maharashtra",a02 omkar building mathura nagar taaki road nallasopara east palghar nallasopara thane maharashtra,"A002, THANE, महाराष्ट्र",a002 thane मह र षटर,INDIA,INDIA,[],[],latin,devanagari,cross_script_name,15.000000000000002
S1-239986792,S3-705961678,Krishna Software Pvt Ltd,krishna software pvt ltd,Krishna Snfftsorea Pvt Ltd,krishna snfftsorea pvt ltd,"A02, Omkar Building Mathura Nagar Taaki Road Nallasopara East, Palghar, Nallasopara, Thane, Maharashtra",a02 omkar building mathura nagar taaki road nallasopara east palghar nallasopara thane maharashtra,,,INDIA,INDIA,[],[],latin,latin,missing_address_evidence,84.0
S1-392566689,S3-550987772,EA Software Inc,ea software inc,Fayekelo,fayekelo,"1429 College Street, Portland, OR",1429 college street portland or,"College St, Portland, Oregon",college street portland oregon,US,US,['1429'],[],latin,latin,address_only_relation,26.086956521739136
S1-392566689,S3-117144804,EA Software Inc,ea software inc,EA Sofwttoaer Inc,ea sofwttoaer inc,"1429 College Street, Portland, OR",1429 college street portland or,,,US,US,['1429'],[],latin,latin,missing_address_evidence,81.25
S1-39641619,S3-245091850,Global Global Private Limited,global global pvt ltd,ग्लोबल ग्लोबल प्राइवेट लिमिटेड,गल बल गल बल पर इवट ल म टड,"Virar, Maharashtra, Thakur Arcade, Above Viva Super Market, Virar (West), Thane, 28-30",virar maharashtra thakur arcade above viva super market virar west thane 28 30,"28-30, Palghar, महाराष्ट्र",28 30 palghar मह र षटर,INDIA,INDIA,"['28', '30']","['28', '30']",latin,devanagari,cross_script_name,13.043478260869568
S1-313386776,S2-318583672,Ridge Fellowship II,ridge fellowship ii,Ridge-Follwmnhsip ÍI,ridge follwmnhsip ii,"KY, 409 Benham Street, Dayton",ky 409 benham street dayton,,,US,US,['409'],[],latin,latin,missing_address_evidence,82.05128205128204
S1-107367404,S2-225625577,Star Developers Private Limited,star developers pvt ltd,स्टार डेवलपर्स प्राइवेट लिमिटेड,सट र डवलपरस पर इवट ल म टड,"House No. 37, Gali No-3, Surat Nagar Phase 1, Railway Road, Gurgaon, Haryana",house no 37 gali no 3 surat nagar phase 1 railway road gurgaon haryana,"Haryana, HOUSE NO. 37, GURGAON, RAILWAY ROAD",haryana house no 37 gurgaon railway road,INDIA,INDIA,"['37', '3', '1']",['37'],latin,devanagari,cross_script_name,12.5
S1-107367404,S2-211526919,Star Developers Private Limited,star developers pvt ltd,स्टार डेवलपर्स प्राइवेट लिमिटेड,सट र डवलपरस पर इवट ल म टड,"House No. 37, Gali No-3, Surat Nagar Phase 1, Railway Road, Gurgaon, Haryana",house no 37 gali no 3 surat nagar phase 1 railway road gurgaon haryana,"HOUSE NO. 37, RAILWAY ROAD, GURGAON, Haryana",house no 37 railway road gurgaon haryana,INDIA,INDIA,"['37', '3', '1']",['37'],latin,devanagari,cross_script_name,12.5
S1-107367404,S3-937534238,Star Developers Private Limited,star developers pvt ltd,स्टार डेवलपर्स प्राइवेट लिमिटेड,सट र डवलपरस पर इवट ल म टड,"House No. 37, Gali No-3, Surat Nagar Phase 1, Railway Road, Gurgaon, Haryana",house no 37 gali no 3 surat nagar phase 1 railway road gurgaon haryana,"Railway Road, HR, Gurgaon, Gali No-3, Surat Nagar Phase 1, House No. 38",railway road hr gurgaon gali no 3 surat nagar phase 1 house no 38,INDIA,INDIA,"['37', '3', '1']","['3', '1', '38']",latin,devanagari,cross_script_name,12.5
S1-796253980,S3-637700877,Aj Trading Pvt Ltd,aj trading pvt ltd,Pvt Aj Tcracagdfng Ltd,pvt aj tcracagdfng ltd,"Gurgaon, Haryana, D-43, Gurgaon, Icon Appartment, Dlf Phase-5",gurgaon haryana d 43 gurgaon icon appartment dlf phase 5,"No 51 D-43, Gurugram, Gurgaon, HR",no 51 d 43 gurugram gurgaon hr,INDIA,INDIA,"['43', '5']","['51', '43']",latin,latin,address_only_relation,65.0
S1-113308274,S3-8396274,High International Pvt Ltd,high international pvt ltd,ஹை இன்டர்நேஷனல் பிரைவேட் லிமிடெட்,ஹ இனடரந ஷனல ப ர வ ட ல ம ட ட,"Tamil Nadu, Madurai Madurai, Azad Street, Gandhi Nagar, Madurai, 19",tamil nadu madurai madurai azad street gandhi nagar madurai 19,"19, Madurai Madurai, Madurai, TN",19 madurai madurai madurai tn,INDIA,INDIA,['19'],['19'],latin,tamil,cross_script_name,11.32075471698113
S1-455534410,S3-168537003,Aum Eye Private Limited,aum eye pvt ltd,aumeyeprivate.com,aumeyeprivate com,"301 Malay Sky, Friends, Colony, Nr. D.K Patel Hall, Ahmadabad City, Ahmedabad, Gujarat",301 malay sky friends colony nr d k patel hall ahmadabad city ahmedabad gujarat,"Door No A-301 Malay Sky, Ahmedabad, GJ",no a 301 malay sky ahmedabad gj,INDIA,INDIA,['301'],['301'],latin,latin,url_domain_issue,62.5
S1-896142542,S3-262116084,Laxmi Services,laxmi services,Cirazeta,cirazeta,"Plot No. 16 & 17, 2Nd Floor, Dwarka Sector 11, New Delhi, New Delhi, South West Delhi, Delhi",plot no 16 17 2nd floor dwarka sector 11 new delhi new delhi south west delhi delhi,"Plot No. 16 & 17, 2Nd Floor, Dwarka Sector 11, New Delhi, New Delhi, South West Delhi, Delhi",plot no 16 17 2nd floor dwarka sector 11 new delhi new delhi south west delhi delhi,INDIA,INDIA,"['16', '17', '11']","['16', '17', '11']",latin,latin,dba_trade_name_mismatch,27.27272727272727
S1-896142542,S2-466725563,Laxmi Services,laxmi services,लक्ष्मी सर्विसेज,लकषम सरव सज,"Plot No. 16 & 17, 2Nd Floor, Dwarka Sector 11, New Delhi, New Delhi, South West Delhi, Delhi",plot no 16 17 2nd floor dwarka sector 11 new delhi new delhi south west delhi delhi,"PLOT NO. #16 & 17, 2ND FLOOR, DWARKA SECTOR 11, NEW DELHI, DIVREPORTINGCIRCLE, SOUTH WEST DELHI, दिल्ली",plot no 16 17 2nd floor dwarka sector 11 new delhi divreportingcircle south west delhi द लल,INDIA,INDIA,"['16', '17', '11']","['16', '17', '11']",latin,devanagari,cross_script_name,7.9999999999999964
S1-907556285,S2-416672809,Great Products Private Limited,great products pvt ltd,ग्रेट प्रोडक्ट्स प्राइवेट लिमिटेड,गरट पर डकटस पर इवट ल म टड,"C-65, First Floor New Ashok Nagar, New Ashok Nagar, East Delhi, Delhi",c 65 first floor new ashok nagar new ashok nagar east delhi delhi,"C-65, Delhi, EAST DELHI, NEW ASHOK NAGAR, FIRST FLOOR NEW ASHOK NAGAR",c 65 delhi east delhi new ashok nagar first floor new ashok nagar,INDIA,INDIA,['65'],['65'],latin,devanagari,cross_script_name,12.765957446808507
S1-848852562,S3-104163212,Real Energy Pvt Ltd,real energy pvt ltd,Real Enye Pvt Ltd,real enye pvt ltd,"15, Sbi Employees, Pankaj Chsl, Navghar Road Mulund East, Mumbai, Mumbai City, Maharashtra",15 sbi employees pankaj chsl navghar road mulund east mumbai mumbai city maharashtra,"Mumbai, 15, MH",mumbai 15 mh,INDIA,INDIA,['15'],['15'],latin,latin,numeric_variation,88.88888888888889
S1-848852562,S3-930435324,Real Energy Pvt Ltd,real energy pvt ltd,Pvt Real Eoerby Ltd,pvt real eoerby ltd,"15, Sbi Employees, Pankaj Chsl, Navghar Road Mulund East, Mumbai, Mumbai City, Maharashtra",15 sbi employees pankaj chsl navghar road mulund east mumbai mumbai city maharashtra,"15, Mumbai, MH",15 mumbai mh,INDIA,INDIA,['15'],['15'],latin,latin,numeric_variation,68.42105263157895
S1-238576208,S2-789984427,Premier Ventures,premier ventures,প্রিমিয়ার ভেঞ্চারস,পর ম য র ভ ঞচ রস,"4A Ray Street, Kamadhenu, Building, Elgin Road, Kolkata, Kolkata, Howrah, West Bengal",4a ray street kamadhenu building elgin road kolkata kolkata howrah west bengal,"West Bengal, KOLKATA, HOWRAH, 4A RAY STREET",west bengal kolkata howrah 4a ray street,INDIA,INDIA,[],[],latin,bengali,cross_script_name,6.25
S1-209032763,S2-983423414,Krishna Hospitality Private Limited,krishna hospitality pvt ltd,कृष्ण हॉस्पिटैलिटी प्राइवेट लिमिटेड,कषण ह सप टल ट पर इवट ल म टड,"4, Green Vihar Benad Road, Jaipur, Rajasthan",4 green vihar benad road jaipur rajasthan,"राजस्थान, GREEN VIHAR BENAD ROAD, JAIPUR, 4",र जसथ न green vihar benad road jaipur 4,INDIA,INDIA,['4'],['4'],latin,devanagari,cross_script_name,11.111111111111116
S1-429703746,S3-942336280,Technology Dio Developers Pvt Ltd,technology dio developers pvt ltd,Rizaumbra,rizaumbra,"S- 32, Gtb Complex T. T. Nagar New Market, Bhopal, Madhya Pradesh",s 32 gtb complex t t nagar new market bhopal madhya pradesh,"S- 32, Gtb Complex T. T. Nagar New Market, Bhopal, Madhya Pradesh",s 32 gtb complex t t nagar new market bhopal madhya pradesh,INDIA,INDIA,['32'],['32'],latin,latin,dba_trade_name_mismatch,9.523809523809524
S1-780690767,S2-210217493,Harbor Fund,harbor fund,Harbor Fhdhnd,harbor fhdhnd,"4862 Sunnyview Road, Salem, OR",4862 sunnyview road salem or,"SUNNYVIEW ROAD, OR, SALEM",sunnyview road or salem,US,US,['4862'],[],latin,latin,address_only_relation,83.33333333333334
S1-561247776,S3-56977956,Marshal Realtech Private Limited,marshal realtech pvt ltd,Arianyla,arianyla,"C/Obhagvanjibhaistalaviya, At. Tramba, Raga Svara, Rajkot, Gujarat",c obhagvanjibhaistalaviya at tramba raga svara rajkot gujarat,"C/obhagvanjibhaistalaviya, Rajkot, GJ",c obhagvanjibhaistalaviya rajkot gj,INDIA,INDIA,[],[],latin,latin,dba_trade_name_mismatch,31.25
S1-315152899,S2-655428450,Southern Hospitality Private Limited,southern hospitality pvt ltd,सदर्न हॉस्पिटैलिटी प्राइवेट लिमिटेड,सदरन ह सप टल ट पर इवट ल म टड,"B 95, Moradabad, Uttar Pradesh, Gandhi Nagar",b 95 moradabad uttar pradesh gandhi nagar,"B 0095, GANDHI NAGAR, MORADABAD, Uttar Pradesh",b 0095 gandhi nagar moradabad uttar pradesh,INDIA,INDIA,['95'],['0095'],latin,devanagari,cross_script_name,10.71428571428571
S1-315152899,S2-656784601,Southern Hospitality Private Limited,southern hospitality pvt ltd,सदर्न हॉस्पिटैलिटी प्राइवेट लिमिटेड,सदरन ह सप टल ट पर इवट ल म टड,"B 95, Moradabad, Uttar Pradesh, Gandhi Nagar",b 95 moradabad uttar pradesh gandhi nagar,"MORADABAD, Uttar Pradesh, B 0095, GANDHI NAGAR",moradabad uttar pradesh b 0095 gandhi nagar,INDIA,INDIA,['95'],['0095'],latin,devanagari,cross_script_name,10.71428571428571
S1-75897373,S2-683905584,Sun Developers Limited,sun developers ltd,सन डेवलपर्स लिमिटेड,सन डवलपरस ल म टड,"32Apollo Street Fort, Mumbai, Maharashtra",32apollo street fort mumbai maharashtra,"DOOR NO 32APOLLO STREET FORT, MUMBAI, महाराष्ट्र",no 32apollo street fort mumbai मह र षटर,INDIA,INDIA,[],[],latin,devanagari,cross_script_name,11.764705882352944
S1-75897373,S2-42889628,Sun Developers Limited,sun developers ltd,सन डेवलपर्स लिमिटेड,सन डवलपरस ल म टड,"32Apollo Street Fort, Mumbai, Maharashtra",32apollo street fort mumbai maharashtra,"32APOLLO STREET FORT, MUMBAI, Maharashtra",32apollo street fort mumbai maharashtra,INDIA,INDIA,[],[],latin,devanagari,cross_script_name,11.764705882352944
S1-367148113,S2-12770948,Satnam Services Limited,satnam services ltd,Dr EVOARC,dr evoarc,"Flat C First Floor G-17D South Extension Part-Ii, New Delhi, South Delhi, Delhi",flat c first floor g 17d south extension part ii new delhi south delhi delhi,"FLAT C FIRST FLOOR G-17D SOUTH EXTENSION PART-II, SOUTHWEST, NEW DELHI, दिल्ली",flat c first floor g 17d south extension part ii southwest new delhi द लल,INDIA,INDIA,[],[],latin,latin,dba_trade_name_mismatch,28.57142857142857
S1-108551334,S2-670103418,Swastik Food Private Limited,swastik food pvt ltd,स्वस्तिक फूड प्राइवेट लिमिटेड,सवसत क फड पर इवट ल म टड,"Bungalow No-2 1St Floor Main Patel Road West Patel Nagar, New Delhi, West Delhi, Delhi",bungalow no 2 1st floor main patel road west patel nagar new delhi west delhi delhi,"BUNGALOW NO-2 1ST FLOOR MAIN PATEL ROAD WEST PATEL NAGAR, <NULL>, NEW DELHI, WEST DELHI, Delhi",bungalow no 2 1st floor main patel road west patel nagar new delhi west delhi delhi,INDIA,INDIA,['2'],['2'],latin,devanagari,cross_script_name,13.953488372093027
S1-42544670,S3-447434104,Gold Estate Pvt Ltd,gold estate pvt ltd,गोल्ड एस्टेट प्रा. लि.,ग लड एसटट पर ल,"16 B, Horniman Circle, Zoroastrain Building, Fort, Mumbai, Maharashtra",16 b horniman circle zoroastrain building fort mumbai maharashtra,"B, Mumbai Region, Fort, MH",b mumbai region fort mh,INDIA,INDIA,['16'],[],latin,devanagari,cross_script_name,18.181818181818176
S1-117954160,S2-641059184,North Business Pvt Ltd,north business pvt ltd,नॉर्थ बिजनेस प्रा. लि.,न रथ ब जनस पर ल,"Room No 13, Laxmi Nagar Nr Bedrock Company, Link Road, Goregaon, Mumbai, Mumbai City, Maharashtra",room no 13 laxmi nagar nr bedrock company link road goregaon mumbai mumbai city maharashtra,"ROM NO 13/4, MUMBAI, MUMBAI CITY, महाराष्ट्र",rom no 13 4 mumbai mumbai city मह र षटर,INDIA,INDIA,['13'],"['13', '4']",latin,devanagari,cross_script_name,16.216216216216218
S1-117954160,S2-410814702,North Business Pvt Ltd,north business pvt ltd,नॉर्थ बिजनेस प्रा. लि.,न रथ ब जनस पर ल,"Room No 13, Laxmi Nagar Nr Bedrock Company, Link Road, Goregaon, Mumbai, Mumbai City, Maharashtra",room no 13 laxmi nagar nr bedrock company link road goregaon mumbai mumbai city maharashtra,"ROOM NO 13/4, MUMBAI CITY, MUMBAI, Maharashtra",room no 13 4 mumbai city mumbai maharashtra,INDIA,INDIA,['13'],"['13', '4']",latin,devanagari,cross_script_name,16.216216216216218
S1-734359921,S2-796702203,Y & A Hotel,y and a hotel,yhotel.com,yhotel com,"415 Dedham Street, Unit A, Newton, MA",415 dedham street unit a newton ma,"DEDHAM STREET, NEWTON, MA",dedham street newton ma,US,US,['415'],[],latin,latin,url_domain_issue,52.17391304347826
S1-47040385,S2-822098743,Krishna International Private Limited,krishna international pvt ltd,कृष्ण इंटरनेशनल प्राइवेट लिमिटेड,कषण इटरनशनल पर इवट ल म टड,"D-78, Sector -63 Gautam Buddha Nagar, Noida, Gautam Buddha Nagar, Uttar Pradesh",d 78 sector 63 gautam buddha nagar noida gautam buddha nagar uttar pradesh,"D-78, SECTOR -63 GAUTAM BUDDHA NAGAR, GAUTAM BUDDHA NAGAR, NOIDA, Uttar Pradesh",d 78 sector 63 gautam buddha nagar gautam buddha nagar noida uttar pradesh,INDIA,INDIA,"['78', '63']","['78', '63']",latin,devanagari,cross_script_name,11.111111111111116
S1-47040385,S3-768039486,Krishna International Private Limited,krishna international pvt ltd,कृष्णा इंटरनेशनल प्राइवेट लिमिटेड,कषण इटरनशनल पर इवट ल म टड,"D-78, Sector -63 Gautam Buddha Nagar, Noida, Gautam Buddha Nagar, Uttar Pradesh",d 78 sector 63 gautam buddha nagar noida gautam buddha nagar uttar pradesh,"D-#78, Sector -63 Gautam Buddha Nagar, Delhi, Gautam Buddha Nagar, उत्तर प्रदेश",d 78 sector 63 gautam buddha nagar delhi gautam buddha nagar उततर परदश,INDIA,INDIA,"['78', '63']","['78', '63']",latin,devanagari,cross_script_name,11.111111111111116
S1-141126090,S2-516147712,Tirupati Healthcare Private Limited,tirupati healthcare pvt ltd,তিরুপতি হেলথকেয়ার প্রাইভেট লিমিটেড,ত রপত হ লথক য র পর ইভ ট ল ম ট ড,"34B Lenin Sarani, Kolkata, Calcutta, West Bengal",34b lenin sarani kolkata calcutta west bengal,"34B LENIN SARANI, KOLKATA, CALCUTTA, West Bengal",34b lenin sarani kolkata calcutta west bengal,INDIA,INDIA,[],[],latin,bengali,cross_script_name,10.344827586206895
S1-141126090,S3-899971538,Tirupati Healthcare Private Limited,tirupati healthcare pvt ltd,তিরুপতি হেলথকেয়ার প্রাইভেট লিমিটেড,ত রপত হ লথক য র পর ইভ ট ল ম ট ড,"34B Lenin Sarani, Kolkata, Calcutta, West Bengal",34b lenin sarani kolkata calcutta west bengal,"Door No D/34b Lenin Sarani, Kolkata, Calcutta, WB",no d 34b lenin sarani kolkata calcutta wb,INDIA,INDIA,[],[],latin,bengali,cross_script_name,10.344827586206895
S1-457749209,S3-777440971,Bright Pub,bright pub,Bbrt-Pub,bbrt pub,"315 1st Street, Mount Pleasant, TX",315 1st street mount pleasant tx,"0315 First Street, Mt Pleasant, Texas",0315 first street mt pleasant texas,US,US,['315'],['0315'],latin,latin,other_mismatch,77.77777777777779
S1-457749209,S2-60785372,Bright Pub,bright pub,BIGCHI PUB,bigchi pub,"315 1st Street, Mount Pleasant, TX",315 1st street mount pleasant tx,"1ST ST, MOUNT PLEASANT, TX",1st street mount pleasant tx,US,US,['315'],[],latin,latin,address_only_relation,80.0
S1-139115196,S2-353921164,Gold Laxmi Investments Pvt Ltd,gold laxmi investments pvt ltd,गोल्ड लक्ष्मी इन्वेस्टमेंट्स प्रा. लि.,ग लड लकषम इनवसटमटस पर ल,"1St Floor, Patil Chawl, Tank Pakhadi Sahar, Mumbai, Maharashtra",1st floor patil chawl tank pakhadi sahar mumbai maharashtra,"1ST FLOOR, MUMBAI, Maharashtra",1st floor mumbai maharashtra,INDIA,INDIA,[],[],latin,devanagari,cross_script_name,15.094339622641506
S1-139115196,S2-845385136,Gold Laxmi Investments Pvt Ltd,gold laxmi investments pvt ltd,गोल्ड लक्ष्मी इन्वेस्टमेंट्स प्रा. लि.,ग लड लकषम इनवसटमटस पर ल,"1St Floor, Patil Chawl, Tank Pakhadi Sahar, Mumbai, Maharashtra",1st floor patil chawl tank pakhadi sahar mumbai maharashtra,"#1ST FLOOR, MUMBAI, महाराष्ट्र",1st floor mumbai मह र षटर,INDIA,INDIA,[],[],latin,devanagari,cross_script_name,15.094339622641506
S1-973398451,S2-110011988,Fortune Engineering Pvt Ltd,fortune engineering pvt ltd,ਫਾਰਚੂਨ ਇੰਜੀਨੀਅਰਿੰਗ ਪ੍ਰਾ. ਲਿ.,ਫ ਰਚਨ ਇਜ ਨ ਅਰ ਗ ਪਰ ਲ,"Sco No. 20, Second Floor, Mohali Citi Square, Rajpura, Mohali, Punjab",sco no 20 second floor mohali citi square rajpura mohali punjab,"NO. 70 SCO NO. 20, MOHALI, RAJPURA, Punjab",no 70 sco no 20 mohali rajpura punjab,INDIA,INDIA,['20'],"['70', '20']",latin,other,dba_trade_name_mismatch,12.765957446808507
S1-973398451,S2-580400364,Fortune Engineering Pvt Ltd,fortune engineering pvt ltd,ਫਾਰਚੂਨ ਇੰਜੀਨੀਅਰਿੰਗ ਪ੍ਰਾ. ਲਿ.,ਫ ਰਚਨ ਇਜ ਨ ਅਰ ਗ ਪਰ ਲ,"Sco No. 20, Second Floor, Mohali Citi Square, Rajpura, Mohali, Punjab",sco no 20 second floor mohali citi square rajpura mohali punjab,"RAJPURA, MOHALI, NO. 70 SCO NO. 20, Punjab",rajpura mohali no 70 sco no 20 punjab,INDIA,INDIA,['20'],"['70', '20']",latin,other,dba_trade_name_mismatch,12.765957446808507
S1-652171268,S3-535449587,Eastern Estate Private Limited,eastern estate pvt ltd,ईस्टर्न एस्टेट प्राइवेट लिमिटेड,ईसटरन एसटट पर इवट ल म टड,"C-1211 East Loni Road Delhi, Delhi, East Delhi, Delhi",c 1211 east loni road delhi delhi east delhi delhi,"C-12-11 East Loni Road Delhi, Delhi, East Delhi, DL",c 12 11 east loni road delhi delhi east delhi dl,INDIA,INDIA,['1211'],"['12', '11']",latin,devanagari,cross_script_name,13.043478260869568
S1-652171268,S3-132394312,Eastern Estate Private Limited,eastern estate pvt ltd,ईस्टर्न एस्टेट प्राइवेट लिमिटेड,ईसटरन एसटट पर इवट ल म टड,"C-1211 East Loni Road Delhi, Delhi, East Delhi, Delhi",c 1211 east loni road delhi delhi east delhi delhi,"C-12-11 East Loni Road Delhi, Delhi, East Delhi, दिल्ली",c 12 11 east loni road delhi delhi east delhi द लल,INDIA,INDIA,['1211'],"['12', '11']",latin,devanagari,cross_script_name,13.043478260869568
S1-652171268,S3-298582476,Eastern Estate Private Limited,eastern estate pvt ltd,Smt Eastern Estate Prinvaae  Limited (ID: 96822),smt eastern estate prinvaae limited id 96822,"C-1211 East Loni Road Delhi, Delhi, East Delhi, Delhi",c 1211 east loni road delhi delhi east delhi delhi,"C-12-11 East Loni Rod Delhi, Delhi, East Delhi, DL",c 12 11 east loni rod delhi delhi east delhi dl,INDIA,INDIA,['1211'],"['12', '11']",latin,latin,address_only_relation,63.63636363636363
S1-850215759,S3-366577916,Cozy Pizza PLLC,cozy pizza pllc,Cozy Pdfoa PLLC,cozy pdfoa pllc,"719 Ashford Court, Cincinnati, OH",719 ashford court cincinnati oh,"Cincinnati, Ohio, 719C Ashford Ct",cincinnati ohio 719c ashford court,US,US,['719'],[],latin,latin,word_order_variation,80.0
S1-227011208,S2-248982697,Ram Balaji Management LLP,ram balaji management llp,రామ్ బాలాజీ మేనేజ్‌మెంట్ ఎల్‌ఎల్‌పీ,రమ బలజ మనజ మ ట ఎల ఎల ప,"D.No.6-13-4, T.Nagar, Kokkonda Vari Street, Rajahmundry, Rajahmundry, East Godavari, Andhra Pradesh",d no 6 13 4 t nagar kokkonda vari street rajahmundry rajahmundry east godavari andhra pradesh,"H.NO B3/6-13-4, BHUPALAPATNAM, Andhra Pradesh",no b3 6 13 4 bhupalapatnam andhra pradesh,INDIA,INDIA,"['6', '13', '4']","['6', '13', '4']",latin,telugu,cross_script_name,12.765957446808507
S1-810708354,S2-707367702,Krishna Foods,krishna foods,कृष्णा फूड्स,कषण फडस,"Maharashtra, 3Rd Floor, 38, Cawasji Patel Street, Mumbai, Kamer Bldg, Fort",maharashtra 3rd floor 38 cawasji patel street mumbai kamer bldg fort,"KAER BLDG, MUMBAI, N/A, Maharashtra",kaer bldg mumbai n a maharashtra,INDIA,INDIA,['38'],[],latin,devanagari,cross_script_name,9.999999999999998
S1-655561682,S3-254135443,Hernandez Apollo Inc.,hernandez apollo inc,Hernandez Adpodlolo Inc.,hernandez adpodlolo inc,"27 Whipple Street, Unit 2, Worcester, MA",27 whipple street unit 2 worcester ma,,,US,US,"['27', '2']",[],latin,latin,missing_address_evidence,93.02325581395348
S1-550551866,S3-797648629,Raj Engineering Private Limited,raj engineering pvt ltd,రాజ్ ఇంజనీరింగ్ Private Limited,రజ ఇ జనర గ pvt ltd,"2Nd Floor Opp More Super Market, Madhuara Nagar, Hyderabad, 8-3-222/C/1/8(A-18), Telangana, Hyderabad",2nd floor opp more super market madhuara nagar hyderabad 8 3 222 c 1 8 a 18 telangana hyderabad,"Hn 975 8-3-222/C/1/8(A-18), N/A, Hyderabad, TG",hn 975 8 3 222 c 1 8 a 18 n a hyderabad tg,INDIA,INDIA,"['8', '3', '222', '1', '8', '18']","['975', '8', '3', '222', '1', '8', '18']",latin,mixed_latin_telugu,cross_script_name,43.90243902439024
S1-912631474,S2-104462637,New Energy LLP,new energy llp,न्यू एनर्जी एलएलपी,नय एनरज एलएलप,"Office No.F123, F124 And F125, First Floor, Moongipa, Arcada, D. N. Nagar, Off. Link Road, Andheri West, Mumbai, Maharashtra",office no f123 f124 and f125 first floor moongipa arcada d n nagar off link road andheri west mumbai maharashtra,"OFFICE NO.F123, MUMBAI, Maharashtra",office no f123 mumbai maharashtra,INDIA,INDIA,[],[],latin,devanagari,cross_script_name,14.814814814814813
S1-165705804,S2-514071979,City Foundation Private Limited,city foundation pvt ltd,सिटी फाउंडेशन प्राइवेट लिमिटेड,स ट फ उडशन पर इवट ल म टड,"G-23, Sector 27, Noida, Gautam Buddha Nagar, Uttar Pradesh",g 23 sector 27 noida gautam buddha nagar uttar pradesh,"G-23, NOIDA, GAUTAM BUDDHA NAGAR, Uttar Pradesh",g 23 noida gautam buddha nagar uttar pradesh,INDIA,INDIA,"['23', '27']",['23'],latin,devanagari,cross_script_name,12.765957446808507
S1-186748283,S2-665351226,Eastern Endocrinology,eastern endocrinology,EASTERN PARTNERS,eastern partners,"567 Rolling Oak Court, Vacaville, CA",567 rolling oak court vacaville ca,,,US,US,['567'],[],latin,latin,missing_address_evidence,54.054054054054056
S1-81523269,S3-492581812,International Consulting Limited,international consulting ltd,इंटरनेशनल कंसल्टिंग लिमिटेड,इटरनशनल कसलट ग ल म टड,"6Th Floor, D- Building, Mbc It Park, G.B. Road, Near Wadavali Police, Kasarwadavali, Kasarwadavali, Thane, Maharashtra",6th floor d building mbc it park g b road near wadavali police kasarwadavali kasarwadavali thane maharashtra,"6Th/5 Floor, Thane, Kasarwadavali, MH",6th 5 floor thane kasarwadavali mh,INDIA,INDIA,[],['5'],latin,devanagari,cross_script_name,8.163265306122447
S1-729370907,S3-209701108,Jay Consulting Private Limited,jay consulting pvt ltd,জয় কনসাল্টিং প্রাইভেট লিমিটেড,জয কনস লট পর ইভ ট ল ম ট ড,"233A, Jodhpur Park, Kolkata, Kolkata, Howrah, West Bengal",233a jodhpur park kolkata kolkata howrah west bengal,"233, Jodhpur Park, Kolkata, Howrah, Kolkata, WB",233 jodhpur park kolkata howrah kolkata wb,INDIA,INDIA,[],['233'],latin,bengali,cross_script_name,12.765957446808507
S1-729370907,S2-634492345,Jay Consulting Private Limited,jay consulting pvt ltd,জয় কনসাল্টিং প্রাইভেট লিমিটেড,জয কনস লট পর ইভ ট ল ম ট ড,"233A, Jodhpur Park, Kolkata, Kolkata, Howrah, West Bengal",233a jodhpur park kolkata kolkata howrah west bengal,"233A, HOWRAH, KOLKATA, West Bengal",233a howrah kolkata west bengal,INDIA,INDIA,[],[],latin,bengali,cross_script_name,12.765957446808507
S1-729370907,S2-39584925,Jay Consulting Private Limited,jay consulting pvt ltd,জয় কনসাল্টিং প্রাইভেট লিমিটেড,জয কনস লট পর ইভ ট ল ম ট ড,"233A, Jodhpur Park, Kolkata, Kolkata, Howrah, West Bengal",233a jodhpur park kolkata kolkata howrah west bengal,"233A, JODHPUR PARK, KOLKATA, KOLKATA, HOWRAH, West Bengal",233a jodhpur park kolkata kolkata howrah west bengal,INDIA,INDIA,[],[],latin,bengali,cross_script_name,12.765957446808507
S1-118851226,S2-983397605,Jt India,jt india,Jt [Iaia] #14132,jt iaia 14132,"Mohali, C-6 Sebiz Square (Floor 3) It Park, Mohali, Punjab",mohali c 6 sebiz square floor 3 it park mohali punjab,"C-6  SEBIZ SQUARE (FLOOR 3) IT PARK, MOHALI, ਪੰਜਾਬ",c 6 sebiz square floor 3 it park mohali ਪਜ ਬ,INDIA,INDIA,"['6', '3']","['6', '3']",latin,latin,extreme_typo,57.14285714285714
S1-118851226,S3-746714518,Jt India,jt india,Evobelo,evobelo,"Mohali, C-6 Sebiz Square (Floor 3) It Park, Mohali, Punjab",mohali c 6 sebiz square floor 3 it park mohali punjab,"C-6 Sebiz Square (Floor 3) It Park, Mohali, Punjab",c 6 sebiz square floor 3 it park mohali punjab,INDIA,INDIA,"['6', '3']","['6', '3']",latin,latin,dba_trade_name_mismatch,0.0
S1-782067272,S3-853509943,Blue Championsgate Inc.,blue championsgate inc,Blue Inc. Center,blue inc center,"314 Washington Court, Vernon Hills, IL",314 washington court vernon hills il,"00314 Washington Ct, Vernon Hiills CDP, Illinois",00314 washington court vernon hiills cdp illinois,US,US,['314'],['00314'],latin,latin,word_order_variation,48.64864864864865
S1-160707106,S2-891498098,Gcs Ganpati of Lucknow Private Limited,gcs ganpati of lucknow pvt ltd,gglucknowcom,gglucknowcom,"Plot No-7, Pashchim Bihar Coloney, Keshav Nagar, Lucknow, Uttar Pradesh",plot no 7 pashchim bihar coloney keshav nagar lucknow uttar pradesh,"PLOT NO-D/7, LUCKNOW, Uttar Pradesh",plot no d 7 lucknow uttar pradesh,INDIA,INDIA,['7'],['7'],latin,latin,extreme_typo,42.85714285714286
S1-532188526,S3-7804362,First Tech,first tech,फर्स्ट टेक,फरसट टक,"C-5/99, New Kondli Mayur Vihar Phase-Iii, Delhi, East Delhi, Delhi",c 5 99 new kondli mayur vihar phase iii delhi east delhi delhi,"C-5/99, Delhi, East Delhi, DL",c 5 99 delhi east delhi dl,INDIA,INDIA,"['5', '99']","['5', '99']",latin,devanagari,cross_script_name,11.764705882352944
S1-867567957,S2-378390103,City Builders Private Limited,city builders pvt ltd,सिटी बिल्डर्स प्राइवेट लिमिटेड,स ट ब लडरस पर इवट ल म टड,"Shree Sai Kamal Ch, Shree Sai Enclave, Vagad, 3/301, Thane, Maharashtra, Thane",shree sai kamal ch shree sai enclave vagad 3 301 thane maharashtra thane,"3/301, THANE, महाराष्ट्र",3 301 thane मह र षटर,INDIA,INDIA,"['3', '301']","['3', '301']",latin,devanagari,cross_script_name,13.33333333333333
S1-775361341,S3-445453666,Gujarat Engineering Private Limited,gujarat engineering pvt ltd,குஜராத் இன்ஜினியரிங் பிரைவேட் லிமிடெட்,க ஜர த இனஜ ன யர ங ப ர வ ட ல ம ட ட,"No.8/48, Sarangapani Street, T.Nagar, Chennai, Tamil Nadu",no 8 48 sarangapani street t nagar chennai tamil nadu,"No.8/48, Chennai, TN",no 8 48 chennai tn,INDIA,INDIA,"['8', '48']","['8', '48']",latin,tamil,cross_script_name,9.999999999999998
S1-775361341,S2-27619123,Gujarat Engineering Private Limited,gujarat engineering pvt ltd,குஜராத் இன்ஜினியரிங் பிரைவேட் லிமிடெட்,க ஜர த இனஜ ன யர ங ப ர வ ட ல ம ட ட,"No.8/48, Sarangapani Street, T.Nagar, Chennai, Tamil Nadu",no 8 48 sarangapani street t nagar chennai tamil nadu,"NO.8/48, CHENNAI CITY REGION, தமிழ்நாடு",no 8 48 chennai city region தம ழந ட,INDIA,INDIA,"['8', '48']","['8', '48']",latin,tamil,cross_script_name,9.999999999999998
S1-775361341,S2-279754775,Gujarat Engineering Private Limited,gujarat engineering pvt ltd,குஜராத் இன்ஜினியரிங் பிரைவேட் லிமிடெட்,க ஜர த இனஜ ன யர ங ப ர வ ட ல ம ட ட,"No.8/48, Sarangapani Street, T.Nagar, Chennai, Tamil Nadu",no 8 48 sarangapani street t nagar chennai tamil nadu,"H.NO 8/48, CHENNAI, Tamil Nadu",no 8 48 chennai tamil nadu,INDIA,INDIA,"['8', '48']","['8', '48']",latin,tamil,cross_script_name,9.999999999999998
S1-320108498,S3-624724605,Sky Super Energy Limited,sky super energy ltd,ஸ்கை சூப்பர் எனர்ஜி லிமிடெட்,ஸக ச பபர எனரஜ ல ம ட ட,"3, 1St Street Sri Sakthi Vijayalakshmi Nagar, Velachery, Chennai, Tamil Nadu",3 1st street sri sakthi vijayalakshmi nagar velachery chennai tamil nadu,"3, Chennai, Velachery, தமிழ்நாடு",3 chennai velachery தம ழந ட,INDIA,INDIA,['3'],['3'],latin,tamil,cross_script_name,14.634146341463417
S1-278244769,S3-479008852,"Andi Grabowski, P.A.",andi grabowski p a,Arcquo,arcquo,"1122 Old Rail Lane, Bldg BUILDING, Park City, UT",1122 old rail lane bldg building park city ut,"Old Rail Lane, Bldg Building, PARK CITY CITY, Utah",old rail lane bldg building park city city utah,US,US,['1122'],[],latin,latin,dba_trade_name_mismatch,25.0
S1-249331459,S2-533462176,Tirupati Investments Private Limited,tirupati investments pvt ltd,तिरुपति इन्वेस्टमेंट्स प्राइवेट लिमिटेड,त रपत इनवसटमटस पर इवट ल म टड,"18/20, W.E.A. Karol Bagh, New Delhi, Delhi",18 20 w e a karol bagh new delhi delhi,"18/20, W.E.A. KAROL BAGH, NEW DELHI, Delhi",18 20 w e a karol bagh new delhi delhi,INDIA,INDIA,"['18', '20']","['18', '20']",latin,devanagari,cross_script_name,10.71428571428571
S1-249331459,S3-509233440,Tirupati Investments Private Limited,tirupati investments pvt ltd,Fayekor,fayekor,"18/20, W.E.A. Karol Bagh, New Delhi, Delhi",18 20 w e a karol bagh new delhi delhi,"W.E.A. Karol Bagh, Delhi, New Delhi, 18/20",w e a karol bagh delhi new delhi 18 20,INDIA,INDIA,"['18', '20']","['18', '20']",latin,latin,dba_trade_name_mismatch,11.428571428571432
S1-611573336,S2-422607562,Surya Logistics Private Limited,surya logistics pvt ltd,सूर्या लॉजिस्टिक्स प्राइवेट लिमिटेड,सरय ल ज सट कस पर इवट ल म टड,"Rz-40/2, Baha Chattri Walamarg, Raj Nagar, Palam, Colony, New Delhi, Delhi",rz 40 2 baha chattri walamarg raj nagar palam colony new delhi delhi,"RZ-40/2/2, COLONY, NEW DELHI, दिल्ली",rz 40 2 2 colony new delhi द लल,INDIA,INDIA,"['40', '2']","['40', '2', '2']",latin,devanagari,cross_script_name,12.0
S1-873357966,S2-740366424,Eastern Management Private Limited,eastern management pvt ltd,ईस्टर्न मैनेजमेंट प्राइवेट लिमिटेड,ईसटरन मनजमट पर इवट ल म टड,"Office No. F2-58, Second Floor, Wave Silver Tower, D-6, Sector-18, Noida, Gautam Buddha Nagar, Uttar Pradesh",office no f2 58 second floor wave silver tower d 6 sector 18 noida gautam buddha nagar uttar pradesh,"OFFICE NO. F2-58, SECOND FLOOR, WAVE SILVER TOWER, D-6, SECTOR-18, NOIDA, GAUTAM BUDDHA NAGAR, Uttar Pradesh",office no f2 58 second floor wave silver tower d 6 sector 18 noida gautam buddha nagar uttar pradesh,INDIA,INDIA,"['58', '6', '18']","['58', '6', '18']",latin,devanagari,cross_script_name,11.764705882352944
S1-933440839,S2-230954310,Eastern Logistics Private Limited,eastern logistics pvt ltd,ఈస్టర్న్ లాజిస్టిక్స్ ప్రైవేట్ లిమిటెడ్,ఈసటరన లజసటకస పరవట లమటడ,"#101, Auchyut Mazon, H.No.7-1-621/48, S.R Nagar, Hyderabad, Telangana",101 auchyut mazon no 7 1 621 48 s rue nagar hyderabad telangana,"DOOR NO 401, HYDERABAD URBAN, HYDERABAD, Telangana",no 401 hyderabad urban hyderabad telangana,INDIA,INDIA,"['101', '7', '1', '621', '48']",['401'],latin,telugu,cross_script_name,12.765957446808507
S1-996672552,S2-126619370,Blue Global LLP,blue global llp,ব্লু গ্লোবাল এলএলপি,বল গল ব ল এলএলপ,"81 Southern Ave, Kolkata, Calcutta, West Bengal",81 southern avenue kolkata calcutta west bengal,"81 SBUTHERN AVE, West Bengal, KOLKATA, CALCUTTA",81 sbuthern avenue west bengal kolkata calcutta,INDIA,INDIA,['81'],['81'],latin,bengali,cross_script_name,13.33333333333333
S1-840247873,S2-371405615,City Hospitality Private Limited,city hospitality pvt ltd,சிட்டி ஹாஸ்பிடாலிட்டி பிரைவேட் லிமிடெட்,ச டட ஹ ஸப ட ல டட ப ர வ ட ல ம ட ட,"Plot.No.7, Kp Nagar, Menendal, Tamil Nadu, Madurai North, Madurai, No.1/11A",plot no 7 kp nagar menendal tamil nadu madurai north madurai no 1 11a,"NO.A-1/11A, PLOT.NO.7, KP NAGAR, MENENDAL, MADURAI NORTH, MADURAI, Tamil Nadu",no a 1 11a plot no 7 kp nagar menendal madurai north madurai tamil nadu,INDIA,INDIA,"['7', '1']","['1', '7']",latin,tamil,cross_script_name,10.71428571428571
S1-840247873,S2-339183263,City Hospitality Private Limited,city hospitality pvt ltd,Private City Hspritlatiy Limited,private city hspritlatiy ltd,"Plot.No.7, Kp Nagar, Menendal, Tamil Nadu, Madurai North, Madurai, No.1/11A",plot no 7 kp nagar menendal tamil nadu madurai north madurai no 1 11a,"NO.A-1/11A, PLOT.NO.7, KP NAGAR, MENENDAL, MADURAI, MADURAI NORTH, Tamil Nadu",no a 1 11a plot no 7 kp nagar menendal madurai madurai north tamil nadu,INDIA,INDIA,"['7', '1']","['1', '7']",latin,latin,address_only_relation,65.38461538461539
S1-497653195,S2-360967629,One Estate Private Limited,one estate pvt ltd,वन एस्टेट प्राइवेट लिमिटेड,वन एसटट पर इवट ल म टड,"A 24, Tarang Drug Emp Chs Ltd., Unit No.3, Gilbert Hill, Mumbai, Mumbai City, Maharashtra",a 24 tarang drug emp chs ltd unit no 3 gilbert hill mumbai mumbai city maharashtra,"A 24/9, MUMBAI, MUMBAI CITY, महाराष्ट्र",a 24 9 mumbai mumbai city मह र षटर,INDIA,INDIA,"['24', '3']","['24', '9']",latin,devanagari,cross_script_name,15.384615384615385
S1-497653195,S2-514118622,One Estate Private Limited,one estate pvt ltd,वन एस्टेट प्राइवेट लिमिटेड,वन एसटट पर इवट ल म टड,"A 24, Tarang Drug Emp Chs Ltd., Unit No.3, Gilbert Hill, Mumbai, Mumbai City, Maharashtra",a 24 tarang drug emp chs ltd unit no 3 gilbert hill mumbai mumbai city maharashtra,"A 24/9, MUMBAI, MUMBAI CITY, महाराष्ट्र",a 24 9 mumbai mumbai city मह र षटर,INDIA,INDIA,"['24', '3']","['24', '9']",latin,devanagari,cross_script_name,15.384615384615385
S1-723616302,S2-114941085,New Properties Limited,new properties ltd,न्यू प्रॉपर्टीज लिमिटेड,नय पर परट ज ल म टड,"Shop At Plot No. 2, Near Bahadurpur Primary School, Kursi Road, Lucknow, Uttar Pradesh",shop at plot no 2 near bahadurpur primary school kursi road lucknow uttar pradesh,"SHOP AT PLOT NO. 2, LUCKNOW, Uttar Pradesh",shop at plot no 2 lucknow uttar pradesh,INDIA,INDIA,['2'],['2'],latin,devanagari,cross_script_name,11.111111111111116
S1-884730424,S2-152752141,Tech Consultants Private Limited,tech consultants pvt ltd,टेक कंसल्टेंट्स प्राइवेट लिमिटेड,टक कसलटटस पर इवट ल म टड,"B-49, Jai Jawan Colony I, Tonk Road, Jaipur, Rajasthan",b 49 jai jawan colony i tonk road jaipur rajasthan,"H.NO 626 B-49, JAIPUR, Rajasthan",no 626 b 49 jaipur rajasthan,INDIA,INDIA,['49'],"['626', '49']",latin,devanagari,cross_script_name,12.765957446808507
S1-815745575,S3-519719220,Green Technologies Pvt Ltd,green technologies pvt ltd,ग्रीन टेक्नोलॉजीज प्रा. लि.,गर न टकन ल ज ज पर ल,"New Delhi, North West, Ed 35A, Delhi, Madhuban Chowk Pitampura",new delhi north west ed 35a delhi madhuban chowk pitampura,"New Delhi, North West, Ed ##35A, DL",new delhi north west ed 35a dl,INDIA,INDIA,[],[],latin,devanagari,cross_script_name,13.33333333333333
S1-284820266,S2-806023957,Blue Media Private Limited,blue media pvt ltd,బ్లూ మీడియా ప్రైవేట్ లిమిటెడ్,బల మడయ పరవట లమటడ,"Doorno:60-26-6/1, 2Ndfloor, Old 05Throute, Ashok Nagar, Vijayawada (Urban), Krishna, Andhra Pradesh",doorno 60 26 6 1 2ndfloor old 05throute ashok nagar vijayawada urban krishna andhra pradesh,"PLOT D/862 DOORNO:60-26-6/1, VIJAYAWADA (URBAN), KRISHNA, Andhra Pradesh",plot d 862 doorno 60 26 6 1 vijayawada urban krishna andhra pradesh,INDIA,INDIA,"['60', '26', '6', '1']","['862', '60', '26', '6', '1']",latin,telugu,cross_script_name,17.647058823529417
S1-329437838,S3-119849752,Shiva Impex Private Limited,shiva impex pvt ltd,శివా ఇంపెక్స్ ప్రైవేట్ లిమిటెడ్,శవ ఇ పకస పరవట లమటడ,"4-96, Plot No 14, Survey No40, 41, 42/1, 42/2 Gandiguda, Village, Ghansmiyaguda Grampanchayat Shamshabad, Shamshabad, K.V.Rangareddy, Telangana",4 96 plot no 14 survey no40 41 42 1 42 2 gandiguda village ghansmiyaguda grampanchayat shamshabad shamshabad k v rangareddy telangana,"తెలంగాణ, Shamshabad, K.v.rangareddy, 4-96",తల గణ shamshabad k v rangareddy 4 96,INDIA,INDIA,"['4', '96', '14', '41', '42', '1', '42', '2']","['4', '96']",latin,telugu,cross_script_name,16.216216216216218
S1-981006854,S2-692098816,Dynamic Trading Pvt Ltd,dynamic trading pvt ltd,डायनामिक ट्रेडिंग प्रा. लि.,ड यन म क टरड ग पर ल,"Shop No. A1, Indira Place, Near Gaurav Tower, Jaipur, Rajasthan",shop no a1 indira place near gaurav tower jaipur rajasthan,"SHOP NO. A1, INDIRA PLACE, NEAR GAURAV TOWER, JAIPUR, राजस्थान",shop no a1 indira place near gaurav tower jaipur र जसथ न,INDIA,INDIA,[],[],latin,devanagari,cross_script_name,14.28571428571429
S1-981006854,S2-644329725,Dynamic Trading Pvt Ltd,dynamic trading pvt ltd,डायनामिक ट्रेडिंग प्रा. लि.,ड यन म क टरड ग पर ल,"Shop No. A1, Indira Place, Near Gaurav Tower, Jaipur, Rajasthan",shop no a1 indira place near gaurav tower jaipur rajasthan,"SHOP NO. A1, JAIPUR, Rajasthan",shop no a1 jaipur rajasthan,INDIA,INDIA,[],[],latin,devanagari,cross_script_name,14.28571428571429
S1-981006854,S3-712193621,Dynamic Trading Pvt Ltd,dynamic trading pvt ltd,डायनामिक ट्रेडिंग प्रा. लि.,ड यन म क टरड ग पर ल,"Shop No. A1, Indira Place, Near Gaurav Tower, Jaipur, Rajasthan",shop no a1 indira place near gaurav tower jaipur rajasthan,"Shop No. A1, Indira Place, Near Gaurav Tower, Jaipur, RJ",shop no a1 indira place near gaurav tower jaipur rj,INDIA,INDIA,[],[],latin,devanagari,cross_script_name,14.28571428571429
S1-981006854,S2-997296570,Dynamic Trading Pvt Ltd,dynamic trading pvt ltd,डायनामिक ट्रेडिंग प्रा. लि.,ड यन म क टरड ग पर ल,"Shop No. A1, Indira Place, Near Gaurav Tower, Jaipur, Rajasthan",shop no a1 indira place near gaurav tower jaipur rajasthan,"SHOP NO. A1, JAIPUR, INDIRA PLACE, NEAR GAURAV TOWER, JAIPUR, Rajasthan",shop no a1 jaipur indira place near gaurav tower jaipur rajasthan,INDIA,INDIA,[],[],latin,devanagari,cross_script_name,14.28571428571429
S1-676559541,S2-436639344,Jai Energy Private Limited,jai energy pvt ltd,जय एनर्जी प्राइवेट लिमिटेड,जय एनरज पर इवट ल म टड,"M-3 B-9, Jhule Lal Appartment Pitampura, Delhi",m 3 b 9 jhule lal appartment pitampura delhi,"M-G-3 B-9, DELHI, JHULE LAL APPARTMENT PITAMPURA, दिल्ली",m g 3 b 9 delhi jhule lal appartment pitampura द लल,INDIA,INDIA,"['3', '9']","['3', '9']",latin,devanagari,cross_script_name,15.384615384615385
S1-676559541,S3-734650472,Jai Energy Private Limited,jai energy pvt ltd,जय एनर्जी प्राइवेट लिमिटेड,जय एनरज पर इवट ल म टड,"M-3 B-9, Jhule Lal Appartment Pitampura, Delhi",m 3 b 9 jhule lal appartment pitampura delhi,"M-3 B-9, Pitampura, Delhi, DL",m 3 b 9 pitampura delhi dl,INDIA,INDIA,"['3', '9']","['3', '9']",latin,devanagari,cross_script_name,15.384615384615385
S1-676559541,S3-188845035,Jai Energy Private Limited,jai energy pvt ltd,जय एनर्जी प्राइवेट लिमिटेड,जय एनरज पर इवट ल म टड,"M-3 B-9, Jhule Lal Appartment Pitampura, Delhi",m 3 b 9 jhule lal appartment pitampura delhi,"M-3 B-9, Pitampura, Delhi, DL",m 3 b 9 pitampura delhi dl,INDIA,INDIA,"['3', '9']","['3', '9']",latin,devanagari,cross_script_name,15.384615384615385
S1-779823474,S3-916747279,RN Logistics Private Limited,rn logistics pvt ltd,RN Logistics Limited Service - 6164023580,rn logistics limited service 6164023580,"H. No. 6529, F Block, Sector-50, Faridabad, Haryana",h no 6529 f block sector 50 faridabad haryana,"#529, F Block, Sector-50, Faridabad, HR",529 f block sector 50 faridabad hr,INDIA,INDIA,"['6529', '50']","['529', '50']",latin,latin,extreme_typo,54.23728813559322
S1-47138044,S2-737801677,Firefighters Union Local No 600 LP,firefighters union local no 600 lp,unionlocal.com,unionlocal com,"4430 Conser Way, Unit 302, Marion County, OR",4430 conser way unit 302 marion county or,"CONSER WAY, OR, SALEEM",conser way or saleem,US,US,"['4430', '302']",[],latin,latin,url_domain_issue,50.0
S1-895621536,S3-566727504,South Finance Private Limited,south finance pvt ltd,South फाइनेंस प्राइवेट लिमिटेड,south फ इनस पर इवट ल म टड,"C-25 Sector 62 Stellar It Park 4Th Floor, Noida, Gautam Buddha Nagar, Uttar Pradesh",c 25 sector 62 stellar it park 4th floor noida gautam buddha nagar uttar pradesh,,,INDIA,INDIA,"['25', '62']",[],latin,mixed_latin_devanagari,missing_address_evidence,34.78260869565217
S1-881950049,S3-289454333,LY Frontier Oceanhawk LLC,ly frontier oceanhawk llc,LY Frontier Ogeanlaowk (LLC),ly frontier ogeanlaowk llc,"1900 Geniveive Lane, Austin, TX",1900 geniveive lane austin tx,,,US,US,['1900'],[],latin,latin,missing_address_evidence,90.19607843137256
S1-928660078,S3-674522576,Arihant It Private Limited,arihant it pvt ltd,ਅਰਿਹੰਤ ਆਈਟੀ ਪ੍ਰਾਈਵੇਟ ਲਿਮਟਿਡ,ਅਰ ਹਤ ਆਈਟ ਪਰ ਈਵਟ ਲ ਮਟ ਡ,"1St Floor, Old Canara Bank Building G.T. Road, Khanna, Punjab",1st floor old canara bank building g t road khanna punjab,"1S Floor, Old Canara Bank Building G.t. Road, Khatra, PB",1s floor old canara bank building g t road khatra pb,INDIA,INDIA,[],[],latin,other,dba_trade_name_mismatch,14.634146341463417
S1-827192137,S3-841593107,Galaxy Impex Private Limited,galaxy impex pvt ltd,गैलेक्सी इम्पेक्स प्राइवेट लिमिटेड,गलकस इमपकस पर इवट ल म टड,"16, First Floor, Prospect Chambers, Annex No. 6 Pitha Street, Fort, Mumbai, Mumbai City, Maharashtra",16 first floor prospect chambers annex no 6 pitha street fort mumbai mumbai city maharashtra,"16, Mumbai, Mumbai City, महाराष्ट्र",16 mumbai mumbai city मह र षटर,INDIA,INDIA,"['16', '6']",['16'],latin,devanagari,cross_script_name,13.636363636363635
S1-827192137,S2-849450184,Galaxy Impex Private Limited,galaxy impex pvt ltd,गैलेक्सी इम्पेक्स प्राइवेट लिमिटेड,गलकस इमपकस पर इवट ल म टड,"16, First Floor, Prospect Chambers, Annex No. 6 Pitha Street, Fort, Mumbai, Mumbai City, Maharashtra",16 first floor prospect chambers annex no 6 pitha street fort mumbai mumbai city maharashtra,"16, MUMBAI CITY, MUMBAI, Maharashtra",16 mumbai city mumbai maharashtra,INDIA,INDIA,"['16', '6']",['16'],latin,devanagari,cross_script_name,13.636363636363635
S1-697204762,S3-443905866,White Constructions,white constructions,व्हाइट कंस्ट्रक्शंस,वह इट कसटरकशस,"B-94, Flat No.302 Housing Colony Lohia Nagar Kankarbagh, Patna, Bihar",b 94 flat no 302 housing colony lohia nagar kankarbagh patna bihar,"B-94, Patna, null, BR",b 94 patna br,INDIA,INDIA,"['94', '302']",['94'],latin,devanagari,cross_script_name,6.25
S1-462027042,S2-136465903,Gold Foundation Pvt Ltd,gold foundation pvt ltd,गोल्ड फाउंडेशन प्रा. लि.,ग लड फ उडशन पर ल,"Flat No.206, Cresent Corner Plot No.28-29, Sector 20, Cbd Belapur, Navi Mumbai, Thane, Maharashtra",flat no 206 cresent corner plot no 28 29 sector 20 cbd belapur navi mumbai thane maharashtra,"NEW MUMBAI, CRESENT CORNER PLOT NO.28-29, SECTOR 20, CBD BELAPUR, DOOR NO 206, THANE, Maharashtra",new mumbai cresent corner plot no 28 29 sector 20 cbd belapur no 206 thane maharashtra,INDIA,INDIA,"['206', '28', '29', '20']","['28', '29', '20', '206']",latin,devanagari,cross_script_name,15.384615384615385
S1-692891261,S3-92202887,Custom Labs Pvt Ltd,custom labs pvt ltd,Calocira,calocira,"Trivandrum, Thiruvananthapuram, First Floor, Kerala, Gulf Star Building Tc No 28/2484 (3), Near Chettikulangara, Temple",trivandrum thiruvananthapuram first floor kerala gulf star building tc no 28 2484 3 near chettikulangara temple,"First Floor, Thiruvananthapuram, Trivandrum, KL",first floor thiruvananthapuram trivandrum kl,INDIA,INDIA,"['28', '2484', '3']",[],latin,latin,dba_trade_name_mismatch,22.22222222222222
S1-78497462,S3-490409958,Bharat Impex Private Limited,bharat impex pvt ltd,भारत इम्पेक्स प्राइवेट लिमिटेड,भ रत इमपकस पर इवट ल म टड,"D16B, Bhagat Singh Enclave, Behind Shivaji College, Raja Garden, New Delhi, Delhi",d16b bhagat singh enclave behind shivaji college raja garden new delhi delhi,"#278 D16b, Raja Garden, New Delhi, DL",278 d16b raja garden new delhi dl,INDIA,INDIA,[],['278'],latin,devanagari,cross_script_name,13.636363636363635
S1-78497462,S2-983751171,Bharat Impex Private Limited,bharat impex pvt ltd,भारत इम्पेक्स प्राइवेट लिमिटेड,भ रत इमपकस पर इवट ल म टड,"D16B, Bhagat Singh Enclave, Behind Shivaji College, Raja Garden, New Delhi, Delhi",d16b bhagat singh enclave behind shivaji college raja garden new delhi delhi,"NEW DELHI, RAJA GARDEN, Delhi, DC-16B",new delhi raja garden delhi dc 16b,INDIA,INDIA,[],[],latin,devanagari,cross_script_name,13.636363636363635
S1-78497462,S2-626722722,Bharat Impex Private Limited,bharat impex pvt ltd,भारत इम्पेक्स प्राइवेट लिमिटेड,भ रत इमपकस पर इवट ल म टड,"D16B, Bhagat Singh Enclave, Behind Shivaji College, Raja Garden, New Delhi, Delhi",d16b bhagat singh enclave behind shivaji college raja garden new delhi delhi,"Delhi, DC-16B, RAJA GARDEN, NEW DELHI, BHAGAT SINGH ENCLAVE, BEHIND SHIVAJI COLLEGE",delhi dc 16b raja garden new delhi bhagat singh enclave behind shivaji college,INDIA,INDIA,[],[],latin,devanagari,cross_script_name,13.636363636363635
S1-596601225,S2-209336487,Bay Canary LLC,bay canary llc,Bay Chrayr  LLC,bay chrayr llc,"Beckley, WV, 207 Pike Street",beckley wv 207 pike street,"0207 PIKE ST, BECKLEY, WV",0207 pike street beckley wv,US,US,['207'],['0207'],latin,latin,address_only_relation,78.57142857142857
S1-596601225,S2-732181015,Bay Canary LLC,bay canary llc,*** Lyralum,lyralum,"Beckley, WV, 207 Pike Street",beckley wv 207 pike street,"0207 PIKE SAINT, BECKLEY, WV",0207 pike saint beckley wv,US,US,['207'],['0207'],latin,latin,dba_trade_name_mismatch,28.57142857142857
S1-566143634,S2-280387127,Unique Services Private Limited,unique services pvt ltd,ইউনিক সার্ভিসেস প্রাইভেট লিমিটেড,ইউন ক স রভ স স পর ইভ ট ল ম ট ড,"47, Matheshwartala Road, Kolkata, Kolkata, Howrah, West Bengal",47 matheshwartala road kolkata kolkata howrah west bengal,"47, CALCUTTA, HOWRAH, West Bengal",47 calcutta howrah west bengal,INDIA,INDIA,['47'],['47'],latin,bengali,cross_script_name,11.32075471698113
S1-234364027,S2-22374318,Good Systems Pvt Ltd,good systems pvt ltd,गुड सिस्टम्स प्रा. लि.,गड स सटमस पर ल,"C/85 A.G Colony, Patna, Bihar",c 85 a g colony patna bihar,"C/85 A.G COCONY, PATNA, Bihar",c 85 a g cocony patna bihar,INDIA,INDIA,['85'],['85'],latin,devanagari,cross_script_name,17.647058823529417
S1-234364027,S3-722557059,Good Systems Pvt Ltd,good systems pvt ltd,गुड सिस्टम्स प्रा. लि.,गड स सटमस पर ल,"C/85 A.G Colony, Patna, Bihar",c 85 a g colony patna bihar,"C/85 A.g Colony, Patna, BR",c 85 a g colony patna br,INDIA,INDIA,['85'],['85'],latin,devanagari,cross_script_name,17.647058823529417
S1-391501577,S2-75136310,Universal Best Developers Private Limited,universal best developers pvt ltd,यूनिवर्सल बेस्ट डेवलपर्स प्राइवेट लिमिटेड,यन वरसल बसट डवलपरस पर इवट ल म टड,"Booth No. 8, Sector 51, Near Artemis Hospital, Gurgaon, Sector -45, Gurgaon, Haryana",booth no 8 sector 51 near artemis hospital gurgaon sector 45 gurgaon haryana,"BOOTH NO. 8/4, NEW DELHI, Haryana",booth no 8 4 new delhi haryana,INDIA,INDIA,"['8', '51', '45']","['8', '4']",latin,devanagari,cross_script_name,12.307692307692308
S1-391501577,S2-870941546,Universal Best Developers Private Limited,universal best developers pvt ltd,यूनिवर्सल बेस्ट डेवलपर्स प्राइवेट लिमिटेड,यन वरसल बसट डवलपरस पर इवट ल म टड,"Booth No. 8, Sector 51, Near Artemis Hospital, Gurgaon, Sector -45, Gurgaon, Haryana",booth no 8 sector 51 near artemis hospital gurgaon sector 45 gurgaon haryana,"BOOTH NO. 8/4, NEW DELHI, Haryana",booth no 8 4 new delhi haryana,INDIA,INDIA,"['8', '51', '45']","['8', '4']",latin,devanagari,cross_script_name,12.307692307692308
S1-138644160,S2-984471315,Jrd (india) (India) Ltd,jrd india india ltd,Nylabeloecto,nylabeloecto,"Mahalakshmi Chambers, 29, Mg Road, Next To Trinity Metro Station, Bengaluru, Bangalore, Karnataka",mahalakshmi chambers 29 mg road next to trinity metro station bengaluru bangalore karnataka,"MAHALAKSHMI CHAMBERS, 29, MG ROAD, NEXT TO TRINITY METRO STATION, BENGALURU, BANGALORE, ಕರ್ನಾಟಕ",mahalakshmi chambers 29 mg road next to trinity metro station bengaluru bangalore ಕರನ ಟಕ,INDIA,INDIA,['29'],['29'],latin,latin,dba_trade_name_mismatch,25.806451612903224
S1-994276304,S2-902461018,Vijay Exports Private Limited,vijay exports pvt ltd,विजय एक्सपोर्ट्स प्राइवेट लिमिटेड,व जय एकसप रटस पर इवट ल म टड,"Kanhaiya Park Belthika Nagar, Thergaon, Pimpri, S 14/6A/6B/1, Maharashtra, Pune",kanhaiya park belthika nagar thergaon pimpri s 14 6a 6b 1 maharashtra pune,"#358 S 14/6A/6B/1, PIMPRI, <NULL>, महाराष्ट्र",358 s 14 6a 6b 1 pimpri मह र षटर,INDIA,INDIA,"['14', '1']","['358', '14', '1']",latin,devanagari,cross_script_name,12.5
S1-994276304,S3-211656620,Vijay Exports Private Limited,vijay exports pvt ltd,विजय एक्सपोर्ट्स प्राइवेट लिमिटेड,व जय एकसप रटस पर इवट ल म टड,"Kanhaiya Park Belthika Nagar, Thergaon, Pimpri, S 14/6A/6B/1, Maharashtra, Pune",kanhaiya park belthika nagar thergaon pimpri s 14 6a 6b 1 maharashtra pune,"S 14/6A/6B/1, Pimpri, Chinchwad, MH",s 14 6a 6b 1 pimpri chinchwad mh,INDIA,INDIA,"['14', '1']","['14', '1']",latin,devanagari,cross_script_name,12.5
S1-994276304,S3-742983838,Vijay Exports Private Limited,vijay exports pvt ltd,Vantagerizadova,vantagerizadova,"Kanhaiya Park Belthika Nagar, Thergaon, Pimpri, S 14/6A/6B/1, Maharashtra, Pune",kanhaiya park belthika nagar thergaon pimpri s 14 6a 6b 1 maharashtra pune,"S 14/6A/6B/1, Pune, Chinchwad, MH",s 14 6a 6b 1 pune chinchwad mh,INDIA,INDIA,"['14', '1']","['14', '1']",latin,latin,dba_trade_name_mismatch,27.77777777777778
S1-626513532,S2-797018609,East Builders Private Limited,east builders pvt ltd,ईस्ट बिल्डर्स प्राइवेट लिमिटेड,ईसट ब लडरस पर इवट ल म टड,"Flat No. 402, Acroplolis Building C, Thatte Nagar, Gangapur Road, Nashik, Maharashtra",flat no 402 acroplolis building c thatte nagar gangapur road nashik maharashtra,"H.NO 40, NASHIK, महाराष्ट्र",no 40 nashik मह र षटर,INDIA,INDIA,['402'],['40'],latin,devanagari,cross_script_name,13.33333333333333
S1-621597210,S3-369253880,Southern Exports Private Limited,southern exports pvt ltd,सदर्न एक्सपोर्ट्स प्राइवेट लिमिटेड,सदरन एकसप रटस पर इवट ल म टड,"201/H-25, Pratiksha Nagar (Mhada Colony) Pratiksha Nagar Best Bus Depot Road, Sio, N, Mumbai, Mumbai City, Maharashtra",201 h 25 pratiksha nagar mhada colony pratiksha nagar best bus depot road sio n mumbai mumbai city maharashtra,"201/H-25, Mumbai City, MH",201 h 25 mumbai city mh,INDIA,INDIA,"['201', '25']","['201', '25']",latin,devanagari,cross_script_name,11.764705882352944
S1-960209734,S3-884600978,City Tech Private Limited,city tech pvt ltd,સિટી ટેક પ્રાઇવેટ લિમિટેડ,સ ટ ટક પર ઇવટ લ મ ટડ,"B-201, Evergreen Nr, Hills High School, Vesu, Surat, Gujarat",b 201 evergreen nr hills high school vesu surat gujarat,"B-199, Surat, GJ",b 199 surat gj,INDIA,INDIA,['201'],['199'],latin,other,address_only_relation,16.216216216216218
S1-621121657,S2-108264938,Anand Logistics Private Limited,anand logistics pvt ltd,आनंद लॉजिस्टिक्स प्राइवेट लिमिटेड,आनद ल ज सट कस पर इवट ल म टड,"F-2, Vishwadeep Appartment, Nagala Park, Near Vivekanad College, Kolhapur, Maharashtra",f 2 vishwadeep appartment nagala park near vivekanad college kolhapur maharashtra,"F-2, KOLHAPUR, Maharashtra",f 2 kolhapur maharashtra,INDIA,INDIA,['2'],['2'],latin,devanagari,cross_script_name,12.0
S1-784942211,S3-65363862,Sai Ventures Private Limited,sai ventures pvt ltd,Sai Vecntrurls Private Limited,sai vecntrurls pvt ltd,"209, Ss1, Koparkhairane, Sec:3, Wd: Kopar Khairane, Thane, Maharashtra",209 ss1 koparkhairane sec 3 wd kopar khairane thane maharashtra,,,INDIA,INDIA,"['209', '3']",[],latin,latin,missing_address_evidence,90.47619047619048
S1-418361061,S2-779671915,Big Investments Private Limited,big investments pvt ltd,বিগ ইনভেস্টমেন্টস প্রাইভেট লিমিটেড,ব গ ইনভ সটম নটস পর ইভ ট ল ম ট ড,"8, Camac Street, Shantiniketan Building, 5Th Foloor, Room No.515, Kolkata, Kolkata, Howrah, West Bengal",8 camac street shantiniketan building 5th foloor room no 515 kolkata kolkata howrah west bengal,"8, CALCUTTA, HOWRAH, পশ্চিমবঙ্গ",8 calcutta howrah পশচ মবঙগ,INDIA,INDIA,"['8', '515']",['8'],latin,bengali,cross_script_name,11.111111111111116
S1-418361061,S3-402482459,Big Investments Private Limited,big investments pvt ltd,বিগ ইনভেস্টমেন্টস প্রাইভেট লিমিটেড,ব গ ইনভ সটম নটস পর ইভ ট ল ম ট ড,"8, Camac Street, Shantiniketan Building, 5Th Foloor, Room No.515, Kolkata, Kolkata, Howrah, West Bengal",8 camac street shantiniketan building 5th foloor room no 515 kolkata kolkata howrah west bengal,"8, Kolkata, Howrah, WB",8 kolkata howrah wb,INDIA,INDIA,"['8', '515']",['8'],latin,bengali,cross_script_name,11.111111111111116
S1-611075098,S2-879290309,Sun Foundation Private Limited,sun foundation pvt ltd,ସନ୍ ଫାଉଣ୍ଡେସନ୍ ପ୍ରାଇଭେଟ୍ ଲିମିଟେଡ୍,ସନ ଫ ଉଣଡ ସନ ପର ଇଭ ଟ ଲମଟ ଡ,"Professorpara, Cuttack, Orissa",professorpara cuttack orissa,"PROFESSORPARA, CUTTACK, ଓଡ଼ିଶା",professorpara cuttack ଓଡଶ,INDIA,INDIA,[],[],latin,other,address_only_relation,12.765957446808507
S1-87088260,S2-824937840,Sai Pharmacy Limited,sai pharmacy ltd,SAI LIMITED CENTER,sai limited center,"No.296, 3Rd Floor, 24Th Main Road Jp Nagar, Bangalore, Karnataka",no 296 3rd floor 24th main road jp nagar bangalore karnataka,"NO.896 , 3RD FLOOR, 24TH MAIN ROAD JP NAGAR, Karnataka",no 896 3rd floor 24th main road jp nagar karnataka,INDIA,INDIA,['296'],['896'],latin,latin,word_order_variation,41.17647058823529
S1-188376045,S3-132971315,Eastern International Private Limited,eastern international pvt ltd,Eastern Private Limited Service,eastern private limited service,"H62/03, Sector 4, Nerul, Navi Mumbai, Thane, Maharashtra",h62 03 sector 4 nerul navi mumbai thane maharashtra,"No. 965 H62/03, Sector 4, Nerul, Navi Mumbai, Thane, MH",no 965 h62 03 sector 4 nerul navi mumbai thane mh,INDIA,INDIA,"['03', '4']","['965', '03', '4']",latin,latin,address_only_relation,53.333333333333336
S1-188376045,S2-553252878,Eastern International Private Limited,eastern international pvt ltd,ईस्टर्न इंटरनेशनल प्राइवेट लिमिटेड,ईसटरन इटरनशनल पर इवट ल म टड,"H62/03, Sector 4, Nerul, Navi Mumbai, Thane, Maharashtra",h62 03 sector 4 nerul navi mumbai thane maharashtra,"Maharashtra, SECTOR 4, NERUL, HN 549 H62/03, THANE",maharashtra sector 4 nerul hn 549 h62 03 thane,INDIA,INDIA,"['03', '4']","['4', '549', '03']",latin,devanagari,cross_script_name,10.71428571428571
S1-553341936,S3-504193413,Buller Rexford,buller rexford,Fayexylo,fayexylo,"2931 Ellis Drive, Montgomery, AL",2931 ellis drive montgomery al,"Montgomery, Alabama, Ellis Drive",montgomery alabama ellis drive,US,US,['2931'],[],latin,latin,address_only_relation,27.27272727272727
S1-618364441,S3-673010690,United Software Private Limited,united software pvt ltd,यूनाइटेड सॉफ्टवेयर प्राइवेट लिमिटेड,यन इटड स फटवयर पर इवट ल म टड,"Vikas Puri, New Delhi, K-68, Krishna Park Extension, Outer Ring Road, Delhi",vikas puri new delhi k 68 krishna park extension outer ring road delhi,"N/A, K-68, Vikas Puri, New Delhi, दिल्ली",n a k 68 vikas puri new delhi द लल,INDIA,INDIA,['68'],['68'],latin,devanagari,cross_script_name,11.764705882352944
S1-618364441,S2-773032786,United Software Private Limited,united software pvt ltd,यूनाइटेड सॉफ्टवेयर प्राइवेट लिमिटेड,यन इटड स फटवयर पर इवट ल म टड,"Vikas Puri, New Delhi, K-68, Krishna Park Extension, Outer Ring Road, Delhi",vikas puri new delhi k 68 krishna park extension outer ring road delhi,"K-68., KRISHNA PARK EXTENSION, OUTER RING ROAD, NEW DELHI, VIKAS PURI, दिल्ली",k 68 krishna park extension outer ring road new delhi vikas puri द लल,INDIA,INDIA,['68'],['68'],latin,devanagari,cross_script_name,11.764705882352944
S1-511662098,S2-322334769,Bharat Super Business Private Limited,bharat super business pvt ltd,ভারত সুপার বিজনেস প্রাইভেট লিমিটেড,ভ রত সপ র ব জন স পর ইভ ট ল ম ট ড,"48 Swinhoe Lane 3Rd Floor Flat No. 3A, Kolkata, Howrah, West Bengal",48 swinhoe lane 3rd floor flat no 3a kolkata howrah west bengal,"1 SWINHOE LANE 3RD FLOOR FLAT NO. 3A, KOLKATA, KOLKATA REGION, KOLKATA, পশ্চিমবঙ্গ",1 swinhoe lane 3rd floor flat no 3a kolkata kolkata region kolkata পশচ মবঙগ,INDIA,INDIA,['48'],['1'],latin,bengali,cross_script_name,13.11475409836066
S1-791488058,S2-310751579,Global Finance,global finance,ग्लोबल फाइनेंस,गल बल फ इनस,"D -Wing, Corner Of 6Th And 7Th Road, Rajawadi Ghatkopar (East), Mumbai, Maharashtra",d wing corner of 6th and 7th road rajawadi ghatkopar east mumbai maharashtra,"D -WING, RAJAWADI GHATKOPAR (EAST), महाराष्ट्र",d wing rajawadi ghatkopar east मह र षटर,INDIA,INDIA,[],[],latin,devanagari,cross_script_name,7.9999999999999964
S1-791488058,S2-887811906,Global Finance,global finance,ग्लोबल फाइनेंस,गल बल फ इनस,"D -Wing, Corner Of 6Th And 7Th Road, Rajawadi Ghatkopar (East), Mumbai, Maharashtra",d wing corner of 6th and 7th road rajawadi ghatkopar east mumbai maharashtra,"D -WING, MUMBAI, महाराष्ट्र",d wing mumbai मह र षटर,INDIA,INDIA,[],[],latin,devanagari,cross_script_name,7.9999999999999964
S1-791488058,S3-155892568,Global Finance,global finance,ग्लोबल फाइनेंस,गल बल फ इनस,"D -Wing, Corner Of 6Th And 7Th Road, Rajawadi Ghatkopar (East), Mumbai, Maharashtra",d wing corner of 6th and 7th road rajawadi ghatkopar east mumbai maharashtra,"D -Wing, Corner Of 6Th And 7Th Road, Mumbai, महाराष्ट्र",d wing corner of 6th and 7th road mumbai मह र षटर,INDIA,INDIA,[],[],latin,devanagari,cross_script_name,7.9999999999999964
S1-367503338,S2-841542733,Hitech Investments Private Limited,hitech investments pvt ltd,हाईटेक इन्वेस्टमेंट्स प्राइवेट लिमिटेड,ह ईटक इनवसटमटस पर इवट ल म टड,"2/4 Sector J, Jankipuram, Lucknow, Uttar Pradesh",2 4 sector j jankipuram lucknow uttar pradesh,"2/4 SECTOR J, LUCKNOW, Uttar Pradesh",2 4 sector j lucknow uttar pradesh,INDIA,INDIA,"['2', '4']","['2', '4']",latin,devanagari,cross_script_name,11.111111111111116
S1-367503338,S3-647073521,Hitech Investments Private Limited,hitech investments pvt ltd,हाईटेक इन्वेस्टमेंट्स प्राइवेट लिमिटेड,ह ईटक इनवसटमटस पर इवट ल म टड,"2/4 Sector J, Jankipuram, Lucknow, Uttar Pradesh",2 4 sector j jankipuram lucknow uttar pradesh,"2/4 Sector J, Jankipuram, Lucknow, UP",2 4 sector j jankipuram lucknow up,INDIA,INDIA,"['2', '4']","['2', '4']",latin,devanagari,cross_script_name,11.111111111111116
S1-740449041,S3-683832200,DZA Technology Private Limited,dza technology pvt ltd,Viobrix,viobrix,"1/4, T/F, East Patel Nagar, Delhi, West Delhi, Delhi",1 4 t f east patel nagar delhi west delhi delhi,"1/4, T/F, East Patel Nagar, Delhi, West Delhi, Delhi",1 4 t f east patel nagar delhi west delhi delhi,INDIA,INDIA,"['1', '4']","['1', '4']",latin,latin,dba_trade_name_mismatch,6.896551724137934
S1-764526188,S3-787183066,One Ventures Limited,one ventures ltd,वन वेंचर्स लिमिटेड,वन वचरस ल म टड,"Maharashtra, Mumbai City, Damji Shamji Industrial Premise Co-Op. Society Unit -119, Mahakali Caves Road, Andheri, East, 28, Mumbai",maharashtra mumbai city damji shamji industrial premise co op society unit 119 mahakali caves road andheri east 28 mumbai,"28, Mumbai, Mumbai City, MH",28 mumbai mumbai city mh,INDIA,INDIA,"['119', '28']",['28'],latin,devanagari,cross_script_name,13.33333333333333
S1-764526188,S2-465189854,One Ventures Limited,one ventures ltd,वन वेंचर्स लिमिटेड,वन वचरस ल म टड,"Maharashtra, Mumbai City, Damji Shamji Industrial Premise Co-Op. Society Unit -119, Mahakali Caves Road, Andheri, East, 28, Mumbai",maharashtra mumbai city damji shamji industrial premise co op society unit 119 mahakali caves road andheri east 28 mumbai,"##28, MUMBAI, MUMBAI CITY, महाराष्ट्र",28 mumbai mumbai city मह र षटर,INDIA,INDIA,"['119', '28']",['28'],latin,devanagari,cross_script_name,13.33333333333333
S1-764526188,S3-749010229,One Ventures Limited,one ventures ltd,One वेंचर्स Limited,one वचरस ltd,"Maharashtra, Mumbai City, Damji Shamji Industrial Premise Co-Op. Society Unit -119, Mahakali Caves Road, Andheri, East, 28, Mumbai",maharashtra mumbai city damji shamji industrial premise co op society unit 119 mahakali caves road andheri east 28 mumbai,"28, Mumbai, Mumbai City, महाराष्ट्र",28 mumbai mumbai city मह र षटर,INDIA,INDIA,"['119', '28']",['28'],latin,mixed_latin_devanagari,cross_script_name,57.14285714285714
S1-631314125,S3-90720015,Swastik Construction,swastik construction,स्वस्तिक कंस्ट्रक्शन,सवसत क कसटरकशन,"Rohini, Kh No. 93/9/1, 2Nd Floor, Block-C, Vijay Vihar, Phase-2, Delhi, North West, House No. 76",rohini no 93 9 1 2nd floor block c vijay vihar phase 2 delhi north west house no 76,"House No. 0076, Rohini, North West, DL",house no 0076 rohini north west dl,INDIA,INDIA,"['93', '9', '1', '2', '76']",['0076'],latin,devanagari,cross_script_name,5.882352941176472
S1-631314125,S2-393638466,Swastik Construction,swastik construction,स्वस्तिक कंस्ट्रक्शन,सवसत क कसटरकशन,"Rohini, Kh No. 93/9/1, 2Nd Floor, Block-C, Vijay Vihar, Phase-2, Delhi, North West, House No. 76",rohini no 93 9 1 2nd floor block c vijay vihar phase 2 delhi north west house no 76,"HOUSE NO. 76, ROHINI, NORTH WEST, Delhi",house no 76 rohini north west delhi,INDIA,INDIA,"['93', '9', '1', '2', '76']",['76'],latin,devanagari,cross_script_name,5.882352941176472
S1-825346251,S3-112250041,Galaxy Healthcare Private Limited,galaxy healthcare pvt ltd,ಗ್ಯಾಲಕ್ಸಿ ಹೆಲ್ತ್‌ಕೇರ್ ಪ್ರೈವೇಟ್ ಲಿಮಿಟೆಡ್,ಗಯ ಲಕಸ ಹಲತ ಕ ರ ಪರ ವ ಟ ಲಮಟಡ,"Sraddha Lakshmi, 50/5Th Cross 10Th Main, Indiranagar, Bangalore, Karnataka",sraddha lakshmi 50 5th cross 10th main indiranagar bangalore karnataka,"H.no 779 Sraddha Lakshmi, Bangalore, ಕರ್ನಾಟಕ",no 779 sraddha lakshmi bangalore ಕರನ ಟಕ,INDIA,INDIA,['50'],['779'],latin,other,dba_trade_name_mismatch,11.764705882352944
S1-387519977,S2-821454348,Maa Media Limited,maa media ltd,ಮಾ ಮೀಡಿಯಾ ಲಿಮಿಟೆಡ್,ಮ ಮ ಡಯ ಲಮಟಡ,"Karnataka, No. 4, Bangalore Rural, Ajjegowdanapalya, Sasveghatta Main Road, Bangalore North",karnataka no 4 bangalore rural ajjegowdanapalya sasveghatta main road bangalore north,"NO. 4, BENGALURU URBAN, BANGALORE NORTH, Karnataka",no 4 bengaluru urban bangalore north karnataka,INDIA,INDIA,['4'],['4'],latin,other,dba_trade_name_mismatch,16.666666666666664
S1-105011790,S2-380913756,Lakshmi Infra Private Limited,lakshmi infra pvt ltd,લક્ષ્મી ઇન્ફ્રા પ્રાઇવેટ લિમિટેડ,લકષમ ઇનફર પર ઇવટ લ મ ટડ,"Ground Floor, Block No. 694, Plot No.13 To 18, Jayraj Textile Park, Mahuej Road, Mangrol, Surat, Gujarat",ground floor block no 694 plot no 13 to 18 jayraj textile park mahuej road mangrol surat gujarat,"MANGROL, SURAT, Gujarat, GROUND FLOOR",mangrol surat gujarat ground floor,INDIA,INDIA,"['694', '13', '18']",[],latin,other,dba_trade_name_mismatch,13.636363636363635
S1-105011790,S3-912114861,Lakshmi Infra Private Limited,lakshmi infra pvt ltd,લક્ષ્મી ઇન્ફ્રા પ્રાઇવેટ લિમિટેડ,લકષમ ઇનફર પર ઇવટ લ મ ટડ,"Ground Floor, Block No. 694, Plot No.13 To 18, Jayraj Textile Park, Mahuej Road, Mangrol, Surat, Gujarat",ground floor block no 694 plot no 13 to 18 jayraj textile park mahuej road mangrol surat gujarat,"No 150 Ground Folor, Mangrol, Surat, GJ",no 150 ground folor mangrol surat gj,INDIA,INDIA,"['694', '13', '18']",['150'],latin,other,dba_trade_name_mismatch,13.636363636363635
S1-725302508,S2-632560663,Premier Media Private Limited,premier media pvt ltd,ప్రీమియర్ మీడియా ప్రైవేట్ లిమిటెడ్,పరమయర మడయ పరవట లమటడ,"2Nd Floor, Ghatroad, Junction, D. Suravaram, Chodavaram, Visakhapatnam, Vishakhapatnam, Andhra Pradesh",2nd floor ghatroad junction d suravaram chodavaram visakhapatnam vishakhapatnam andhra pradesh,"2ND FLOOR, VISHAKHAPATNAM, Andhra Pradesh",2nd floor vishakhapatnam andhra pradesh,INDIA,INDIA,[],[],latin,telugu,cross_script_name,15.000000000000002
S1-905957470,S3-562181836,Shiva Business Private Limited,shiva business pvt ltd,शिवा बिजनेस प्राइवेट लिमिटेड,श व ब जनस पर इवट ल म टड,"24/13 Shakti Nagar, Delhi, New Delhi, Delhi",24 13 shakti nagar delhi new delhi delhi,"24/13 Shakti Nagar, New Delhi, Delhi, DL",24 13 shakti nagar new delhi delhi dl,INDIA,INDIA,"['24', '13']","['24', '13']",latin,devanagari,cross_script_name,13.33333333333333
S1-905957470,S3-427828941,Shiva Business Private Limited,shiva business pvt ltd,शिवा बिजनेस प्राइवेट लिमिटेड,श व ब जनस पर इवट ल म टड,"24/13 Shakti Nagar, Delhi, New Delhi, Delhi",24 13 shakti nagar delhi new delhi delhi,"#24/13 Shakti Nagar, Delhi, New Delhi, DL",24 13 shakti nagar delhi new delhi dl,INDIA,INDIA,"['24', '13']","['24', '13']",latin,devanagari,cross_script_name,13.33333333333333
S1-519976261,S3-71779109,Sun Tech Pvt Ltd,sun tech pvt ltd,सन टेक प्रा. लि.,सन टक पर ल,"305-A, Pocket-2 Mayur Vihar Phase-I, New Delhi, East Delhi, Delhi",305 a pocket 2 mayur vihar phase i new delhi east delhi delhi,"0305-A, Pocket-2 Mayur Vihar Phase-i, East Delhi, New Delhi, DL",0305 a pocket 2 mayur vihar phase i east delhi new delhi dl,INDIA,INDIA,"['305', '2']","['0305', '2']",latin,devanagari,cross_script_name,23.076923076923073
S1-519976261,S3-43968432,Sun Tech Pvt Ltd,sun tech pvt ltd,सन टेक प्रा. लि.,सन टक पर ल,"305-A, Pocket-2 Mayur Vihar Phase-I, New Delhi, East Delhi, Delhi",305 a pocket 2 mayur vihar phase i new delhi east delhi delhi,"0305-A, New Delhi, East Delhi, DL",0305 a new delhi east delhi dl,INDIA,INDIA,"['305', '2']",['0305'],latin,devanagari,cross_script_name,23.076923076923073
S1-109593962,S2-199917158,Great Impex Private Limited,great impex pvt ltd,గ్రేట్ ఇంపెక్స్ ప్రైవేట్ లిమిటెడ్,గరట ఇ పకస పరవట లమటడ,"6-2-101/5/C, Telangana, Hyderabad, Secunderabad, Lane Beside Centralview Apt New Bhoiguda",6 2 101 5 c telangana hyderabad secunderabad lane beside centralview apartment new bhoiguda,"6-2-101/5/C, HYDERABAD, SECUNDERABAD, తెలంగాణ",6 2 101 5 c hyderabad secunderabad తల గణ,INDIA,INDIA,"['6', '2', '101', '5']","['6', '2', '101', '5']",latin,telugu,cross_script_name,15.789473684210531
S1-338717231,S3-744002059,Vaishnavi Securities Private Limited,vaishnavi securities pvt ltd,Avipyra (ID: 98610),avipyra id 98610,"38/2, 2Nd Cross, Sri Sathya Sai Baba Lyt, Bangalore North, Bangalore, Karnataka",38 2 2nd cross sri sathya sai baba lyt bangalore north bangalore karnataka,"38/2, Bangalore North, Bangalore, KA",38 2 bangalore north bangalore ka,INDIA,INDIA,"['38', '2']","['38', '2']",latin,latin,dba_trade_name_mismatch,27.27272727272727
S1-242858881,S2-603494190,Aditya Vision Hospitality Private Limited,aditya vision hospitality pvt ltd,आदित्य विजन हॉस्पिटैलिटी प्राइवेट लिमिटेड,आद तय व जन ह सप टल ट पर इवट ल म टड,"Hno Rz26, Gali No 3, Kailash Puri, New Delhi, South West Delhi, Delhi",hno rz26 gali no 3 kailash puri new delhi south west delhi delhi,"HNO RZ26, GALI NO 3, KAILASH PURI, DIVREPORTINGCIRCLE, SOUTH WEST DELHI, Delhi",hno rz26 gali no 3 kailash puri divreportingcircle south west delhi delhi,INDIA,INDIA,['3'],['3'],latin,devanagari,cross_script_name,11.940298507462687
S1-242858881,S3-682561550,Aditya Vision Hospitality Private Limited,aditya vision hospitality pvt ltd,आदित्य विजन हॉस्पिटैलिटी प्राइवेट लिमिटेड,आद तय व जन ह सप टल ट पर इवट ल म टड,"Hno Rz26, Gali No 3, Kailash Puri, New Delhi, South West Delhi, Delhi",hno rz26 gali no 3 kailash puri new delhi south west delhi delhi,"New Delhi, Hno Rz26, New Delhi, DL",new delhi hno rz26 new delhi dl,INDIA,INDIA,['3'],[],latin,devanagari,cross_script_name,11.940298507462687
S1-582041644,S2-46725852,Delhi Infra Clinic,delhi infra clinic,DELHl IIFNA-CLINIC,delhl iifna clinic,"315, G Floor, Block - Bg, Sanjay Gandhi Tp Nagar, North West Delhi, Delhi",315 g floor block bg sanjay gandhi tp nagar north west delhi delhi,,,INDIA,INDIA,['315'],[],latin,latin,missing_address_evidence,83.33333333333334
S1-774588648,S3-767446227,Perfect Technology Pvt Ltd,perfect technology pvt ltd,Orbiarcyuma,orbiarcyuma,"Plot No. 352/A, Aditya Nagar, Near Hmt Hills, Kukatpally, Hyderabad, Telangana",plot no 352 a aditya nagar near hmt hills kukatpally hyderabad telangana,"H.no 52/A, Aditya Nagar, Near Hmt Hills, Kukatpally, Hyderabad, తెలంగాణ",no 52 a aditya nagar near hmt hills kukatpally hyderabad తల గణ,INDIA,INDIA,['352'],['52'],latin,latin,dba_trade_name_mismatch,16.216216216216218
S1-340868165,S3-148607708,Dream Investments Private Limited,dream investments pvt ltd,டிரீம் இன்வெஸ்ட்மெண்ட்ஸ் பிரைவேட் லிமிடெட்,ட ரம இனவ ஸடம ணடஸ ப ர வ ட ல ம ட ட,"23, Surammal Street, Madras, Madras, Chennai, Tamil Nadu",23 surammal street madras madras chennai tamil nadu,"23, Surammal Street, Madras, Madras, Chennai, TN",23 surammal street madras madras chennai tn,INDIA,INDIA,['23'],['23'],latin,tamil,cross_script_name,10.526315789473683
S1-11038305,S3-309471380,Seven Future Power Private Limited,seven future power pvt ltd,સેવન ફ્યુચર પાવર પ્રાઇવેટ લિમિટેડ,સવન ફયચર પ વર પર ઇવટ લ મ ટડ,"Plot No - A -7, Satyamev, Industrial Heartland, Mahesana, Gujarat",plot no a 7 satyamev industrial heartland mahesana gujarat,"Plot No - A -##7, Mahesana, <NULL>, GJ",plot no a 7 mahesana gj,INDIA,INDIA,['7'],['7'],latin,other,dba_trade_name_mismatch,15.094339622641506
S1-654686958,S3-31549441,Innovative Investments Limited,innovative investments ltd,इनोवेटिव इन्वेस्टमेंट्स लिमिटेड,इन वट व इनवसटमटस ल म टड,"2, Park End, 2Nd Floor Vikas Marg, Delhi",2 park end 2nd floor vikas marg delhi,"2Nd Floor Vikas Marg, Park End, Delhi, DL, 002",2nd floor vikas marg park end delhi dl 002,INDIA,INDIA,['2'],['002'],latin,devanagari,cross_script_name,8.163265306122447
S1-654686958,S3-376631967,Innovative Investments Limited,innovative investments ltd,इनोवेटिव इन्वेस्टमेंट्स लिमिटेड,इन वट व इनवसटमटस ल म टड,"2, Park End, 2Nd Floor Vikas Marg, Delhi",2 park end 2nd floor vikas marg delhi,"002, Park End, 2Nd Floor Vikas Marg, Delhi, DL",002 park end 2nd floor vikas marg delhi dl,INDIA,INDIA,['2'],['002'],latin,devanagari,cross_script_name,8.163265306122447
S1-280188529,S2-471132937,Eastern It,eastern it,Tavocira,tavocira,"Pno.1 Iqbal Nr, Azad Chowk, T.V Center Jaswantpura Ad, Aurangabad, Maharashtra",pno 1 iqbal nr azad chowk t v center jaswantpura ad aurangabad maharashtra,"PNO.##1 IQBAL NR, AURANGABAD, महाराष्ट्र",pno 1 iqbal nr aurangabad मह र षटर,INDIA,INDIA,['1'],['1'],latin,latin,dba_trade_name_mismatch,22.22222222222222
S1-736820900,S3-852494144,Alpha Electric Limited,alpha electric ltd,Evoarc,evoarc,"1-14 Tallada Mandal, Khammam, Telangana",1 14 tallada mandal khammam telangana,"H.no 001-14 Talada Mandal, Khammam, తెలంగాణ",no 001 14 talada mandal khammam తల గణ,INDIA,INDIA,"['1', '14']","['001', '14']",latin,latin,dba_trade_name_mismatch,25.0
S1-556007512,S2-458601569,Village Solutions,village solutions,Vantageavi,vantageavi,"Flat No-201, Plot No-25, Sector- 28 Washi, Navi Mumbai, Thane, Maharashtra",flat no 201 plot no 25 sector 28 washi navi mumbai thane maharashtra,"FLAT NO-C-201, PLOT NO-25, SECTOR- 28 WASHI, THANE, NAVI MUMBAI, Maharashtra",flat no c 201 plot no 25 sector 28 washi thane navi mumbai maharashtra,INDIA,INDIA,"['201', '25', '28']","['201', '25', '28']",latin,latin,dba_trade_name_mismatch,37.03703703703704
S1-488702780,S3-790983010,Urban Management Pvt Ltd,urban management pvt ltd,அர்பன் மேனேஜ்மெண்ட் பிரைவேட் லிமிடெட்,அரபன ம ன ஜம ணட ப ர வ ட ல ம ட ட,"No 54, Tamil Nadu, Coimbatore, Mettupalayam Road G N Mills Post, Coimbatore",no 54 tamil nadu coimbatore mettupalayam road g n mills post coimbatore,"H.no 54, Mettupalayam Road G N Mills Post, Coimbatore, Thudiyaloor, TN",no 54 mettupalayam road g n mills post coimbatore thudiyaloor tn,INDIA,INDIA,['54'],['54'],latin,tamil,cross_script_name,11.111111111111116
S1-488702780,S3-428742731,Urban Management Pvt Ltd,urban management pvt ltd,அர்பன் மேனேஜ்மெண்ட் பிரைவேட் லிமிடெட்,அரபன ம ன ஜம ணட ப ர வ ட ல ம ட ட,"No 54, Tamil Nadu, Coimbatore, Mettupalayam Road G N Mills Post, Coimbatore",no 54 tamil nadu coimbatore mettupalayam road g n mills post coimbatore,"H.no 54, Mettupalayam Road G N Mills Post, Coimbatore, Thudiyaloor, TN",no 54 mettupalayam road g n mills post coimbatore thudiyaloor tn,INDIA,INDIA,['54'],['54'],latin,tamil,cross_script_name,11.111111111111116
S1-488702780,S2-496079756,Urban Management Pvt Ltd,urban management pvt ltd,அர்பன் மேனேஜ்மெண்ட் பிரைவேட் லிமிடெட்,அரபன ம ன ஜம ணட ப ர வ ட ல ம ட ட,"No 54, Tamil Nadu, Coimbatore, Mettupalayam Road G N Mills Post, Coimbatore",no 54 tamil nadu coimbatore mettupalayam road g n mills post coimbatore,"COIMBATORE, Tamil Nadu, COIMBATORE, METTUPALAYAM ROAD G N MILLS POST, NO 54",coimbatore tamil nadu coimbatore mettupalayam road g n mills post no 54,INDIA,INDIA,['54'],['54'],latin,tamil,cross_script_name,11.111111111111116
S1-426267364,S2-380593256,Prime Projects Private Limited,prime projects pvt ltd,பிரைம் புராஜெக்ட்ஸ் பிரைவேட் லிமிடெட்,ப ர ம ப ர ஜ கடஸ ப ர வ ட ல ம ட ட,"S/O M Vasanthan, No.10 West Karikalan Street, Adambakkam, Chennai, Tamil Nadu",s o m vasanthan no 10 west karikalan street adambakkam chennai tamil nadu,"S/O M VASANTHAN, KANCHEEPURAM, தமிழ்நாடு",s o m vasanthan kancheepuram தம ழந ட,INDIA,INDIA,['10'],[],latin,tamil,cross_script_name,11.32075471698113
S1-810276312,S2-830971701,Surya Media Pvt Ltd,surya media pvt ltd,सूर्य मीडिया प्रा. लि.,सरय म ड य पर ल,"88/1, Near Ambika Fabrication, Akola Ahmadnagar, Akole, Ahmednagar, Maharashtra",88 1 near ambika fabrication akola ahmadnagar akole ahmednagar maharashtra,"88/1, PUNE REGION, AHMEDNAGAR, Maharashtra",88 1 pune region ahmednagar maharashtra,INDIA,INDIA,"['88', '1']","['88', '1']",latin,devanagari,cross_script_name,18.181818181818176
S1-873022884,S3-313846965,Black Global Private Limited,black global pvt ltd,ব্ল্যাক গ্লোবাল প্রাইভেট লিমিটেড,বলয ক গল ব ল পর ইভ ট ল ম ট ড,"26/2, Armenian Street 4Th Floor, Kolkata, Kolkata, Howrah, West Bengal",26 2 armenian street 4th floor kolkata kolkata howrah west bengal,"26, Kolkata, Dalhousie Kolkata, WB",26 kolkata dalhousie kolkata wb,INDIA,INDIA,"['26', '2']",['26'],latin,bengali,cross_script_name,12.5
S1-390209006,S3-922870217,DPM Software Corp,dpm software corp,Nylanyla,nylanyla,"C-4/18, Sf, Sector71, Noida, Gautam Buddha Nagar, Noida, Gautam Buddha Nagar, Uttar Pradesh",c 4 18 sf sector71 noida gautam buddha nagar noida gautam buddha nagar uttar pradesh,"C-4/18, Sf, Sector71, Noida, Gautam Buddha Nagar, Noida, Gautam Buddha Nagar, Uttar Pradesh",c 4 18 sf sector71 noida gautam buddha nagar noida gautam buddha nagar uttar pradesh,INDIA,INDIA,"['4', '18']","['4', '18']",latin,latin,dba_trade_name_mismatch,7.9999999999999964
S1-194812326,S2-603033846,East Care Private Limited,east care pvt ltd,ইস্ট কেয়ার প্রাইভেট লিমিটেড,ইসট ক য র পর ইভ ট ল ম ট ড,"8 Madan St, Kolkata, Calcutta, West Bengal",8 madan street kolkata calcutta west bengal,"8 MADAN ST, CALCUTTA, পশ্চিমবঙ্গ",8 madan street calcutta পশচ মবঙগ,INDIA,INDIA,['8'],['8'],latin,bengali,cross_script_name,14.28571428571429
S1-194812326,S2-7365214,East Care Private Limited,east care pvt ltd,ইস্ট কেয়ার প্রাইভেট লিমিটেড,ইসট ক য র পর ইভ ট ল ম ট ড,"8 Madan St, Kolkata, Calcutta, West Bengal",8 madan street kolkata calcutta west bengal,"CALCUTTA, 8 MADAN ST, CALCUTTA, পশ্চিমবঙ্গ",calcutta 8 madan street calcutta পশচ মবঙগ,INDIA,INDIA,['8'],['8'],latin,bengali,cross_script_name,14.28571428571429
S1-529589203,S3-500556500,Unique Marketing Private Limited,unique marketing pvt ltd,यूनिक मार्केटिंग प्राइवेट लिमिटेड,यन क म रकट ग पर इवट ल म टड,"Shop No. 13, 14, 21/25, Ganeesham, Wing C, Flat No. 604, Pimple Saudagar, Pune City, Pune, Maharashtra",shop no 13 14 21 25 ganeesham wing c flat no 604 pimple saudagar pune city pune maharashtra,"Sop No. 13, Pune City, Pune, MH",sop no 13 pune city pune mh,INDIA,INDIA,"['13', '14', '21', '25', '604']",['13'],latin,devanagari,cross_script_name,12.0
S1-529589203,S2-57317286,Unique Marketing Private Limited,unique marketing pvt ltd,यूनिक मार्केटिंग प्राइवेट लिमिटेड,यन क म रकट ग पर इवट ल म टड,"Shop No. 13, 14, 21/25, Ganeesham, Wing C, Flat No. 604, Pimple Saudagar, Pune City, Pune, Maharashtra",shop no 13 14 21 25 ganeesham wing c flat no 604 pimple saudagar pune city pune maharashtra,"PUNE CITY, Maharashtra, NO B3/13, PUNE",pune city maharashtra no b3 13 pune,INDIA,INDIA,"['13', '14', '21', '25', '604']",['13'],latin,devanagari,cross_script_name,12.0
S1-48753422,S3-100869609,Arts Foundation,arts foundation,Arts Fnutlndaion Fnutlndaion,arts fnutlndaion fnutlndaion,"Austin, TX, 1906 Willow Creek Drive",austin tx 1906 willow creek drive,"Willow Creek Drive, Austin, Texas",willow creek drive austin texas,US,US,['1906'],[],latin,latin,address_only_relation,65.11627906976744
S1-463664106,S3-141117944,Premier Constructions Private Limited,premier constructions pvt ltd,প্রিমিয়ার কনস্ট্রাকশনস প্রাইভেট লিমিটেড,পর ম য র কনসটর কশনস পর ইভ ট ল ম ট ড,"10, Tottie Lane Kolkata, Kolkata, Kolkata, Howrah, West Bengal",10 tottie lane kolkata kolkata kolkata howrah west bengal,"10, Kolkata, Howrah, পশ্চিমবঙ্গ",10 kolkata howrah পশচ মবঙগ,INDIA,INDIA,['10'],['10'],latin,bengali,cross_script_name,9.375
S1-277300099,S3-493989793,John Taxable Company,john taxable company,Zetakelolum,zetakelolum,"TX, Houston, 2013 Campbell Road",tx houston 2013 campbell road,"2013b Campbell Road, PMB 6004, Houston, Texas",2013b campbell road pmb 6004 houston texas,US,US,['2013'],['6004'],latin,latin,extreme_typo,32.25806451612904
S1-776560239,S2-421093065,Silver Tech Private Limited,silver tech pvt ltd,সিলভার টেক প্রাইভেট লিমিটেড,স লভ র ট ক পর ইভ ট ল ম ট ড,"Village & P. O. - Raghudevpur Block Ii, Nh - 6, Uluberiahowrah, Howrah, West Bengal",village p o raghudevpur block ii nh 6 uluberiahowrah howrah west bengal,"VILLAGE & P. O. - RAGHUDEVPUR BLBCK II, HOWRAH, West Bengal",village p o raghudevpur blbck ii howrah west bengal,INDIA,INDIA,['6'],[],latin,bengali,cross_script_name,13.33333333333333
S1-774556681,S2-93562865,Aditya Seven Investments Limited,aditya seven investments ltd,आदित्य सेवन इन्वेस्टमेंट्स लिमिटेड,आद तय सवन इनवसटमटस ल म टड,"Flat No B-201, R K Pride, Guruganesh Nagar, Pune City, Pune, Maharashtra",flat no b 201 rue k pride guruganesh nagar pune city pune maharashtra,"Maharashtra, PUNE, PUNE CITY, HN 844 FLAT NO B-201",maharashtra pune pune city hn 844 flat no b 201,INDIA,INDIA,['201'],"['844', '201']",latin,devanagari,cross_script_name,11.32075471698113
S1-192381489,S3-99777949,Raj It Pvt Ltd,raj it pvt ltd,राज आईटी प्रा. लि.,र ज आईट पर ल,"Uttar Pradesh, Bisrakh Jalalpur, Noida, C/Odinesh Kumar Bhati, Gautam Buddha Nagar",uttar pradesh bisrakh jalalpur noida c odinesh kumar bhati gautam buddha nagar,"C/odinesh Kumar Bahti, Noida, Gautam Buddha Nagar, UP",c odinesh kumar bahti noida gautam buddha nagar up,INDIA,INDIA,[],[],latin,devanagari,cross_script_name,23.076923076923073
S1-635695385,S3-766152692,Urban Classic Healthcare Private Limited,urban classic healthcare pvt ltd,अर्बन क्लासिक हेल्थकेयर प्राइवेट लिमिटेड,अरबन कल स क हलथकयर पर इवट ल म टड,"1/1 Ishan Recy. Lbs Road, Navi Peth Petrol Pump Beh., Pune, Maharashtra",1 1 ishan recy lbs road navi peth petrol pump beh pune maharashtra,"H.no 1/1- Ishan Recl. Lbs Road, Pune, MH",no 1 1 ishan recl lbs road pune mh,INDIA,INDIA,"['1', '1']","['1', '1']",latin,devanagari,cross_script_name,12.5
S1-383424767,S2-701668413,Sai Finance Private Limited,sai finance pvt ltd,ಸಾಯಿ ಫೈನಾನ್ಸ್ ಪ್ರೈವೇಟ್ ಲಿಮಿಟೆಡ್,ಸ ಯ ಫ ನ ನಸ ಪರ ವ ಟ ಲಮಟಡ,"No 6, 2Nd Floor, Poorna Shashi Niwas, 4Th Cross, Gurudarshan Layout, Vidyarany, Apura, Bengaluru, Bangalore, Karnataka",no 6 2nd floor poorna shashi niwas 4th cross gurudarshan layout vidyarany apura bengaluru bangalore karnataka,"NO 6, BENGALURU, BANGALORE, Karnataka",no 6 bengaluru bangalore karnataka,INDIA,INDIA,['6'],['6'],latin,other,dba_trade_name_mismatch,14.634146341463417
S1-383424767,S3-812021781,Sai Finance Private Limited,sai finance pvt ltd,ಸಾಯಿ ಫೈನಾನ್ಸ್ ಪ್ರೈವೇಟ್ ಲಿಮಿಟೆಡ್,ಸ ಯ ಫ ನ ನಸ ಪರ ವ ಟ ಲಮಟಡ,"No 6, 2Nd Floor, Poorna Shashi Niwas, 4Th Cross, Gurudarshan Layout, Vidyarany, Apura, Bengaluru, Bangalore, Karnataka",no 6 2nd floor poorna shashi niwas 4th cross gurudarshan layout vidyarany apura bengaluru bangalore karnataka,"KA, Bangalore, Bengaluru, No 6",ka bangalore bengaluru no 6,INDIA,INDIA,['6'],['6'],latin,other,dba_trade_name_mismatch,14.634146341463417
S1-191874708,S2-538753912,Sky Systems Private Limited,sky systems pvt ltd,स्काई सिस्टम्स प्राइवेट लिमिटेड,सक ई स सटमस पर इवट ल म टड,"Lsc Pocket-A Sector-A Vasant Kunj-70, New Delhi, Delhi",lsc pocket a sector a vasant kunj 70 new delhi delhi,"LSC POCKET-A SECTOR-A VASANT KUNJ-70, NEW DELHI, null, दिल्ली",lsc pocket a sector a vasant kunj 70 new delhi द लल,INDIA,INDIA,['70'],['70'],latin,devanagari,cross_script_name,13.636363636363635
S1-191874708,S3-521409511,Sky Systems Private Limited,sky systems pvt ltd,स्काई सिस्टम्स प्राइवेट लिमिटेड,सक ई स सटमस पर इवट ल म टड,"Lsc Pocket-A Sector-A Vasant Kunj-70, New Delhi, Delhi",lsc pocket a sector a vasant kunj 70 new delhi delhi,"Lsc Pocket-a Sector-a Vasant Kunj-70, New Delhi, <NULL>, दिल्ली",lsc pocket a sector a vasant kunj 70 new delhi द लल,INDIA,INDIA,['70'],['70'],latin,devanagari,cross_script_name,13.636363636363635
S1-426309016,S3-683184535,Sun Logistics Limited,sun logistics ltd,5L,5l,"No. 13, Sivganj, W N 29, Dehri, Rohtas, Bihar",no 13 sivganj w n 29 dehri rohtas bihar,"No. D/13, Dehri, BR",no d 13 dehri br,INDIA,INDIA,"['13', '29']",['13'],latin,latin,dba_trade_name_mismatch,10.526315789473683
S1-508836476,S3-479223214,Certified Biomedical Laboratories Ltd,certified biomedical laboratories ltd,Ariapyradelta,ariapyradelta,"5024 Twelveoaks Road, Chesterfield County, VA",5024 twelveoaks road chesterfield county va,"Midlothian, Virginia, 05024 Twelveoaks Road",midlothian virginia 05024 twelveoaks road,US,US,['5024'],['05024'],latin,latin,extreme_typo,31.999999999999996
S1-921624599,S3-707283374,Sree Golden Projects Private Limited,sree golden projects pvt ltd,શ્રી ગોલ્ડન પ્રોજેક્ટ્સ પ્રાઇવેટ લિમિટેડ,શર ગ લડન પર જકટસ પર ઇવટ લ મ ટડ,"Shop Ff C/13, Tirth Retreat, Kapurai Road, Vadodara, Gujarat",shop ff c 13 tirth retreat kapurai road vadodara gujarat,"Shop Ff C/13, Vadodara, GJ",shop ff c 13 vadodara gj,INDIA,INDIA,['13'],['13'],latin,other,dba_trade_name_mismatch,13.793103448275868
S1-371254311,S3-714438242,Northwind,northwind,Nótrhwisd,notrhwisd,"59 Surrey Street, Unit 2, Boston, MA",59 surrey street unit 2 boston ma,"Surrey Street, # 2, Boston, Massachusetts",surrey street 2 boston massachusetts,US,US,"['59', '2']",['2'],latin,latin,address_only_relation,77.77777777777779
S1-371254311,S2-824142874,Northwind,northwind,Norhand,norhand,"59 Surrey Street, Unit 2, Boston, MA",59 surrey street unit 2 boston ma,"059 SURREY STREET, BOSTON, MA",059 surrey street boston ma,US,US,"['59', '2']",['059'],latin,latin,address_only_relation,75.0
S1-481363029,S2-330197205,Swastik Red Foods Private Limited,swastik red foods pvt ltd,स्वस्तिक रेड फूड्स प्राइवेट लिमिटेड,सवसत क रड फडस पर इवट ल म टड,"Flat No. 2D, Shakti Dham Apartment, S.K. Nagar, Patna, Bihar",flat no 2d shakti dham apartment s k nagar patna bihar,"#2D, SHAKTI DHAM APARTMENT, S.K. NAGAR, PATNA, Bihar",2d shakti dham apartment s k nagar patna bihar,INDIA,INDIA,[],[],latin,devanagari,cross_script_name,15.384615384615385
S1-693616794,S2-333333669,High It Private Limited,high it pvt ltd,हाई आईटी प्राइवेट लिमिटेड,ह ई आईट पर इवट ल म टड,"20/28 West Patel Nagar, New Delhi, Haryana",20 28 west patel nagar new delhi haryana,"NO 20/28 WEST PATEL NAGAR, NEW DELHI, हरियाणा",no 20 28 west patel nagar new delhi हर य ण,INDIA,INDIA,"['20', '28']","['20', '28']",latin,devanagari,cross_script_name,16.666666666666664
S1-693616794,S3-452228381,High It Private Limited,high it pvt ltd,हाई आईटी प्राइवेट लिमिटेड,ह ई आईट पर इवट ल म टड,"20/28 West Patel Nagar, New Delhi, Haryana",20 28 west patel nagar new delhi haryana,"H.no 7-20/28 West Patel Nagar, New Delhi, HR",no 7 20 28 west patel nagar new delhi hr,INDIA,INDIA,"['20', '28']","['7', '20', '28']",latin,devanagari,cross_script_name,16.666666666666664
S1-693616794,S3-335097651,High It Private Limited,high it pvt ltd,हाई आईटी प्राइवेट लिमिटेड,ह ई आईट पर इवट ल म टड,"20/28 West Patel Nagar, New Delhi, Haryana",20 28 west patel nagar new delhi haryana,"HR, #7-20/28 West Patel Nagar, New Delhi",hr 7 20 28 west patel nagar new delhi,INDIA,INDIA,"['20', '28']","['7', '20', '28']",latin,devanagari,cross_script_name,16.666666666666664
S1-901320541,S3-706416323,Kolkata Solutions Private Limited,kolkata solutions pvt ltd,Kolkata Private Limited Service Enterprises,kolkata private limited service enterprises,"West Bengal, Kolkata, Calcutta, 85B Burtolla Street",west bengal kolkata calcutta 85b burtolla street,,,INDIA,INDIA,[],[],latin,latin,missing_address_evidence,44.11764705882353
S1-23400040,S2-849866836,Creative Infotech Pvt Ltd,creative infotech pvt ltd,क्रिएटिव इंफोटेक प्रा. लि.,कर एट व इफ टक पर ल,"14-A Road Ahimsa Marg, Khar West, Mumbai, 21-A, Maharashtra, Mumbai City",14 a road ahimsa marg khar west mumbai 21 a maharashtra mumbai city,"2-1-A, MUMBAI, MUMBAI CITY, Maharashtra",2 1 a mumbai mumbai city maharashtra,INDIA,INDIA,"['14', '21']","['2', '1']",latin,devanagari,cross_script_name,13.953488372093027
S1-444583451,S2-985417550,Sai Consulting Private Limited,sai consulting pvt ltd,साईं कंसल्टिंग प्राइवेट लिमिटेड,स ई कसलट ग पर इवट ल म टड,"Plot No. 37, Nishigandha Apartments, 1St Floor, Flat No. 101, Bhamti Lokseva Nagar, I.T, . Park, Nagpur, Maharashtra",plot no 37 nishigandha apartments 1st floor flat no 101 bhamti lokseva nagar i t park nagpur maharashtra,"PLOT NO. 37, . PARK, NAGPUR, Maharashtra",plot no 37 park nagpur maharashtra,INDIA,INDIA,"['37', '101']",['37'],latin,devanagari,cross_script_name,13.043478260869568
S1-532167943,S3-850672858,Universal Enterprises Private Limited,universal enterprises pvt ltd,यूनिवर्सल एंटरप्राइजेज प्राइवेट लिमिटेड,यन वरसल एटरपर इजज पर इवट ल म टड,"B S Complex, Nayabans, Noida, Uttar Pradesh, Noida, Gautam Buddha Nagar, Uttar Pradesh",b s complex nayabans noida uttar pradesh noida gautam buddha nagar uttar pradesh,"B S Complex, Nayabans, Noida, Uttar Pradesh, Noida, Gautam Buddha Nagar, उत्तर प्रदेश",b s complex nayabans noida uttar pradesh noida gautam buddha nagar उततर परदश,INDIA,INDIA,[],[],latin,devanagari,cross_script_name,9.999999999999998
S1-532167943,S3-256310499,Universal Enterprises Private Limited,universal enterprises pvt ltd,यूनिवर्सल एंटरप्राइजेज प्राइवेट लिमिटेड,यन वरसल एटरपर इजज पर इवट ल म टड,"B S Complex, Nayabans, Noida, Uttar Pradesh, Noida, Gautam Buddha Nagar, Uttar Pradesh",b s complex nayabans noida uttar pradesh noida gautam buddha nagar uttar pradesh,"B S Complex, Nayabans, Noida, Uttar Pradesh, Noida, Gautam Buddha Nagar, उत्तर प्रदेश",b s complex nayabans noida uttar pradesh noida gautam buddha nagar उततर परदश,INDIA,INDIA,[],[],latin,devanagari,cross_script_name,9.999999999999998
S1-532167943,S3-860976736,Universal Enterprises Private Limited,universal enterprises pvt ltd,यूनिवर्सल एंटरप्राइजेज प्राइवेट लिमिटेड,यन वरसल एटरपर इजज पर इवट ल म टड,"B S Complex, Nayabans, Noida, Uttar Pradesh, Noida, Gautam Buddha Nagar, Uttar Pradesh",b s complex nayabans noida uttar pradesh noida gautam buddha nagar uttar pradesh,"B S Complex, Nayabans, Noida, Uttar Pradesh, Gautam Buddha Nagar, Noida, UP",b s complex nayabans noida uttar pradesh gautam buddha nagar noida up,INDIA,INDIA,[],[],latin,devanagari,cross_script_name,9.999999999999998
S1-532167943,S2-219893298,Universal Enterprises Private Limited,universal enterprises pvt ltd,यूनिवर्सल एंटरप्राइजेज प्राइवेट लिमिटेड,यन वरसल एटरपर इजज पर इवट ल म टड,"B S Complex, Nayabans, Noida, Uttar Pradesh, Noida, Gautam Buddha Nagar, Uttar Pradesh",b s complex nayabans noida uttar pradesh noida gautam buddha nagar uttar pradesh,"DOOR NO 0966 B S COMPLEX, NAYABANS, NOIDA, UTTAR PRADESH, NOIDA, GAUTAM BUDDHA NAGAR, उत्तर प्रदेश",no 0966 b s complex nayabans noida uttar pradesh noida gautam buddha nagar उततर परदश,INDIA,INDIA,[],['0966'],latin,devanagari,cross_script_name,9.999999999999998
S1-532167943,S3-685277840,Universal Enterprises Private Limited,universal enterprises pvt ltd,यूनिवर्सल एंटरप्राइजेज प्राइवेट लिमिटेड,यन वरसल एटरपर इजज पर इवट ल म टड,"B S Complex, Nayabans, Noida, Uttar Pradesh, Noida, Gautam Buddha Nagar, Uttar Pradesh",b s complex nayabans noida uttar pradesh noida gautam buddha nagar uttar pradesh,"B S Complex, Nayabans, Noida, Uttar Pradesh, Gautam Buddha Nagar, Noida, UP",b s complex nayabans noida uttar pradesh gautam buddha nagar noida up,INDIA,INDIA,[],[],latin,devanagari,cross_script_name,9.999999999999998
S1-584514719,S3-370855164,Blue Global Private Limited,blue global pvt ltd,ब्लू ग्लोबल प्राइवेट लिमिटेड,बल गल बल पर इवट ल म टड,"Indore, Onam Plaza, Near Industry House, New Palasia, A.B. Road, Ug - 6A, Indore, Madhya Pradesh",indore onam plaza near industry house new palasia a b road ug 6a indore madhya pradesh,"Ug - #6A, Indore, Madhyapradesh, मध्य प्रदेश",ug 6a indore madhyapradesh मधय परदश,INDIA,INDIA,[],[],latin,devanagari,cross_script_name,14.634146341463417
S1-584514719,S2-545059081,Blue Global Private Limited,blue global pvt ltd,ब्लू ग्लोबल प्राइवेट लिमिटेड,बल गल बल पर इवट ल म टड,"Indore, Onam Plaza, Near Industry House, New Palasia, A.B. Road, Ug - 6A, Indore, Madhya Pradesh",indore onam plaza near industry house new palasia a b road ug 6a indore madhya pradesh,"UG - 6A, INDORE, Madhya Pradesh",ug 6a indore madhya pradesh,INDIA,INDIA,[],[],latin,devanagari,cross_script_name,14.634146341463417
S1-584514719,S2-895747678,Blue Global Private Limited,blue global pvt ltd,ब्लू ग्लोबल प्राइवेट लिमिटेड,बल गल बल पर इवट ल म टड,"Indore, Onam Plaza, Near Industry House, New Palasia, A.B. Road, Ug - 6A, Indore, Madhya Pradesh",indore onam plaza near industry house new palasia a b road ug 6a indore madhya pradesh,"UG - 6A, INDORE, Madhya Pradesh",ug 6a indore madhya pradesh,INDIA,INDIA,[],[],latin,devanagari,cross_script_name,14.634146341463417
S1-372395061,S3-981642704,Colonial Guild LLC,colonial guild llc,Colonial Giiulod LLC,colonial giiulod llc,"2645 Magnolia Street, Longview, WA",2645 magnolia street longview wa,"Magnolia St, Longview, Washington",magnolia street longview washington,US,US,['2645'],[],latin,latin,address_only_relation,89.47368421052632
S1-263674098,S3-671786528,Innovative Infotech Private Limited,innovative infotech pvt ltd,Vantagezeta,vantagezeta,"87/2 Rt, 2Nd Floor, Khaleel Manzil Sindhu Travels Lane, S.R.Nagar, Hyderabad, Telangana",87 2 rt 2nd floor khaleel manzil sindhu travels lane s ruenagar hyderabad telangana,"H.no 87/2 Rt, Hyderabad, TG",no 87 2 rt hyderabad tg,INDIA,INDIA,"['87', '2']","['87', '2']",latin,latin,dba_trade_name_mismatch,31.57894736842105
S1-807215192,S2-695746243,Premier Foods Private Limited,premier foods pvt ltd,प्रीमियर फूड्स प्राइवेट लिमिटेड,पर म यर फडस पर इवट ल म टड,"1 House E07 Sector 63, Anant Raj Estate, Badshahpur, Gurgaon, Haryana",1 house e07 sector 63 anant raj estate badshahpur gurgaon haryana,"D/1 HOUSE E07 SECTOR 63, BADSHAHPUR, हरियाणा",d 1 house e07 sector 63 badshahpur हर य ण,INDIA,INDIA,"['1', '63']","['1', '63']",latin,devanagari,cross_script_name,13.043478260869568
S1-490801230,S3-613513751,Green Solutions Private Limited,green solutions pvt ltd,గ్రీన్ సొల్యూషన్స్ ప్రైవేట్ లిమిటెడ్,గరన సలయ షనస పరవట లమటడ,"Plot No.13, H No. 3-48-40, Shobana Colony, West Marredpally, Secunderabad, Hyderabad, Telangana",plot no 13 h no 3 48 40 shobana colony west marredpally secunderabad hyderabad telangana,"Hyderabad, Secunderabad, H.no #13, తెలంగాణ",hyderabad secunderabad no 13 తల గణ,INDIA,INDIA,"['13', '3', '48', '40']",['13'],latin,telugu,cross_script_name,13.636363636363635
S1-532603416,S2-509559389,VC Products,vc products,VC  Prnocduts,vc prnocduts,"81, Hemkunt Colony Level-1, Opp. Nehru Place, New Delhi, South Delhi, Delhi",81 hemkunt colony level 1 opp nehru place new delhi south delhi delhi,"81, HEMKUNT COLONY LEVEL-1, OPP. NEHRU PLACE, NEW DELHI, Delhi",81 hemkunt colony level 1 opp nehru place new delhi delhi,INDIA,INDIA,"['81', '1']","['81', '1']",latin,latin,address_only_relation,86.95652173913044
S1-428677845,S2-302231982,Southern Constructions Private Limited,southern constructions pvt ltd,സതേൺ കൺസ്ട്രക്ഷൻസ് പ്രൈവറ്റ് ലിമിറ്റഡ്,സത ൺ കൺസടരകഷൻസ പര വററ ല മ ററഡ,"Sbc 7, Thejaswini Building Technopark Campus, Thiruvananthapuram, Thiruvananthapuram, Trivandrum, Kerala",sbc 7 thejaswini building technopark campus thiruvananthapuram thiruvananthapuram trivandrum kerala,"SBC 7, THIRUVANANTHAPURAM, TRIVANDRUM, Keralam",sbc 7 thiruvananthapuram trivandrum keralam,INDIA,INDIA,['7'],['7'],latin,other,dba_trade_name_mismatch,10.169491525423723
S1-623037704,S3-241377042,Lasoft Aegon LLC,lasoft aegon llc,Novitavo,novitavo,"208 Shoemaker Court, Nashville, TN",208 shoemaker court nashville tn,"201-205 Shoemaker Ct, Nashville, Tennessee",201 205 shoemaker court nashville tennessee,US,US,['208'],"['201', '205']",latin,latin,extreme_typo,33.333333333333336
S1-924890137,S2-87579817,Star Consultants LLP,star consultants llp,स्टार कंसल्टेंट्स एलएलपी,सट र कसलटटस एलएलप,"Shop No.3, Sai Raj Apartment, Near Thakare Garden Badlapur East, Badlapur, Thane, Maharashtra",shop no 3 sai raj apartment near thakare garden badlapur east badlapur thane maharashtra,"#3, BADLAPUR, THANE, महाराष्ट्र",3 badlapur thane मह र षटर,INDIA,INDIA,['3'],['3'],latin,devanagari,cross_script_name,10.81081081081081
S1-924890137,S3-581888288,Star Consultants LLP,star consultants llp,स्टार कंसल्टेंट्स एलएलपी,सट र कसलटटस एलएलप,"Shop No.3, Sai Raj Apartment, Near Thakare Garden Badlapur East, Badlapur, Thane, Maharashtra",shop no 3 sai raj apartment near thakare garden badlapur east badlapur thane maharashtra,"Shop No.3, Badlapur, Thane, MH",shop no 3 badlapur thane mh,INDIA,INDIA,['3'],['3'],latin,devanagari,cross_script_name,10.81081081081081
S1-377673441,S3-312388503,Sbg Your LLP,sbg your llp,LLP 5bg Yior,5bg yior,"Flat No.-185C, Dg-Ii, Vikas Puri, New Delhi, West Delhi, Delhi",flat no 185c dg ii vikas puri new delhi west delhi delhi,"New Delhi, दिल्ली, Hn 34 Flat No.-185c, Dg-ii, Vikas Puri, West Delhi",new delhi द लल hn 34 flat no 185c dg ii vikas puri west delhi,INDIA,INDIA,[],['34'],latin,latin,extreme_typo,60.0
S1-473599837,S3-224883641,Tirupati Universal Builders Private Limited,tirupati universal builders pvt ltd,তিরুপতি ইউনিভার্সাল বিল্ডার্স প্রাইভেট লিমিটেড,ত রপত ইউন ভ রস ল ব লড রস পর ইভ ট ল ম ট ড,"S E Side, 1St Fr, Fl 1A, Plot-153 31/2, (Sp-153), Sahapur Colony(W), Kolkata, Kolkata, Howrah, West Bengal",s e side 1st fr floor 1a plot 153 31 2 sp 153 sahapur colony w kolkata kolkata howrah west bengal,"S E Side, Kolkatta, WB",s e side kolkatta wb,INDIA,INDIA,"['153', '31', '2', '153']",[],latin,bengali,cross_script_name,10.666666666666668
S1-416326893,S2-118524676,Gyan Educational Private Limited,gyan educational pvt ltd,6yan Private Limited Partners,6yan private limited partners,"3-T-10, (3/373) Jawahar Nagar, Jaipur, Rajasthan",3 t 10 3 373 jawahar nagar jaipur rajasthan,"3-T-10, JAGATPURA, Rajasthan",3 t 10 jagatpura rajasthan,INDIA,INDIA,"['3', '10', '3', '373']","['3', '10']",latin,latin,extreme_typo,41.509433962264154
S1-402237778,S3-230399575,Alfa Seva Samiti,alfa seva samiti,Tavoxylo,tavoxylo,"N-15 4Th Floor Terrace Room, Sector 18, Noida, Gautam Buddha Nagar, Uttar Pradesh",n 15 4th floor terrace room sector 18 noida gautam buddha nagar uttar pradesh,"N-15 4Th Floor Terrace Room, Sector 18, Noida, Gautam Buddha Nagar, Uttar Pradesh",n 15 4th floor terrace room sector 18 noida gautam buddha nagar uttar pradesh,INDIA,INDIA,"['15', '18']","['15', '18']",latin,latin,dba_trade_name_mismatch,16.666666666666664
S1-46745889,S2-553104698,Great Media Private Limited,great media pvt ltd,ग्रेट मीडिया प्राइवेट लिमिटेड,गरट म ड य पर इवट ल म टड,"C-410, Defence Colony, New Delhi, New Delhi, South Delhi, Delhi",c 410 defence colony new delhi new delhi south delhi delhi,"DEFENCE COLONY, NEW DELHI, NEW DELHI, Delhi, C-0410, SOUTH DELHI",defence colony new delhi new delhi delhi c 0410 south delhi,INDIA,INDIA,['410'],['0410'],latin,devanagari,cross_script_name,14.28571428571429
S1-933616771,S3-117408433,K W Garcia Pacific,k w garcia pacific,K W,k w,"Unit 2K, Greensboro, 3300 Kobus Drive, NC",unit 2k greensboro 3300 kobus drive nc,"330 Kobus Dr, # 2K, Greensboro, North Carolina",330 kobus drive 2k greensboro north carolina,US,US,['3300'],['330'],latin,latin,word_order_variation,28.57142857142857
S1-632216186,S2-816540713,Health Society,health society,Health Slcbmlty,health slcbmlty,"7 Elizabeth Street, Unit Apartment 2, Auburn, NY",7 elizabeth street unit apartment 2 auburn ny,"7-11 ELIZABETH SAINT, AUBURN, NY",7 11 elizabeth saint auburn ny,US,US,"['7', '2']","['7', '11']",latin,latin,address_only_relation,75.86206896551724
S1-5347726,S3-283372870,"Yalonda Smith, Ph.D.",yalonda smith ph d,Nexwex,nexwex,"43 School Street, Unit 2, Everett, MA",43 school street unit 2 everett ma,"# 2, Everet CDP, 43 School Street, Massachusetts",2 everet cdp 43 school street massachusetts,US,US,"['43', '2']","['2', '43']",latin,latin,dba_trade_name_mismatch,8.333333333333337
S1-299786592,S2-967838295,My Construction Private Limited,my construction pvt ltd,মাই কনস্ট্রাকশন প্রাইভেট লিমিটেড,ম ই কনসটর কশন পর ইভ ট ল ম ট ড,"3/4, Q Road, Monsatala, Howrah, West Bengal",3 4 q road monsatala howrah west bengal,"G-3/4, Q ROAD, MONSATALA, HOWRAH, West Bengal",g 3 4 q road monsatala howrah west bengal,INDIA,INDIA,"['3', '4']","['3', '4']",latin,bengali,cross_script_name,11.538461538461542
S1-299786592,S2-792748295,My Construction Private Limited,my construction pvt ltd,মাই কনস্ট্রাকশন প্রাইভেট লিমিটেড,ম ই কনসটর কশন পর ইভ ট ল ম ট ড,"3/4, Q Road, Monsatala, Howrah, West Bengal",3 4 q road monsatala howrah west bengal,"G-3/4, Q ROAD, MONSATALA, HOWRAH, West Bengal",g 3 4 q road monsatala howrah west bengal,INDIA,INDIA,"['3', '4']","['3', '4']",latin,bengali,cross_script_name,11.538461538461542
S1-184883568,S2-281653038,International Care Private Limited,international care pvt ltd,इंटरनेशनल केयर प्राइवेट लिमिटेड,इटरनशनल कयर पर इवट ल म टड,"Room No. 24, Aram Nagar No. 1, Opp. Dariya Mahal, Andheri West, Vesava (Versova), Mumbai, Mumbai City, Maharashtra",room no 24 aram nagar no 1 opp dariya mahal andheri west vesava versova mumbai mumbai city maharashtra,"ROOM NO. ##24, MUMBAI, MUMBAI CITY, Maharashtra",room no 24 mumbai mumbai city maharashtra,INDIA,INDIA,"['24', '1']",['24'],latin,devanagari,cross_script_name,11.764705882352944
S1-184883568,S3-294093842,International Care Private Limited,international care pvt ltd,इंटरनेशनल केयर प्राइवेट लिमिटेड,इटरनशनल कयर पर इवट ल म टड,"Room No. 24, Aram Nagar No. 1, Opp. Dariya Mahal, Andheri West, Vesava (Versova), Mumbai, Mumbai City, Maharashtra",room no 24 aram nagar no 1 opp dariya mahal andheri west vesava versova mumbai mumbai city maharashtra,"Mumbai City, Mumbai, MH, Room No. G-24",mumbai city mumbai mh room no g 24,INDIA,INDIA,"['24', '1']",['24'],latin,devanagari,cross_script_name,11.764705882352944
S1-119458643,S2-957059838,Lotus Consultants Private Limited,lotus consultants pvt ltd,लोटस कंसल्टेंट्स प्राइवेट लिमिटेड,ल टस कसलटटस पर इवट ल म टड,"A-25 1St Flr, Tejpur Pahari Badarpur, New Delhi, South Delhi, Delhi",a 25 1st flr tejpur pahari badarpur new delhi south delhi delhi,"A-25 1ST FLR, SOUTH, Delhi",a 25 1st flr south delhi,INDIA,INDIA,['25'],['25'],latin,devanagari,cross_script_name,12.0
S1-448373538,S3-53526426,Evergreen Information Group,evergreen information group,Zephvera,zephvera,"Mumbai, Mumbai City, Maulana Shaukat Ali Road, Grant Road, Sheetal Estate, Maharashtra",mumbai mumbai city maulana shaukat ali road grant road sheetal estate maharashtra,"401 Sheetal Estate, Mumbai, Mumbai City, MH",401 sheetal estate mumbai mumbai city mh,INDIA,INDIA,[],['401'],latin,latin,address_only_relation,28.57142857142857
S1-555538489,S2-474003886,Elite Electronics Union LLC,elite electronics union llc,EEUNION.COM,eeunion com,"7 High Street, Unit 3, Clinton, MA",7 high street unit 3 clinton ma,"7 HIGH ST, NULL, CLINTON, MA",7 high street clinton ma,US,US,"['7', '3']",['7'],latin,latin,url_domain_issue,47.36842105263158
S1-85236080,S2-982611705,All Sunrise Consultants Private Limited,all sunrise consultants pvt ltd,ஆல் சன்ரைஸ் கன்சல்டன்ட்ஸ் பிரைவேட் லிமிடெட்,ஆல சனர ஸ கனசலடனடஸ ப ர வ ட ல ம ட ட,"Chennai, Chennai-91., Tamil Nadu, No.268/1, 4Th St, Karthikeyapuram, Madipakkam, Plot No.33",chennai chennai 91 tamil nadu no 268 1 4th street karthikeyapuram madipakkam plot no 33,"NO 33, MUMBAI, CHENNAI, Tamil Nadu",no 33 mumbai chennai tamil nadu,INDIA,INDIA,"['91', '268', '1', '33']",['33'],latin,tamil,cross_script_name,12.5
S1-297177071,S2-724850186,Real Creative Food Pvt Ltd,real creative food pvt ltd,রিয়েল ক্রিয়েটিভ ফুড প্রাইভেট লিমিটেড,র য ল কর য ট ভ ফড পর ইভ ট ল ম ট ড,"53/C/2 Bon Behari Bose Rd, Howrah, West Bengal",53 c 2 bon behari bose road howrah west bengal,"3/C/2 BON BEHARI BOSE RD, HOWRAH, পশ্চিমবঙ্গ",3 c 2 bon behari bose road howrah পশচ মবঙগ,INDIA,INDIA,"['53', '2']","['3', '2']",latin,bengali,cross_script_name,13.559322033898303
S1-587613711,S3-686506814,Urban Universal Investment Private Limited,urban universal investment pvt ltd,अर्बन यूनिवर्सल इन्वेस्टमेंट प्राइवेट लिमिटेड,अरबन यन वरसल इनवसटमट पर इवट ल म टड,"B1/H3 Ground Floor Mathura Road, New Delhi, South Delhi, Delhi",b1 h3 ground floor mathura road new delhi south delhi delhi,"Plot 412 B1/h3 Ground Floor Mathura Road, New Delhi, South Delhi, दिल्ली",plot 412 b1 h3 ground floor mathura road new delhi south delhi द लल,INDIA,INDIA,[],['412'],latin,devanagari,cross_script_name,11.764705882352944
S1-587613711,S2-324062589,Urban Universal Investment Private Limited,urban universal investment pvt ltd,अर्बन यूनिवर्सल इन्वेस्टमेंट प्राइवेट लिमिटेड,अरबन यन वरसल इनवसटमट पर इवट ल म टड,"B1/H3 Ground Floor Mathura Road, New Delhi, South Delhi, Delhi",b1 h3 ground floor mathura road new delhi south delhi delhi,"BB3/1/H3 GROUND FLDOR MATHURA ROAD, NEW DELHI, SOUTH DELHI, Delhi",bb3 1 h3 ground fldor mathura road new delhi south delhi delhi,INDIA,INDIA,[],['1'],latin,devanagari,cross_script_name,11.764705882352944
S1-139997920,S2-194187258,Bright Yoga Inc,bright yoga inc,Bright Ygoa-Inc,bright ygoa inc,"6241 Kenmore Avenue, Chicago, IL",6241 kenmore avenue chicago il,"IL, CHICAGO, KENMORE AVE",il chicago kenmore avenue,US,US,['6241'],[],latin,latin,address_only_relation,93.33333333333333
S1-587657166,S2-374484248,"Regional Optimal Nuveen, Corp",regional optimal nuveen corp,SYNDREXVIO,syndrexvio,"301 Raye Street, Bldg B, Seattle, WA",301 raye street bldg b seattle wa,"SEATTLE, 00301 RAYE ST, WA",seattle 00301 raye street wa,US,US,['301'],['00301'],latin,latin,dba_trade_name_mismatch,21.052631578947366
S1-114891444,S2-703273967,Hari Construction Private Limited,hari construction pvt ltd,हरि कंस्ट्रक्शन प्राइवेट लिमिटेड,हर कसटरकशन पर इवट ल म टड,"302, Shanni Bhavan Shanti Nagar, Wagale Estate, Thane, Maharashtra",302 shanni bhavan shanti nagar wagale estate thane maharashtra,"302, THANE, Maharashtra",302 thane maharashtra,INDIA,INDIA,['302'],['302'],latin,devanagari,cross_script_name,12.244897959183676
S1-114891444,S3-425101278,Hari Construction Private Limited,hari construction pvt ltd,हरि कंस्ट्रक्शन प्राइवेट लिमिटेड,हर कसटरकशन पर इवट ल म टड,"302, Shanni Bhavan Shanti Nagar, Wagale Estate, Thane, Maharashtra",302 shanni bhavan shanti nagar wagale estate thane maharashtra,"Hn 967 302, Thane, MH",hn 967 302 thane mh,INDIA,INDIA,['302'],"['967', '302']",latin,devanagari,cross_script_name,12.244897959183676
S1-282537195,S2-57099299,Ridgeline PLLC,ridgeline pllc,Umbragild,umbragild,"155 Broad Street, Unit 1109, Columbus, OH",155 broad street unit 1109 columbus oh,"Broad St, COLUMBUS, OH",broad street columbus oh,US,US,"['155', '1109']",[],latin,latin,dba_trade_name_mismatch,34.78260869565217
S1-272789094,S3-282291001,Balaji Gold Care Pvt Ltd,balaji gold care pvt ltd,பாலாஜி கோல்டு கேர் பிரைவேட் லிமிடெட்,ப ல ஜ க லட க ர ப ர வ ட ல ம ட ட,"43, Venkatasamy Road West, R.S.Puram, Coimbatore, Tamil Nadu",43 venkatasamy road west rues puram coimbatore tamil nadu,"G-43, Coimbatore, TN",g 43 coimbatore tn,INDIA,INDIA,['43'],['43'],latin,tamil,cross_script_name,14.814814814814813
S1-78994254,S3-536426107,Eastern Life Consultancy Private Limited,eastern life consultancy pvt ltd,ईस्टर्न लाइफ कंसल्टेंसी प्राइवेट लिमिटेड,ईसटरन ल इफ कसलटस पर इवट ल म टड,"C 6, Pushpa Bhawan Alaknanda Shopping Complex, New Delhi, South Delhi, Delhi",c 6 pushpa bhawan alaknanda shopping complex new delhi south delhi delhi,"C 6, South Delhi, New Delhi, DL",c 6 south delhi new delhi dl,INDIA,INDIA,['6'],['6'],latin,devanagari,cross_script_name,12.903225806451612
S1-897422624,S2-736276764,Chiropractic Advanced Care Associates Center,chiropractic advanced care associates center,Fluxdrexbelo,fluxdrexbelo,"2686 Freewood Drive, Dallas, TX",2686 freewood drive dallas tx,"TX, 268 FREEWOOD DR, DALLAS",tx 268 freewood drive dallas,US,US,['2686'],['268'],latin,latin,dba_trade_name_mismatch,14.28571428571429
S1-498238235,S2-538275760,New Delhi Dairy Private Limited,new delhi dairy pvt ltd,New Delhi Dlnsy Dlnsy Private Limited,new delhi dlnsy dlnsy pvt ltd,"New Delhi, H No-8/9 Ground Floor Mehram Nagar, Delhi",new delhi h no 8 9 ground floor mehram nagar delhi,"Delhi, H NO-8/9 GROUND FLOOR MEHRAM NAGAR, NEW DELHI",delhi h no 8 9 ground floor mehram nagar new delhi,INDIA,INDIA,"['8', '9']","['8', '9']",latin,latin,word_order_variation,76.92307692307692
S1-62632073,S3-912297486,Suarez and Gambrell Association Inc,suarez and gambrell association inc,sgassociation.com,sgassociation com,"1332 Shadowlawn Court, Clarksville, TN",1332 shadowlawn court clarksville tn,"001332 Shadowlawn Ct, Clarksville, Tennessee",001332 shadowlawn court clarksville tennessee,US,US,['1332'],['001332'],latin,latin,url_domain_issue,57.692307692307686
S1-56362648,S2-57481138,Dynamic Technologies Private Limited,dynamic technologies pvt ltd,डायनामिक टेक्नोलॉजीज प्राइवेट लिमिटेड,ड यन म क टकन ल ज ज पर इवट ल म टड,"Unit No. 201 & 202, Bldg No.1 (61), Sector Ii, Mahape, Rabale, Thane, Maharashtra",unit no 201 202 bldg no 1 61 sector ii mahape rabale thane maharashtra,"UNIT NO. 201 & 202, RABALE, THANE, Maharashtra",unit no 201 202 rabale thane maharashtra,INDIA,INDIA,"['201', '202', '1', '61']","['201', '202']",latin,devanagari,cross_script_name,9.999999999999998
S1-684460528,S2-251114947,Global Consultants Private Limited,global consultants pvt ltd,ग्लोबल कंसल्टेंट्स प्राइवेट लिमिटेड,गल बल कसलटटस पर इवट ल म टड,"Sco-9, Gf And Basement, Huda Market Sector-31/32A, Sadar Bazar, Gurgaon, Haryana",sco 9 gf and basement huda market sector 31 32a sadar bazar gurgaon haryana,"H.NO 542 SCO-9, GF AND BASEMENT, HUDA MARKET SECTOR-31/32A, SADAR BAZAR, GURGAON, Haryana",no 542 sco 9 gf and basement huda market sector 31 32a sadar bazar gurgaon haryana,INDIA,INDIA,"['9', '31']","['542', '9', '31']",latin,devanagari,cross_script_name,11.538461538461542
S1-684460528,S3-942263915,Global Consultants Private Limited,global consultants pvt ltd,ग्लोबल कंसल्टेंट्स प्राइवेट लिमिटेड,गल बल कसलटटस पर इवट ल म टड,"Sco-9, Gf And Basement, Huda Market Sector-31/32A, Sadar Bazar, Gurgaon, Haryana",sco 9 gf and basement huda market sector 31 32a sadar bazar gurgaon haryana,"Sco-9, Gurgaon, HR, Gf And Basement, Huda Market Sector-31/32a, Gurgaon",sco 9 gurgaon hr gf and basement huda market sector 31 32a gurgaon,INDIA,INDIA,"['9', '31']","['9', '31']",latin,devanagari,cross_script_name,11.538461538461542
S1-684460528,S3-178901429,Global Consultants Private Limited,global consultants pvt ltd,ग्लोबल कंसल्टेंट्स प्राइवेट लिमिटेड,गल बल कसलटटस पर इवट ल म टड,"Sco-9, Gf And Basement, Huda Market Sector-31/32A, Sadar Bazar, Gurgaon, Haryana",sco 9 gf and basement huda market sector 31 32a sadar bazar gurgaon haryana,"Sco-9, Gf And Basement, Huda Market Sector-31/32a, Sadar Bazar, Gurugram, HR",sco 9 gf and basement huda market sector 31 32a sadar bazar gurugram hr,INDIA,INDIA,"['9', '31']","['9', '31']",latin,devanagari,cross_script_name,11.538461538461542
S1-684460528,S2-415488209,Global Consultants Private Limited,global consultants pvt ltd,ग्लोबल कंसल्टेंट्स प्राइवेट लिमिटेड,गल बल कसलटटस पर इवट ल म टड,"Sco-9, Gf And Basement, Huda Market Sector-31/32A, Sadar Bazar, Gurgaon, Haryana",sco 9 gf and basement huda market sector 31 32a sadar bazar gurgaon haryana,"H.NO 542 SCO-9, GF AND BASEMENT, HUDA MARKET SECTOR-31/32A, GURGAON, SADAR BAZAR, Haryana",no 542 sco 9 gf and basement huda market sector 31 32a gurgaon sadar bazar haryana,INDIA,INDIA,"['9', '31']","['542', '9', '31']",latin,devanagari,cross_script_name,11.538461538461542
S1-684460528,S2-275763662,Global Consultants Private Limited,global consultants pvt ltd,ग्लोबल कंसल्टेंट्स प्राइवेट लिमिटेड,गल बल कसलटटस पर इवट ल म टड,"Sco-9, Gf And Basement, Huda Market Sector-31/32A, Sadar Bazar, Gurgaon, Haryana",sco 9 gf and basement huda market sector 31 32a sadar bazar gurgaon haryana,"H.NO 542 SCO-9, SADAR BAZAR, GURGAON, हरियाणा",no 542 sco 9 sadar bazar gurgaon हर य ण,INDIA,INDIA,"['9', '31']","['542', '9']",latin,devanagari,cross_script_name,11.538461538461542
S1-333358493,S3-789709691,Guru Systems Private Limited,guru systems pvt ltd,Guru Private Limited  Partners,guru private limited partners,"House No 2067, Bpo-Midc, Tarapur, Awadnagar, Tarapur, Thane, Maharashtra",house no 2067 bpo midc tarapur awadnagar tarapur thane maharashtra,"House No, <NULL>, Thane, MH",house no thane mh,INDIA,INDIA,['2067'],[],latin,latin,address_only_relation,48.97959183673469
S1-873299304,S3-834965210,All Marketing Private Limited,all marketing pvt ltd,ऑल मार्केटिंग प्राइवेट लिमिटेड,ऑल म रकट ग पर इवट ल म टड,"A-62/5, Ground Floor, Back Side, G.T. Karnal Road, Industrial Area, Delhi, North West Delhi, Delhi",a 62 5 ground floor back side g t karnal road industrial area delhi north west delhi delhi,"A-62/5, Ground Floor, Back Side, G.t. Karnal Road, Industrial Area, Delhi, North West Delhi, DL",a 62 5 ground floor back side g t karnal road industrial area delhi north west delhi dl,INDIA,INDIA,"['62', '5']","['62', '5']",latin,devanagari,cross_script_name,13.33333333333333
S1-873299304,S2-271136051,All Marketing Private Limited,all marketing pvt ltd,ऑल मार्केटिंग प्राइवेट लिमिटेड,ऑल म रकट ग पर इवट ल म टड,"A-62/5, Ground Floor, Back Side, G.T. Karnal Road, Industrial Area, Delhi, North West Delhi, Delhi",a 62 5 ground floor back side g t karnal road industrial area delhi north west delhi delhi,"A-##62/5, GROUND FLOOR, BACK SIDE, G.T. KARNAL ROAD, INDUSTRIAL AREA, DELHI, NORTH WEST DELHI, Delhi",a 62 5 ground floor back side g t karnal road industrial area delhi north west delhi delhi,INDIA,INDIA,"['62', '5']","['62', '5']",latin,devanagari,cross_script_name,13.33333333333333
S1-715402493,S3-732554142,Tech Technologies Private Limited,tech technologies pvt ltd,टेक टेक्नोलॉजीज प्राइवेट लिमिटेड,टक टकन ल ज ज पर इवट ल म टड,"Shop No A4, Neighbourhood, Shopping Complex Nerul, Thane, Maharashtra",shop no a4 neighbourhood shopping complex nerul thane maharashtra,"Shop No A4, Nerul, महाराष्ट्र",shop no a4 nerul मह र षटर,INDIA,INDIA,[],[],latin,devanagari,cross_script_name,11.764705882352944
S1-715402493,S3-516444256,Tech Technologies Private Limited,tech technologies pvt ltd,टेक टेक्नोलॉजीज प्राइवेट लिमिटेड,टक टकन ल ज ज पर इवट ल म टड,"Shop No A4, Neighbourhood, Shopping Complex Nerul, Thane, Maharashtra",shop no a4 neighbourhood shopping complex nerul thane maharashtra,"Snop No A4, MH, Nerul",snop no a4 mh nerul,INDIA,INDIA,[],[],latin,devanagari,cross_script_name,11.764705882352944
S1-151030770,S3-557438551,Indo Business Private Limited,indo business pvt ltd,Limited Indo Private [Partners],indo private partners,"181/39 R H B, Pratap Nagar, Jaipur, Rajasthan",181 39 rue h b pratap nagar jaipur rajasthan,"R H B, Jaipur, RJ",rue h b jaipur rj,INDIA,INDIA,"['181', '39']",[],latin,latin,extreme_typo,47.61904761904761
S1-950310685,S3-948270272,Aditya Laxmi Management Limited,aditya laxmi management ltd,ఆదిత్య లక్ష్మి మేనేజ్‌మెంట్ లిమిటెడ్,ఆదతయ లకషమ మనజ మ ట లమటడ,"Krishna, Vijayawada, Teachers Colony Patamata, Door No. 59-17-3/2, Andhra Pradesh",krishna vijayawada teachers colony patamata no 59 17 3 2 andhra pradesh,"D/59-17-3/2, Vijayawada, Krishna, ఆంధ్రప్రదేశ్",d 59 17 3 2 vijayawada krishna ఆ ధరపరదశ,INDIA,INDIA,"['59', '17', '3', '2']","['59', '17', '3', '2']",latin,telugu,cross_script_name,12.244897959183676
S1-950310685,S2-513696519,Aditya Laxmi Management Limited,aditya laxmi management ltd,ఆదిత్య లక్ష్మి మేనేజ్‌మెంట్ లిమిటెడ్,ఆదతయ లకషమ మనజ మ ట లమటడ,"Krishna, Vijayawada, Teachers Colony Patamata, Door No. 59-17-3/2, Andhra Pradesh",krishna vijayawada teachers colony patamata no 59 17 3 2 andhra pradesh,"DOOR NO 59-17-3/2, VIJAYAWADA, KRISHNA, Andhra Pradesh",no 59 17 3 2 vijayawada krishna andhra pradesh,INDIA,INDIA,"['59', '17', '3', '2']","['59', '17', '3', '2']",latin,telugu,cross_script_name,12.244897959183676
S1-901174338,S3-57088311,United Global Private Limited,united global pvt ltd,यूनाइटेड ग्लोबल प्राइवेट लिमिटेड,यन इटड गल बल पर इवट ल म टड,"Hno D55/1, Tf Fateh Nagar, N.D. 18 West Delhi, New Delhi, West Delhi, Delhi",hno d55 1 tf fateh nagar n d 18 west delhi new delhi west delhi delhi,"New Delhi, Hno D55/1, West Delhi, दिल्ली",new delhi hno d55 1 west delhi द लल,INDIA,INDIA,"['1', '18']",['1'],latin,devanagari,cross_script_name,12.765957446808507
S1-440103564,S2-693317745,Eastern Exports Private Limited,eastern exports pvt ltd,ईस्टर्न एक्सपोर्ट्स प्राइवेट लिमिटेड,ईसटरन एकसप रटस पर इवट ल म टड,"1St, 5/56, Western Extension Area Karol Bagh, Delhi, Central Delhi, Delhi",1st 5 56 western extension area karol bagh delhi central delhi delhi,"Delhi, 3ST, DELHI, CENTRAL DELHI",delhi 3st delhi central delhi,INDIA,INDIA,"['5', '56']",[],latin,devanagari,cross_script_name,11.764705882352944
S1-2904533,S2-24075501,First Impex Private Limited,first impex pvt ltd,ফার্স্ট ইম্পেক্স প্রাইভেট লিমিটেড,ফ রসট ইমপ কস পর ইভ ট ল ম ট ড,"7 British Indian St, Kolkata, Calcutta, West Bengal",7 british indian street kolkata calcutta west bengal,"7 BRITISH INDIAN ST, CALCUTTA, পশ্চিমবঙ্গ",7 british indian street calcutta পশচ মবঙগ,INDIA,INDIA,['7'],['7'],latin,bengali,cross_script_name,12.765957446808507
S1-2904533,S2-967636910,First Impex Private Limited,first impex pvt ltd,ফার্স্ট ইম্পেক্স প্রাইভেট লিমিটেড,ফ রসট ইমপ কস পর ইভ ট ল ম ট ড,"7 British Indian St, Kolkata, Calcutta, West Bengal",7 british indian street kolkata calcutta west bengal,"#7 BRITISH INDIAN ST, CALCUTTA, West Bengal",7 british indian street calcutta west bengal,INDIA,INDIA,['7'],['7'],latin,bengali,cross_script_name,12.765957446808507
S1-749693622,S3-187902339,J/N Nuclear Inc,j n nuclear inc,J/N Nudcilcear Inc,j n nudcilcear inc,"183 Woodruff Avenue, Toledo, OH",183 woodruff avenue toledo oh,"83 Woodruff Ave, Toledo, Ohio",83 woodruff avenue toledo ohio,US,US,['183'],['83'],latin,latin,address_only_relation,90.9090909090909
S1-196090442,S2-64141003,Jain Foundation Pvt Ltd,jain foundation pvt ltd,ജൈൻ ഫൗണ്ടേഷൻ പ്രൈവറ്റ് ലിമിറ്റഡ്,ജ ൻ ഫ ണട ഷൻ പര വററ ല മ ററഡ,"Ward No. 67, Room No. 1144, Thoppayil, Kozhikode, Kerala",ward no 67 room no 1144 thoppayil kozhikode kerala,"WARD NO. 67, CALICUT, KOZHIKODE, Kerala",ward no 67 calicut kozhikode kerala,INDIA,INDIA,"['67', '1144']",['67'],latin,other,dba_trade_name_mismatch,12.244897959183676
S1-866319841,S2-988550978,Dynamic Tech Pvt Ltd,dynamic tech pvt ltd,डायनामिक टेक प्रा. लि.,ड यन म क टक पर ल,"42/43, Basement, Punjabi Bagh West, New Delhi, North West, Delhi",42 43 basement punjabi bagh west new delhi north west delhi,"42/4, NEW DELHI, NORTH WEST, Delhi",42 4 new delhi north west delhi,INDIA,INDIA,"['42', '43']","['42', '4']",latin,devanagari,cross_script_name,16.666666666666664
S1-866319841,S3-987707404,Dynamic Tech Pvt Ltd,dynamic tech pvt ltd,डायनामिक टेक प्रा. लि.,ड यन म क टक पर ल,"42/43, Basement, Punjabi Bagh West, New Delhi, North West, Delhi",42 43 basement punjabi bagh west new delhi north west delhi,"New Delhi, North West, 42/43, DL",new delhi north west 42 43 dl,INDIA,INDIA,"['42', '43']","['42', '43']",latin,devanagari,cross_script_name,16.666666666666664
S1-108326575,S2-393793686,GG Ventures Private Limited,gg ventures pvt ltd,GG Vnetnnres Private-Limited,gg vnetnnres pvt ltd,"Office 103 Ground Floor, Rupasolitaire, Sec-2 Mbp, Thane, Maharashtra",office 103 ground floor rupasolitaire sec 2 mbp thane maharashtra,"OFFICE 103 GROUND FLOOR, RUPASOLITAIRE, SEC-2 MBP, THANE, Maharashtra",office 103 ground floor rupasolitaire sec 2 mbp thane maharashtra,INDIA,INDIA,"['103', '2']","['103', '2']",latin,latin,address_only_relation,87.17948717948718
S1-421557027,S2-504754895,South Consultants Private Limited,south consultants pvt ltd,साउथ कंसल्टेंट्स प्राइवेट लिमिटेड,स उथ कसलटटस पर इवट ल म टड,"G-91, Second Floor, Patel Nagar-Iii, Ghaziabad, Uttar Pradesh",g 91 second floor patel nagar iii ghaziabad uttar pradesh,"G-91, SECOND FLOOR, PATEL NAGAR-III, GHAZIABAD, Uttar Pradesh",g 91 second floor patel nagar iii ghaziabad uttar pradesh,INDIA,INDIA,['91'],['91'],latin,devanagari,cross_script_name,12.0
S1-392229488,S2-848769467,High Ventures Private Limited,high ventures pvt ltd,हाई वेंचर्स प्राइवेट लिमिटेड,ह ई वचरस पर इवट ल म टड,"Unit No. 301 301A, Sr. No 1412 To 1424, 4Th Floor, Fortune Plaza, Thube Park, Haveli, Pune, Maharashtra",unit no 301 301a sr no 1412 to 1424 4th floor fortune plaza thube park haveli pune maharashtra,"HAVELI, H.NO 743 UNLT NO. 301 301A, PUNE, महाराष्ट्र",haveli no 743 unlt no 301 301a pune मह र षटर,INDIA,INDIA,"['301', '1412', '1424']","['743', '301']",latin,devanagari,cross_script_name,13.953488372093027
S1-828437606,S3-415917496,Lenee Crossland Complete Medicines Inc,lenee crossland complete medicines inc,lccrossland.com,lccrossland com,"409 Houston Avenue, Crookston, MN",409 houston avenue crookston mn,"40 Houston Ave, Crookston CIYT, Minnesota",40 houston avenue crookston ciyt minnesota,US,US,['409'],['40'],latin,latin,url_domain_issue,52.83018867924528
S1-437575720,S3-306018651,"Urology Specialists, LLC",urology specialists llc,Lumlyramira,lumlyramira,"7401 2 45th Avenue, Unit 2, Amarillo, TX",7401 2 45th avenue unit 2 amarillo tx,"07401 2 45th Ave, # 2, Amarillo, Texas",07401 2 45th avenue 2 amarillo texas,US,US,"['7401', '2', '2']","['07401', '2', '2']",latin,latin,dba_trade_name_mismatch,29.411764705882348
S1-148756584,S3-301132308,Blue Association LLC,blue association llc,Ablue.Com,ablue com,"1208 Clearwood Court, Allen, TX",1208 clearwood court allen tx,"1208b Clearwood Court, Allen, Texas",1208b clearwood court allen texas,US,US,['1208'],[],latin,latin,url_domain_issue,48.275862068965516
S1-548228684,S2-431924325,Devora Exim Pvt. Ltd.,devora exim pvt ltd,Zetapyra,zetapyra,"Bangalore, No.1, Bangalore North, 1St Floor, 6Th Cross, Nanjareddy Colony, Jeevanbhimanagar, Banglore, Karnataka",bangalore no 1 bangalore north 1st floor 6th cross nanjareddy colony jeevanbhimanagar banglore karnataka,"NO.1, BANGALORE NORTH, BANGALORE, Karnataka",no 1 bangalore north bangalore karnataka,INDIA,INDIA,['1'],['1'],latin,latin,dba_trade_name_mismatch,22.22222222222222
S1-654544499,S2-225960885,Swastik International Pvt Ltd,swastik international pvt ltd,ஸ்வஸ்திக் இன்டர்நேஷனல் பிரைவேட் லிமிடெட்,ஸவஸத க இனடரந ஷனல ப ர வ ட ல ம ட ட,"No.78, T.H.Road, Theambakkam Madhavaram, Chennai, Tamil Nadu",no 78 t h road theambakkam madhavaram chennai tamil nadu,"NO.78, MADRAS, CHENNAI, Tamil Nadu",no 78 madras chennai tamil nadu,INDIA,INDIA,['78'],['78'],latin,tamil,cross_script_name,9.836065573770492
S1-654544499,S3-97170646,Swastik International Pvt Ltd,swastik international pvt ltd,ஸ்வஸ்திக் இன்டர்நேஷனல் பிரைவேட் லிமிடெட்,ஸவஸத க இனடரந ஷனல ப ர வ ட ல ம ட ட,"No.78, T.H.Road, Theambakkam Madhavaram, Chennai, Tamil Nadu",no 78 t h road theambakkam madhavaram chennai tamil nadu,"No.78, Chennai, TN",no 78 chennai tn,INDIA,INDIA,['78'],['78'],latin,tamil,cross_script_name,9.836065573770492
S1-48930576,S2-348473957,White Super Business Private Limited,white super business pvt ltd,व्हाइट सुपर बिजनेस प्राइवेट लिमिटेड,वह इट सपर ब जनस पर इवट ल म टड,"Dsiidc Industrial Plot No 8, Pocket B, Delhi, North West Delhi, Delhi",dsiidc industrial plot no 8 pocket b delhi north west delhi delhi,"DSIIDC INDUSTRIAL PLOT NO 8, POCKET B, NORTH WEST DELHI, Delhi",dsiidc industrial plot no 8 pocket b north west delhi delhi,INDIA,INDIA,['8'],['8'],latin,devanagari,cross_script_name,14.035087719298245
S1-48930576,S3-300760234,White Super Business Private Limited,white super business pvt ltd,व्हाइट सुपर बिजनेस प्राइवेट लिमिटेड,वह इट सपर ब जनस पर इवट ल म टड,"Dsiidc Industrial Plot No 8, Pocket B, Delhi, North West Delhi, Delhi",dsiidc industrial plot no 8 pocket b delhi north west delhi delhi,"Dsiidc Industrial Plot No 8, Delhi, North West Delhi, DL",dsiidc industrial plot no 8 delhi north west delhi dl,INDIA,INDIA,['8'],['8'],latin,devanagari,cross_script_name,14.035087719298245
S1-341540500,S2-463556932,"National Wireless, Inc.",national wireless inc,"(Inc.) National Wrels,s",national wrels s,"7102 Guadalupe Street, Austin, TX",7102 guadalupe street austin tx,"AUSTIN, TX, 710 GUADALUPE STREET",austin tx 710 guadalupe street,US,US,['7102'],['710'],latin,latin,address_only_relation,81.08108108108108
S1-729914991,S2-587833644,Vanagar Agrofarms Private Limited,vanagar agrofarms pvt ltd,PRIVATE VANA6AR AGORFFAARMS LIMITED,private vana6ar agorffaarms ltd,"53/36, White House, Ist Mainroad 6Th Cross Lower Palace Orchards, Sadashi, Vanagar, Bangalore, Karnataka",53 36 white house ist mainroad 6th cross lower palace orchards sadashi vanagar bangalore karnataka,"53/36, BANGALORE, Karnataka",53 36 bangalore karnataka,INDIA,INDIA,"['53', '36']","['53', '36']",latin,latin,address_only_relation,67.85714285714286
S1-27095617,S2-604281919,Groth Harmony,groth harmony,LUMZEPH,lumzeph,"S11W29512 Summit Avenue, Town Of Delafield, WI",s11w29512 summit avenue town of delafield wi,"S11W29512B SUMMIT AVENUE, WI, WAUKESHA",s11w29512b summit avenue wi waukesha,US,US,[],[],latin,latin,address_only_relation,9.999999999999998
S1-350761494,S2-401016209,Reex,reex,AVICIRAJAX,avicirajax,"12800 141st Avenue, Dayton, MN",12800 141st avenue dayton mn,"12800B 141ST AVE, DAYTON, MN",12800b 141st avenue dayton mn,US,US,['12800'],[],latin,latin,dba_trade_name_mismatch,28.57142857142857
S1-973738537,S3-393414047,Lakshmi Consulting Private Limited,lakshmi consulting pvt ltd,लक्ष्मी Consulting प्राइवेट लिमिटेड,लकषम consulting पर इवट ल म टड,"Sai Sadan, Shop No. 7, Ground Floor Bldg-A Sr No 56/2 Sant Nagar Aranyeshwar, Pune, Maharashtra",sai sadan shop no 7 ground floor bldg a sr no 56 2 sant nagar aranyeshwar pune maharashtra,"Sai Sadan, Pune, MH",sai sadan pune mh,INDIA,INDIA,"['7', '56', '2']",[],latin,mixed_latin_devanagari,cross_script_name,47.27272727272728
S1-635787940,S3-192610774,White Consultancy Private Limited,white consultancy pvt ltd,व्हाइट कंसल्टेंसी प्राइवेट लिमिटेड,वह इट कसलटस पर इवट ल म टड,"Gurgaon, Suite No. S3, Haryana, Vatika Business Centre Vatika Triangle, Mg Road, Gurgaon",gurgaon suite no s3 haryana vatika business centre vatika triangle mg road gurgaon,"Gurgaon, HR, Suite No. Sb3/3",gurgaon hr suite no sb3 3,INDIA,INDIA,[],['3'],latin,devanagari,cross_script_name,12.0
S1-635787940,S2-841665179,White Consultancy Private Limited,white consultancy pvt ltd,व्हाइट कंसल्टेंसी प्राइवेट लिमिटेड,वह इट कसलटस पर इवट ल म टड,"Gurgaon, Suite No. S3, Haryana, Vatika Business Centre Vatika Triangle, Mg Road, Gurgaon",gurgaon suite no s3 haryana vatika business centre vatika triangle mg road gurgaon,"SUITE NO. S003, VATIKA BUSINESS CENTRE VATIKA TRIANGLE, MG ROAD, GURUGRAM, GURGAON, Haryana",suite no s003 vatika business centre vatika triangle mg road gurugram gurgaon haryana,INDIA,INDIA,[],[],latin,devanagari,cross_script_name,12.0
S1-635787940,S2-161477921,White Consultancy Private Limited,white consultancy pvt ltd,व्हाइट कंसल्टेंसी प्राइवेट लिमिटेड,वह इट कसलटस पर इवट ल म टड,"Gurgaon, Suite No. S3, Haryana, Vatika Business Centre Vatika Triangle, Mg Road, Gurgaon",gurgaon suite no s3 haryana vatika business centre vatika triangle mg road gurgaon,"SUITE NO. S003, VATIKA BUSINESS CENTRE VATIKA TRIANGLE, MG ROAD, GURUGRAM, GURGAON, हरियाणा",suite no s003 vatika business centre vatika triangle mg road gurugram gurgaon हर य ण,INDIA,INDIA,[],[],latin,devanagari,cross_script_name,12.0
S1-265738186,S2-168999152,Beacon Network Laboratories,beacon network laboratories,Drexlyra,drexlyra,"3106 Crosscreek Drive, Austin, TX",3106 crosscreek drive austin tx,"003106 CROSSCREEK DR, AUSTIN, TX",003106 crosscreek drive austin tx,US,US,['3106'],['003106'],latin,latin,dba_trade_name_mismatch,22.857142857142854
S1-15926090,S2-530376632,Fortune Infrastructure Private Limited,fortune infrastructure pvt ltd,फॉर्च्यून इंफ्रास्ट्रक्चर प्राइवेट लिमिटेड,फ रचयन इफर सटरकचर पर इवट ल म टड,"Cb-13D, Second Floor, Cb Block Dda Janta Flats Rajouri Garden, Hari Nagar, New Delhi, West Delhi, Delhi",cb 13d second floor cb block dda janta flats rajouri garden hari nagar new delhi west delhi delhi,"CB-13D, NEW DELHI, WEST DELHI, दिल्ली",cb 13d new delhi west delhi द लल,INDIA,INDIA,[],[],latin,devanagari,cross_script_name,9.836065573770492
S1-15926090,S3-715069727,Fortune Infrastructure Private Limited,fortune infrastructure pvt ltd,फॉर्च्यून इंफ्रास्ट्रक्चर Private Limited,फ रचयन इफर सटरकचर pvt ltd,"Cb-13D, Second Floor, Cb Block Dda Janta Flats Rajouri Garden, Hari Nagar, New Delhi, West Delhi, Delhi",cb 13d second floor cb block dda janta flats rajouri garden hari nagar new delhi west delhi delhi,"Cb-13d, New Delhi, DL",cb 13d new delhi dl,INDIA,INDIA,[],[],latin,mixed_latin_devanagari,cross_script_name,32.72727272727273
S1-15926090,S3-221831553,Fortune Infrastructure Private Limited,fortune infrastructure pvt ltd,फॉर्च्यून इंफ्रास्ट्रक्चर प्राइवेट लिमिटेड,फ रचयन इफर सटरकचर पर इवट ल म टड,"Cb-13D, Second Floor, Cb Block Dda Janta Flats Rajouri Garden, Hari Nagar, New Delhi, West Delhi, Delhi",cb 13d second floor cb block dda janta flats rajouri garden hari nagar new delhi west delhi delhi,"Cb-13d, West Delhi, DL",cb 13d west delhi dl,INDIA,INDIA,[],[],latin,devanagari,cross_script_name,9.836065573770492
S1-526606899,S3-753775148,Om & Sons Private Limited,om and sons pvt ltd,Dr Om and Private Limited Limited Center,dr om and private limited limited center,"337 Kalbadevi Road5Th Floor Badamwadi, Mumbai, Maharashtra",337 kalbadevi road5th floor badamwadi mumbai maharashtra,,,INDIA,INDIA,['337'],[],latin,latin,missing_address_evidence,47.45762711864406
S1-668859793,S2-86422640,Sai Guru Impex Private Limited,sai guru impex pvt ltd,സായി ഗുരു ഇംപെക്സ് പ്രൈവറ്റ് ലിമിറ്റഡ്,സ യ ഗര ഇ പ കസ പര വററ ല മ ററഡ,"Murali Bhavan, Janatha Road, Thiruvananthapuram, Thiruvananthapuram, Trivandrum, Kerala",murali bhavan janatha road thiruvananthapuram thiruvananthapuram trivandrum kerala,"MURALI BHAVAN, TRIVANDRUM, THIRUVANANTHAPURAM, Keralam",murali bhavan trivandrum thiruvananthapuram keralam,INDIA,INDIA,[],[],latin,other,dba_trade_name_mismatch,16.000000000000004
S1-668859793,S3-293411003,Sai Guru Impex Private Limited,sai guru impex pvt ltd,സായ് Guru ഇംപെക്സ് പ്രൈവറ്റ് ലിമിറ്റഡ്,സ യ guru ഇ പ കസ പര വററ ല മ ററഡ,"Murali Bhavan, Janatha Road, Thiruvananthapuram, Thiruvananthapuram, Trivandrum, Kerala",murali bhavan janatha road thiruvananthapuram thiruvananthapuram trivandrum kerala,"KL, Block A-621. Murlai Bhavan, Thiruvananthapuram, Trivandrum",kl block a 621 murlai bhavan thiruvananthapuram trivandrum,INDIA,INDIA,[],['621'],latin,mixed_latin_other,address_only_relation,30.76923076923077
S1-54095608,S2-231413501,Jai Life Power,jai life power,ಜೈ ಲೈಫ್ ಪವರ್,ಜ ಲ ಫ ಪವರ,"No 204, 2Nd Floor, Saleh Center, Cunningham Road, Bangalore, Karnataka",no 204 2nd floor saleh center cunningham road bangalore karnataka,"NO 00204, BENGALURU, BANGALORE, Karnataka",no 00204 bengaluru bangalore karnataka,INDIA,INDIA,['204'],['00204'],latin,other,address_only_relation,17.391304347826086
S1-650289478,S2-504333919,Shiva Developers Private Limited,shiva developers pvt ltd,M/s Shiva Dblvcopres Private Limited,m s shiva dblvcopres pvt ltd,"555, West Guru Anand Nagar Shakarpur Delhi, Delhi, New Delhi, Delhi",555 west guru anand nagar shakarpur delhi delhi new delhi delhi,"55, WEST GURU ANAND NAGAR SHAKARPUR DELHI, DELHI, Delhi",55 west guru anand nagar shakarpur delhi delhi delhi,INDIA,INDIA,['555'],['55'],latin,latin,address_only_relation,76.92307692307692
S1-650289478,S2-978927629,Shiva Developers Private Limited,shiva developers pvt ltd,शिवा डेवलपर्स प्राइवेट लिमिटेड,श व डवलपरस पर इवट ल म टड,"555, West Guru Anand Nagar Shakarpur Delhi, Delhi, New Delhi, Delhi",555 west guru anand nagar shakarpur delhi delhi new delhi delhi,"55, DELHI, NEW DELHI, Delhi",55 delhi new delhi delhi,INDIA,INDIA,['555'],['55'],latin,devanagari,cross_script_name,12.5
S1-650289478,S2-344054342,Shiva Developers Private Limited,shiva developers pvt ltd,शिवा डेवलपर्स प्राइवेट लिमिटेड,श व डवलपरस पर इवट ल म टड,"555, West Guru Anand Nagar Shakarpur Delhi, Delhi, New Delhi, Delhi",555 west guru anand nagar shakarpur delhi delhi new delhi delhi,"55, WEST GURU ANAND NAGAR SHAKARPUR DELHI, NEW DELHI, DELHI",55 west guru anand nagar shakarpur delhi new delhi delhi,INDIA,INDIA,['555'],['55'],latin,devanagari,cross_script_name,12.5
S1-650289478,S3-741654749,Shiva Developers Private Limited,shiva developers pvt ltd,शिवा डेवलपर्स प्राइवेट लिमिटेड,श व डवलपरस पर इवट ल म टड,"555, West Guru Anand Nagar Shakarpur Delhi, Delhi, New Delhi, Delhi",555 west guru anand nagar shakarpur delhi delhi new delhi delhi,"DL, Delhi, 00555, New Delhi",dl delhi 00555 new delhi,INDIA,INDIA,['555'],['00555'],latin,devanagari,cross_script_name,12.5
S1-650289478,S2-360749120,Shiva Developers Private Limited,shiva developers pvt ltd,शिवा डेवलपर्स प्राइवेट लिमिटेड,श व डवलपरस पर इवट ल म टड,"555, West Guru Anand Nagar Shakarpur Delhi, Delhi, New Delhi, Delhi",555 west guru anand nagar shakarpur delhi delhi new delhi delhi,"55, WEST GURU ANAND NAGAR SHAKARPUR DELHI, DELHI, NEW DELHI, Delhi",55 west guru anand nagar shakarpur delhi delhi new delhi delhi,INDIA,INDIA,['555'],['55'],latin,devanagari,cross_script_name,12.5
S1-96001455,S3-520547036,Select Intercontinental,select intercontinental,Select Inotefondnental,select inotefondnental,"38 Ferry Road, Newburyport, MA",38 ferry road newburyport ma,,,US,US,['38'],[],latin,latin,missing_address_evidence,84.44444444444444
S1-664239711,S2-334238753,Classic Hospitality Private Limited,classic hospitality pvt ltd,क्लासिक हॉस्पिटैलिटी प्राइवेट लिमिटेड,कल स क ह सप टल ट पर इवट ल म टड,"K-44, Masjid Khalilullah Batla House, Okhla, New Delhi, Delhi",k 44 masjid khalilullah batla house okhla new delhi delhi,"K-44, SOUTH DELHI, NEW DELHI, Delhi",k 44 south delhi new delhi delhi,INDIA,INDIA,['44'],['44'],latin,devanagari,cross_script_name,10.526315789473683
S1-768653359,S3-55004730,Big Cafe Inc.,big cafe inc,Big Cmoae  Inc.,big cmoae inc,"5457 Knoll Creek Court, Unit APT E, Hazelwood, MO",5457 knoll creek court unit apartment e hazelwood mo,"005457 Knoll Creek Ct, Unit APT E, Hazelowod, Missouri",005457 knoll creek court unit apartment e hazelowod missouri,US,US,['5457'],['005457'],latin,latin,word_order_variation,88.0
S1-755560611,S2-703933888,Super Consultancy Private Limited,super consultancy pvt ltd,ಸೂಪರ್ ಕನ್ಸಲ್ಟೆನ್ಸಿ ಪ್ರೈವೇಟ್ ಲಿಮಿಟೆಡ್,ಸ ಪರ ಕನಸಲಟನಸ ಪರ ವ ಟ ಲಮಟಡ,"No.1/1, Chinanna Layout, K B Sandra R T Nagar, Bangalore, Karnataka",no 1 1 chinanna layout k b sandra rue t nagar bangalore karnataka,"1/1, BANGLORE, BENGALURU, Karnataka",1 1 banglore bengaluru karnataka,INDIA,INDIA,"['1', '1']","['1', '1']",latin,other,dba_trade_name_mismatch,12.244897959183676
S1-755560611,S3-561931923,Super Consultancy Private Limited,super consultancy pvt ltd,ಸೂಪರ್ ಕನ್ಸಲ್ಟೆನ್ಸಿ ಪ್ರೈವೇಟ್ ಲಿಮಿಟೆಡ್,ಸ ಪರ ಕನಸಲಟನಸ ಪರ ವ ಟ ಲಮಟಡ,"No.1/1, Chinanna Layout, K B Sandra R T Nagar, Bangalore, Karnataka",no 1 1 chinanna layout k b sandra rue t nagar bangalore karnataka,"No 1/1, Bengaluru, ಕರ್ನಾಟಕ",no 1 1 bengaluru ಕರನ ಟಕ,INDIA,INDIA,"['1', '1']","['1', '1']",latin,other,dba_trade_name_mismatch,12.244897959183676
S1-755560611,S3-641030999,Super Consultancy Private Limited,super consultancy pvt ltd,ಸೂಪರ್ ಕನ್ಸಲ್ಟೆನ್ಸಿ ಪ್ರೈವೇಟ್ ಲಿಮಿಟೆಡ್,ಸ ಪರ ಕನಸಲಟನಸ ಪರ ವ ಟ ಲಮಟಡ,"No.1/1, Chinanna Layout, K B Sandra R T Nagar, Bangalore, Karnataka",no 1 1 chinanna layout k b sandra rue t nagar bangalore karnataka,"No 1/1, Bengaluru, KA",no 1 1 bengaluru ka,INDIA,INDIA,"['1', '1']","['1', '1']",latin,other,dba_trade_name_mismatch,12.244897959183676
S1-243527550,S2-997323337,Real Infraventures (India),real infraventures india,(India) Itfarnebtruraes Real,india itfarnebtruraes real,"A-7/5 Krishna Nagar, Delhi, East Delhi, Delhi",a 7 5 krishna nagar delhi east delhi delhi,"A-007/5 KRISHNA NAGAR, EAST DELHI, DELHI",a 007 5 krishna nagar east delhi delhi,INDIA,INDIA,"['7', '5']","['007', '5']",latin,latin,word_order_variation,52.0
S1-163216207,S2-301817075,Good Finance Private Limited,good finance pvt ltd,গুড ফাইন্যান্স প্রাইভেট লিমিটেড,গড ফ ইনয নস পর ইভ ট ল ম ট ড,"1St Fr. 201E, 16 Strand, Road, Diamond Heritage, Kolkata, Kolkata, Howrah, West Bengal",1st fr 201e 16 strand road diamond heritage kolkata kolkata howrah west bengal,"1ST FR. 201E, <NULL>, KOLKATA, HOWRAH, West Bengal",1st fr 201e kolkata howrah west bengal,INDIA,INDIA,['16'],[],latin,bengali,cross_script_name,12.765957446808507
S1-852563334,S2-744573819,Eye Partners,eye partners,Eye Pamerteesr,eye pamerteesr,"1619 Tower Street, Decatur, AL",1619 tower street decatur al,"DECATUR, AL, Tower Street",decatur al tower street,US,US,['1619'],[],latin,latin,address_only_relation,76.92307692307692
S1-86909806,S3-292258549,Bharat Projects Limited,bharat projects ltd,भारत प्रोजेक्ट्स लिमिटेड,भ रत पर जकटस ल म टड,"701, Gd Itl Tower B-8, Netaji Subhash Place Pitampura, Delhi, North West Delhi, Delhi",701 gd itl tower b 8 netaji subhash place pitampura delhi north west delhi delhi,"00701, Delhi, DL",00701 delhi dl,INDIA,INDIA,"['701', '8']",['00701'],latin,devanagari,cross_script_name,10.526315789473683
S1-515161568,S2-160046170,Krishna Infrastructure Private Limited,krishna infrastructure pvt ltd,कृष्ण इंफ्रास्ट्रक्चर प्राइवेट लिमिटेड,कषण इफर सटरकचर पर इवट ल म टड,"A2305, Bldg No 11, Samarth Deep, Off K L Walwalkar Marg, Oshiwara Near Saraswat Bank Andher, I West, Mumbai, Mumbai City, Maharashtra",a2305 bldg no 11 samarth deep off k l walwalkar marg oshiwara near saraswat bank andher i west mumbai mumbai city maharashtra,"A2305, Maharashtra, MUMBAI CITY",a2305 maharashtra mumbai city,INDIA,INDIA,['11'],[],latin,devanagari,cross_script_name,10.344827586206895
S1-515161568,S2-679800604,Krishna Infrastructure Private Limited,krishna infrastructure pvt ltd,कृष्णा इंफ्रास्ट्रक्चर प्राइवेट लिमिटेड,कषण इफर सटरकचर पर इवट ल म टड,"A2305, Bldg No 11, Samarth Deep, Off K L Walwalkar Marg, Oshiwara Near Saraswat Bank Andher, I West, Mumbai, Mumbai City, Maharashtra",a2305 bldg no 11 samarth deep off k l walwalkar marg oshiwara near saraswat bank andher i west mumbai mumbai city maharashtra,"A2305, MUMBAI CITY, Maharashtra",a2305 mumbai city maharashtra,INDIA,INDIA,['11'],[],latin,devanagari,cross_script_name,10.344827586206895
S1-515161568,S2-240501189,Krishna Infrastructure Private Limited,krishna infrastructure pvt ltd,कृष्ण इंफ्रास्ट्रक्चर प्राइवेट लिमिटेड,कषण इफर सटरकचर पर इवट ल म टड,"A2305, Bldg No 11, Samarth Deep, Off K L Walwalkar Marg, Oshiwara Near Saraswat Bank Andher, I West, Mumbai, Mumbai City, Maharashtra",a2305 bldg no 11 samarth deep off k l walwalkar marg oshiwara near saraswat bank andher i west mumbai mumbai city maharashtra,"A2305, MUMBAI CITY, महाराष्ट्र",a2305 mumbai city मह र षटर,INDIA,INDIA,['11'],[],latin,devanagari,cross_script_name,10.344827586206895
S1-555191033,S3-678508327,Eastern Business Private Limited,eastern business pvt ltd,Eastern Private Limited (Service),eastern private limited service,"E-34, Shastri Nagar, Bhilwara, Rajasthan",e 34 shastri nagar bhilwara rajasthan,,,INDIA,INDIA,['34'],[],latin,latin,missing_address_evidence,54.54545454545454
S1-737696216,S2-792090233,Shiv Care Limited,shiv care ltd,शिव केयर लिमिटेड,श व कयर ल म टड,"101, Sagarika Chs Ltd. Plot No. 89, Juhu Tara Road, Santacruz (, West), Mumbai, Mumbai City, Maharashtra",101 sagarika chs ltd plot no 89 juhu tara road santacruz west mumbai mumbai city maharashtra,"MUMBAI CITY, Maharashtra, 101",mumbai city maharashtra 101,INDIA,INDIA,"['101', '89']",['101'],latin,devanagari,cross_script_name,14.814814814814813
S1-137046510,S2-71394015,City Producer Private Limited,city producer pvt ltd,सिटी प्रोड्यूसर प्राइवेट लिमिटेड,स ट पर डयसर पर इवट ल म टड,"116 Jaipur House, Agra, Uttar Pradesh",116 jaipur house agra uttar pradesh,"H.NO 16 JAIPUR HOUSE, AGRA, उत्तर प्रदेश",no 16 jaipur house agra उततर परदश,INDIA,INDIA,['116'],['16'],latin,devanagari,cross_script_name,13.043478260869568
S1-137046510,S2-48280238,City Producer Private Limited,city producer pvt ltd,सिटी प्रोड्यूसर प्राइवेट लिमिटेड,स ट पर डयसर पर इवट ल म टड,"116 Jaipur House, Agra, Uttar Pradesh",116 jaipur house agra uttar pradesh,"16 JAIPUR HOUSE, AGRA, Uttar Pradesh",16 jaipur house agra uttar pradesh,INDIA,INDIA,['116'],['16'],latin,devanagari,cross_script_name,13.043478260869568
S1-874139342,S3-963091766,Coddington Outdoor LLC,coddington outdoor llc,Halokelo,halokelo,"957 Esquire Aly, Louisville, KY",957 esquire aly louisville ky,"Esquire Aly, Louisville, Kentucky",esquire aly louisville kentucky,US,US,['957'],[],latin,latin,dba_trade_name_mismatch,13.33333333333333
S1-683946842,S3-149722231,All International LLP,all international llp,ऑल इंटरनेशनल एलएलपी,ऑल इटरनशनल एलएलप,"C-7/85, Ff, Sector-08, Rohini, Delhi, West Delhi, Delhi",c 7 85 ff sector 08 rohini delhi west delhi delhi,"C-d/7/85, West Delhi, Delhi, DL",c d 7 85 west delhi delhi dl,INDIA,INDIA,"['7', '85', '08']","['7', '85']",latin,devanagari,cross_script_name,10.81081081081081
S1-683946842,S2-392298204,All International LLP,all international llp,ऑल इंटरनेशनल एलएलपी,ऑल इटरनशनल एलएलप,"C-7/85, Ff, Sector-08, Rohini, Delhi, West Delhi, Delhi",c 7 85 ff sector 08 rohini delhi west delhi delhi,"PLOT 964 C-7/85, FF, SECTOR-08, ROHINI, WEST DELHI, DELHI",plot 964 c 7 85 ff sector 08 rohini west delhi delhi,INDIA,INDIA,"['7', '85', '08']","['964', '7', '85', '08']",latin,devanagari,cross_script_name,10.81081081081081
S1-683946842,S2-942371370,All International LLP,all international llp,ऑल इंटरनेशनल एलएलपी,ऑल इटरनशनल एलएलप,"C-7/85, Ff, Sector-08, Rohini, Delhi, West Delhi, Delhi",c 7 85 ff sector 08 rohini delhi west delhi delhi,"PLOT 964 C-7/85, FF, SECTOR-08, ROHINI, WEST DELHI, DELHI",plot 964 c 7 85 ff sector 08 rohini west delhi delhi,INDIA,INDIA,"['7', '85', '08']","['964', '7', '85', '08']",latin,devanagari,cross_script_name,10.81081081081081
S1-683946842,S3-52074064,All International LLP,all international llp,All इंटरनेशनल एलएलपी,all इटरनशनल एलएलप,"C-7/85, Ff, Sector-08, Rohini, Delhi, West Delhi, Delhi",c 7 85 ff sector 08 rohini delhi west delhi delhi,"C-d/7/85, West Delhi, Delhi, दिल्ली",c d 7 85 west delhi delhi द लल,INDIA,INDIA,"['7', '85', '08']","['7', '85']",latin,mixed_latin_devanagari,cross_script_name,26.315789473684216
S1-998149029,S2-264922164,Guru Care Private Limited,guru care pvt ltd,गुरु केयर प्राइवेट लिमिटेड,गर कयर पर इवट ल म टड,"Ground Floor Building No., 2573, Main Chang Road, Bhiwani, Haryana",ground floor building no 2573 main chang road bhiwani haryana,"GROUND FLOOR BUILDING NO., BHIWANI, Haryana",ground floor building no bhiwani haryana,INDIA,INDIA,['2573'],[],latin,devanagari,cross_script_name,16.216216216216218
S1-998149029,S2-513141742,Guru Care Private Limited,guru care pvt ltd,गुरु केयर प्राइवेट लिमिटेड,गर कयर पर इवट ल म टड,"Ground Floor Building No., 2573, Main Chang Road, Bhiwani, Haryana",ground floor building no 2573 main chang road bhiwani haryana,"BHIWANI, GROUND FLOOR BUILDING NO., हरियाणा, BHIWANI",bhiwani ground floor building no हर य ण bhiwani,INDIA,INDIA,['2573'],[],latin,devanagari,cross_script_name,16.216216216216218
S1-608781404,S3-894529092,Super Trading Limited,super trading ltd,सुपर ट्रेडिंग लिमिटेड,सपर टरड ग ल म टड,"C-43, Block -C, First Floor Dsidc Community Work Centre, Jhilmil Col, Ony, Delhi, East Delhi, Delhi",c 43 block c first floor dsidc community work centre jhilmil col ony delhi east delhi delhi,"C-43, Delhi, East Delhi, DL",c 43 delhi east delhi dl,INDIA,INDIA,['43'],['43'],latin,devanagari,cross_script_name,12.121212121212121
S1-445881211,S3-246431983,Aspen Inc,aspen inc,Acec Inc,acec inc,"12612 22M Street, Unit Unit 3, Watford City, ND",12612 22m street unit unit 3 watford city nd,"2612 22M St, Watford City, North Dakota",2612 22m street watford city north dakota,US,US,"['12612', '3']",['2612'],latin,latin,address_only_relation,70.58823529411764
S1-2161902,S2-492935261,Royal Constructions Private Limited,royal constructions pvt ltd,रॉयल कंस्ट्रक्शंस प्राइवेट लिमिटेड,र यल कसटरकशस पर इवट ल म टड,"Bazar No. 2, Ramganjmandi, Kota, Rajasthan",bazar no 2 ramganjmandi kota rajasthan,"BAZAR NO. 2, KOTA, Rajasthan",bazar no 2 kota rajasthan,INDIA,INDIA,['2'],['2'],latin,devanagari,cross_script_name,11.32075471698113
S1-729124566,S2-769499500,West Cardiology,west cardiology,West Services,west services,"1050 High Street, Bridgton, ME",1050 high street bridgton me,"1050A HIGH ST, BRIDGTON, ME",1050a high street bridgton me,US,US,['1050'],[],latin,latin,word_order_variation,50.0
S1-667751699,S2-561644411,Anand Consultancy Pvt Ltd,anand consultancy pvt ltd,ആനന്ദ് കൺസൾട്ടൻസി പ്രൈവറ്റ് ലിമിറ്റഡ്,ആനനദ കൺസൾടടൻസ പര വററ ല മ ററഡ,"Room No. C22, 3Rd Floor, Malabar Gate Building, Ram Mohan Road, Kozhikode, Kerala",room no c22 3rd floor malabar gate building ram mohan road kozhikode kerala,"ROOM NO. C22, KOZHIKODE, Kerala",room no c22 kozhikode kerala,INDIA,INDIA,[],[],latin,other,dba_trade_name_mismatch,11.32075471698113
S1-667751699,S2-603887037,Anand Consultancy Pvt Ltd,anand consultancy pvt ltd,ആനന്ദ് കൺസൾട്ടൻസി പ്രൈവറ്റ് ലിമിറ്റഡ്,ആനനദ കൺസൾടടൻസ പര വററ ല മ ററഡ,"Room No. C22, 3Rd Floor, Malabar Gate Building, Ram Mohan Road, Kozhikode, Kerala",room no c22 3rd floor malabar gate building ram mohan road kozhikode kerala,"KOZHIKODE, 3RD FLOOR, MALABAR GATE BUILDING, RAM MOHAN ROAD, ROOM NO. C22, Kerala, KOZHIKODE",kozhikode 3rd floor malabar gate building ram mohan road room no c22 kerala kozhikode,INDIA,INDIA,[],[],latin,other,dba_trade_name_mismatch,11.32075471698113
S1-11447650,S3-926821929,Innovative Properties Private Limited,innovative properties pvt ltd,Innovative Pordnres Pordnres Private Limited,innovative pordnres pordnres pvt ltd,"Delhi, H-199B, Delhi, East Delhi, Pocket-H, Dilshad Garden Janta",delhi h 199b delhi east delhi pocket h dilshad garden janta,,,INDIA,INDIA,[],[],latin,latin,missing_address_evidence,76.92307692307692
S1-451268621,S3-290983051,Fortune Marketing Private Limited,fortune marketing pvt ltd,फॉर्च्यून मार्केटिंग प्राइवेट लिमिटेड,फ रचयन म रकट ग पर इवट ल म टड,"Plot No. 9, Kh No. 138/6/3, 1St Floor, Gali No.2, Block A-1, Sant Nagar, Begali Colony, Village Burari, Delhi, North Delhi, Delhi",plot no 9 no 138 6 3 1st floor gali no 2 block a 1 sant nagar begali colony village burari delhi north delhi delhi,"Polt No. #9, North Delhi, Delhi, दिल्ली",polt no 9 north delhi delhi द लल,INDIA,INDIA,"['9', '138', '6', '3', '2', '1']",['9'],latin,devanagari,cross_script_name,11.32075471698113
S1-451268621,S2-291358875,Fortune Marketing Private Limited,fortune marketing pvt ltd,फॉर्च्यून मार्केटिंग प्राइवेट लिमिटेड,फ रचयन म रकट ग पर इवट ल म टड,"Plot No. 9, Kh No. 138/6/3, 1St Floor, Gali No.2, Block A-1, Sant Nagar, Begali Colony, Village Burari, Delhi, North Delhi, Delhi",plot no 9 no 138 6 3 1st floor gali no 2 block a 1 sant nagar begali colony village burari delhi north delhi delhi,"#9, DELHI, NORTH DELHI, Delhi",9 delhi north delhi delhi,INDIA,INDIA,"['9', '138', '6', '3', '2', '1']",['9'],latin,devanagari,cross_script_name,11.32075471698113
S1-451268621,S3-579470913,Fortune Marketing Private Limited,fortune marketing pvt ltd,फॉर्च्यून मार्केटिंग प्राइवेट लिमिटेड,फ रचयन म रकट ग पर इवट ल म टड,"Plot No. 9, Kh No. 138/6/3, 1St Floor, Gali No.2, Block A-1, Sant Nagar, Begali Colony, Village Burari, Delhi, North Delhi, Delhi",plot no 9 no 138 6 3 1st floor gali no 2 block a 1 sant nagar begali colony village burari delhi north delhi delhi,"Delhi, North Delhi, Plot No. #9, DL",delhi north delhi plot no 9 dl,INDIA,INDIA,"['9', '138', '6', '3', '2', '1']",['9'],latin,devanagari,cross_script_name,11.32075471698113
S1-451268621,S2-285497055,Fortune Marketing Private Limited,fortune marketing pvt ltd,फॉर्च्यून मार्केटिंग प्राइवेट लिमिटेड,फ रचयन म रकट ग पर इवट ल म टड,"Plot No. 9, Kh No. 138/6/3, 1St Floor, Gali No.2, Block A-1, Sant Nagar, Begali Colony, Village Burari, Delhi, North Delhi, Delhi",plot no 9 no 138 6 3 1st floor gali no 2 block a 1 sant nagar begali colony village burari delhi north delhi delhi,"NO 9, NORTH DELHI, DELHI, दिल्ली",no 9 north delhi delhi द लल,INDIA,INDIA,"['9', '138', '6', '3', '2', '1']",['9'],latin,devanagari,cross_script_name,11.32075471698113
S1-451268621,S2-180924663,Fortune Marketing Private Limited,fortune marketing pvt ltd,फॉर्च्यून मार्केटिंग प्राइवेट लिमिटेड,फ रचयन म रकट ग पर इवट ल म टड,"Plot No. 9, Kh No. 138/6/3, 1St Floor, Gali No.2, Block A-1, Sant Nagar, Begali Colony, Village Burari, Delhi, North Delhi, Delhi",plot no 9 no 138 6 3 1st floor gali no 2 block a 1 sant nagar begali colony village burari delhi north delhi delhi,"NORTH DELHI, PLOT NO. 9, DELHI, दिल्ली",north delhi plot no 9 delhi द लल,INDIA,INDIA,"['9', '138', '6', '3', '2', '1']",['9'],latin,devanagari,cross_script_name,11.32075471698113
S1-867883902,S3-270189256,Shree Sports Private Limited,shree sports pvt ltd,shreesp0rts.com,shreesp0rts com,"No.7/24, Chennai, Saravana Apartments, Kumaran Colony, Ii Street, Vadapalani, Chennai, Tamil Nadu",no 7 24 chennai saravana apartments kumaran colony ii street vadapalani chennai tamil nadu,"No.7/24, Chennai, தமிழ்நாடு",no 7 24 chennai தம ழந ட,INDIA,INDIA,"['7', '24']","['7', '24']",latin,latin,url_domain_issue,62.857142857142854
S1-348316765,S3-167411205,Surya Engineering Private Limited,surya engineering pvt ltd,सूर्या इंजीनियरिंग प्राइवेट लिमिटेड,सरय इज न यर ग पर इवट ल म टड,"H.No. F-17/3, Phase-Ii, Sanjay Complex Geetanjali Chouraha, Kotrahuzur, Bhopal, Madhya Pradesh",no f 17 3 phase ii sanjay complex geetanjali chouraha kotrahuzur bhopal madhya pradesh,"H.no. F-7/3, Bhopal, MP",no f 7 3 bhopal mp,INDIA,INDIA,"['17', '3']","['7', '3']",latin,devanagari,cross_script_name,11.538461538461542
S1-348316765,S2-151257439,Surya Engineering Private Limited,surya engineering pvt ltd,सूर्य इंजीनियरिंग प्राइवेट लिमिटेड,सरय इज न यर ग पर इवट ल म टड,"H.No. F-17/3, Phase-Ii, Sanjay Complex Geetanjali Chouraha, Kotrahuzur, Bhopal, Madhya Pradesh",no f 17 3 phase ii sanjay complex geetanjali chouraha kotrahuzur bhopal madhya pradesh,"H.NO. F-17/3, BHOPAL, Madhya Pradesh",no f 17 3 bhopal madhya pradesh,INDIA,INDIA,"['17', '3']","['17', '3']",latin,devanagari,cross_script_name,11.538461538461542
S1-83336,S2-522839932,Vijay Energy Private Limited,vijay energy pvt ltd,विजय एनर्जी प्राइवेट लिमिटेड,व जय एनरज पर इवट ल म टड,"C/O Kumar Gaurav, 401, Gharounda Complex Jagdeo Path, Khajpura, Patna, Bihar",c o kumar gaurav 401 gharounda complex jagdeo path khajpura patna bihar,"PATNA, Bihar, C/O KUMAR GAURAV",patna bihar c o kumar gaurav,INDIA,INDIA,['401'],[],latin,devanagari,cross_script_name,13.953488372093027
S1-936989032,S2-935280804,J/A Cayson LLC,j a cayson llc,LLC J/A Ccoon,j a ccoon,"20 Reese Road, Buffalo Township, PA",20 reese road buffalo township pa,"null, WASHINGTON, PA, REESE ROAD",washington pa reese road,US,US,['20'],[],latin,latin,extreme_typo,60.86956521739131
S1-592721832,S3-468283205,Cardiology Ace Center PC,cardiology ace center pc,Wexdrex,wexdrex,"6785 Boeing Avenue, Fontana, CA",6785 boeing avenue fontana ca,"006785 Boeing Ave, Fontana, California",006785 boeing avenue fontana california,US,US,['6785'],['006785'],latin,latin,address_only_relation,12.903225806451612
S1-448650249,S2-660474312,Smart Projects Pvt Ltd,smart projects pvt ltd,ஸ்மார்ட் புராஜெக்ட்ஸ் பிரைவேட் லிமிடெட்,ஸம ரட ப ர ஜ கடஸ ப ர வ ட ல ம ட ட,"9C, Pudukamoor Road, Villupuram Tiruvannamalai, Arni, Tiruvannamalai, Tamil Nadu",9c pudukamoor road villupuram tiruvannamalai arni tiruvannamalai tamil nadu,"9C, TIRUVANNAMALAI, தமிழ்நாடு",9c tiruvannamalai தம ழந ட,INDIA,INDIA,[],[],latin,tamil,cross_script_name,11.32075471698113
S1-630943609,S3-224849542,Green Investment,green investment,ग्रीन इन्वेस्टमेंट,गर न इनवसटमट,"Plot No. 8 Sector 1 Td, Airoli, Navi Mumbai, Mumbai City, Maharashtra",plot no 8 sector 1 td airoli navi mumbai mumbai city maharashtra,"MH, Mumbai, Mumbai City, Plot No. 8/9 Sector 1 Td",mh mumbai mumbai city plot no 8 9 sector 1 td,INDIA,INDIA,"['8', '1']","['8', '9', '1']",latin,devanagari,cross_script_name,7.14285714285714
S1-630943609,S2-872909983,Green Investment,green investment,ग्रीन इन्वेस्टमेंट,गर न इनवसटमट,"Plot No. 8 Sector 1 Td, Airoli, Navi Mumbai, Mumbai City, Maharashtra",plot no 8 sector 1 td airoli navi mumbai mumbai city maharashtra,"H.NO 8 SECTOR 1 TD, AIROLI, NAVI MUMBAI, MUMBAI CITY, Maharashtra",no 8 sector 1 td airoli navi mumbai mumbai city maharashtra,INDIA,INDIA,"['8', '1']","['8', '1']",latin,devanagari,cross_script_name,7.14285714285714
S1-246157396,S2-791831683,Ali Airlines,ali airlines,Dovalyralum,dovalyralum,"507 Lathrop Road, Fl 1, Columbia, MO",507 lathrop road floor 1 columbia mo,"LATHROP RD, COLUMBIA, MO",lathrop road columbia mo,US,US,"['507', '1']",[],latin,latin,dba_trade_name_mismatch,34.78260869565217
S1-799632615,S3-447938200,Sanchez Studios Inc,sanchez studios inc,Rizanex,rizanex,"8221 Chancellor Row, Dallas, TX",8221 chancellor row dallas tx,"8222 Chancellor Row, Dallas, Texas",8222 chancellor row dallas texas,US,US,['8221'],['8222'],latin,latin,dba_trade_name_mismatch,23.076923076923073
S1-440809279,S3-56802707,Vijay Business Private Limited,vijay business pvt ltd,विजय बिजनेस प्राइवेट लिमिटेड,व जय ब जनस पर इवट ल म टड,"Kesargarh, Jawahar Lal Nehru Marg, Jaipur, Rajasthan",kesargarh jawahar lal nehru marg jaipur rajasthan,"Kesargarh, Jawahar Lal Nehru Marg, Jaipur, RJ",kesargarh jawahar lal nehru marg jaipur rj,INDIA,INDIA,[],[],latin,devanagari,cross_script_name,13.043478260869568
S1-468927772,S3-405141633,Total Financial Inc,total financial inc,Total Frnnccal Inc,total frnnccal inc,"950 Henderson Road, Franklin, NC",950 henderson road franklin nc,,,US,US,['950'],[],latin,latin,missing_address_evidence,86.48648648648648
S1-879957116,S2-969705686,Guru Builders Private Limited,guru builders pvt ltd,ગુરુ બિલ્ડર્સ પ્રાઇવેટ લિમિટેડ,ગર બ લડરસ પર ઇવટ લ મ ટડ,"A Block, Gf 41, Avichal Sho, Daskroi, Ahmedabad, Gujarat",a block gf 41 avichal sho daskroi ahmedabad gujarat,"A BLOCK, DASKROI, Gujarat",a block daskroi gujarat,INDIA,INDIA,['41'],[],latin,other,dba_trade_name_mismatch,13.636363636363635
S1-879957116,S2-834703140,Guru Builders Private Limited,guru builders pvt ltd,ગુરુ બિલ્ડર્સ પ્રાઇવેટ લિમિટેડ,ગર બ લડરસ પર ઇવટ લ મ ટડ,"A Block, Gf 41, Avichal Sho, Daskroi, Ahmedabad, Gujarat",a block gf 41 avichal sho daskroi ahmedabad gujarat,"A BLOCK, DASKROI, AHMEDABAD, Gujarat",a block daskroi ahmedabad gujarat,INDIA,INDIA,['41'],[],latin,other,dba_trade_name_mismatch,13.636363636363635
S1-748402456,S3-606056727,Indo Consultancy Private Limited,indo consultancy pvt ltd,इंडो कंसल्टेंसी प्राइवेट लिमिटेड,इड कसलटस पर इवट ल म टड,"2/7, Block P, Budh Vihar Phase-1, New Delhi, North West, Delhi",2 7 block p budh vihar phase 1 new delhi north west delhi,"2/7, North West, दिल्ली",2 7 north west द लल,INDIA,INDIA,"['2', '7', '1']","['2', '7']",latin,devanagari,cross_script_name,13.043478260869568
S1-748402456,S2-634348930,Indo Consultancy Private Limited,indo consultancy pvt ltd,इंडो कंसल्टेंसी प्राइवेट लिमिटेड,इड कसलटस पर इवट ल म टड,"2/7, Block P, Budh Vihar Phase-1, New Delhi, North West, Delhi",2 7 block p budh vihar phase 1 new delhi north west delhi,"4/7, NORTH WEST, NEW DELHI, Delhi",4 7 north west new delhi delhi,INDIA,INDIA,"['2', '7', '1']","['4', '7']",latin,devanagari,cross_script_name,13.043478260869568
S1-410497766,S3-709938452,Dynamic Healthcare Private Limited,dynamic healthcare pvt ltd,Dynamic হেলথকেয়ার Private Limited,dynamic হ লথক য র pvt ltd,"25 Swallow Lane3Rd Flr, Kolkata, Calcutta, West Bengal",25 swallow lane3rd flr kolkata calcutta west bengal,"Door No 25 Ssallow Lane3rd Flr, Kolkata, Calcutta, WB",no 25 ssallow lane3rd flr kolkata calcutta wb,INDIA,INDIA,['25'],['25'],latin,mixed_latin_bengali,cross_script_name,62.745098039215684
S1-944478146,S3-86276602,Safe Commosales Limited,safe commosales ltd,Service Safe Limited,service safe ltd,"P-60, 2Nd Flr, Bldg C-2, Shree Mahavir Jain Chsl Shankar Lane, Kandivali (West), Mumbai, Bandra Suburban, Maharashtra",p 60 2nd flr bldg c 2 shree mahavir jain chsl shankar lane kandivali west mumbai bandra suburban maharashtra,"P-60, 2Nd Flr, Bldg C-2, Shree Mahavir Jain Chsl Shankar Lane, Kandivali (West), Mumbai, Bandra Suburban, MH",p 60 2nd flr bldg c 2 shree mahavir jain chsl shankar lane kandivali west mumbai bandra suburban mh,INDIA,INDIA,"['60', '2']","['60', '2']",latin,latin,address_only_relation,57.14285714285714
S1-170195620,S2-641368870,Dream Technology Pvt Ltd,dream technology pvt ltd,ड्रीम टेक्नोलॉजी प्रा. लि.,डर म टकन ल ज पर ल,"Ashok Kumar Sharma, Nimbalkar Ki Goth, Behind Santa Nurshing Home, Patankar Baz, Ar, Gwalior, Madhya Pradesh",ashok kumar sharma nimbalkar ki goth behind santa nurshing home patankar baz ar gwalior madhya pradesh,"ASHOK KUMAR SHARMA, GWALIOR, Madhya Pradesh",ashok kumar sharma gwalior madhya pradesh,INDIA,INDIA,[],[],latin,devanagari,cross_script_name,14.634146341463417
S1-170195620,S2-497461844,Dream Technology Pvt Ltd,dream technology pvt ltd,ड्रीम टेक्नोलॉजी प्रा. लि.,डर म टकन ल ज पर ल,"Ashok Kumar Sharma, Nimbalkar Ki Goth, Behind Santa Nurshing Home, Patankar Baz, Ar, Gwalior, Madhya Pradesh",ashok kumar sharma nimbalkar ki goth behind santa nurshing home patankar baz ar gwalior madhya pradesh,"ASHOK KUMAR SHARMA, GWALIOR, मध्य प्रदेश",ashok kumar sharma gwalior मधय परदश,INDIA,INDIA,[],[],latin,devanagari,cross_script_name,14.634146341463417
S1-170195620,S2-947783501,Dream Technology Pvt Ltd,dream technology pvt ltd,ड्रीम टेक्नोलॉजी प्रा. लि.,डर म टकन ल ज पर ल,"Ashok Kumar Sharma, Nimbalkar Ki Goth, Behind Santa Nurshing Home, Patankar Baz, Ar, Gwalior, Madhya Pradesh",ashok kumar sharma nimbalkar ki goth behind santa nurshing home patankar baz ar gwalior madhya pradesh,"ASHOK KUMAR SHARMA, GWALIOR, Madhya Pradesh",ashok kumar sharma gwalior madhya pradesh,INDIA,INDIA,[],[],latin,devanagari,cross_script_name,14.634146341463417
S1-262527438,S2-337422652,"Fowler, George & Pumphrey LLC",fowler george and pumphrey llc,Dovakelo,dovakelo,"3977 Fox Haven Drive, Canfield, OH",3977 fox haven drive canfield oh,"03977 FOX HAVEN DRIVE, CANFIED, OH",03977 fox haven drive canfied oh,US,US,['3977'],['03977'],latin,latin,dba_trade_name_mismatch,21.052631578947366
S1-281427928,S2-605544416,Silver Energy Pvt Ltd,silver energy pvt ltd,सिल्वर एनर्जी प्रा. लि.,स लवर एनरज पर ल,"A-943/2, Lucknow, Uttar Pradesh",a 943 2 lucknow uttar pradesh,"A-941/2, LUCKNOW, Uttar Pradesh",a 941 2 lucknow uttar pradesh,INDIA,INDIA,"['943', '2']","['941', '2']",latin,devanagari,cross_script_name,16.666666666666664
S1-44266774,S2-186190934,New York Foot & Ankle Complete Physicians LLC,new york foot and ankle complete physicians llc,newyorkfoot.com,newyorkfoot com,"17 John Street, New York, NY",17 john street new york ny,"17 JOHN ST, NEW YORK, NY",17 john street new york ny,US,US,['17'],['17'],latin,latin,url_domain_issue,48.38709677419355
S1-153680800,S2-911948094,Granite LLC,granite llc,6raneit Graneit LLC,6raneit graneit llc,"386 D Street, Salt Lake City, UT",386 d street salt lake city ut,"D STREET, SALT LAKE CITY, UT",d street salt lake city ut,US,US,['386'],[],latin,latin,address_only_relation,66.66666666666667
S1-45318326,S3-386174464,Hundred Electro Private Limited,hundred electro pvt ltd,Onyxhalo,onyxhalo,"Alwar, Rajasthan, Alwar Road, Behror, Shanti Market",alwar rajasthan alwar road behror shanti market,"Alwar, Shanti Market, Alwar, राजस्थान, Alwar Road, Behror",alwar shanti market alwar र जसथ न alwar road behror,INDIA,INDIA,[],[],latin,latin,dba_trade_name_mismatch,19.354838709677423
S1-10935410,S2-241750284,Pioneer Food Private Limited,pioneer food pvt ltd,పయనీర్ ఫుడ్ ప్రైవేట్ లిమిటెడ్,పయనర ఫ డ పరవట లమటడ,"H.No: 13-68/2, Nehrunagar Colony Rachappa Colony, Shadnagar, Rangareddy, Telangana",no 13 68 2 nehrunagar colony rachappa colony shadnagar rangareddy telangana,"H.NO: 13-68/2, RANGAREDDY, Telangana",no 13 68 2 rangareddy telangana,INDIA,INDIA,"['13', '68', '2']","['13', '68', '2']",latin,telugu,cross_script_name,15.789473684210531
S1-218222451,S2-831511480,Shivam Food Pvt Ltd,shivam food pvt ltd,शिवम फूड प्रा. लि.,श वम फड पर ल,"Su-Raj House 73-Cross Road, Midc., Marol, Andheri (East), Mumbai, Maharashtra",su raj house 73 cross road midc marol andheri east mumbai maharashtra,"SU-RAJ HOUSE 73-CROSS ROAD, MIDC., MAROL, MUMBAI II, Maharashtra",su raj house 73 cross road midc marol mumbai ii maharashtra,INDIA,INDIA,['73'],['73'],latin,devanagari,cross_script_name,19.354838709677423
S1-218222451,S2-52490982,Shivam Food Pvt Ltd,shivam food pvt ltd,शिवम फूड प्रा. लि.,श वम फड पर ल,"Su-Raj House 73-Cross Road, Midc., Marol, Andheri (East), Mumbai, Maharashtra",su raj house 73 cross road midc marol andheri east mumbai maharashtra,"SU-RAJ HOUSE 73-CROSS ROAD, MIDC., MAROL, ANDHERI EAST, Maharashtra",su raj house 73 cross road midc marol andheri east maharashtra,INDIA,INDIA,['73'],['73'],latin,devanagari,cross_script_name,19.354838709677423
S1-635095335,S2-604306699,Moix,moix,Rizabrix,rizabrix,"132 Sutton Drive, Elizabeth City, NC",132 sutton drive elizabeth city nc,"32 SUTTON DRIVE, ELIZABETH CITY, NC",32 sutton drive elizabeth city nc,US,US,['132'],['32'],latin,latin,dba_trade_name_mismatch,33.333333333333336
S1-955866957,S2-86825041,Great Investment Private Limited,great investment pvt ltd,గ్రేట్ ఇన్వెస్ట్‌మెంట్ ప్రైవేట్ లిమిటెడ్,గరట ఇనవసట మ ట పరవట లమటడ,"51-1-6/5B Sri Ram Nagar, Jagannaickpur, Kakinada, East Godavari, Andhra Pradesh",51 1 6 5b sri ram nagar jagannaickpur kakinada east godavari andhra pradesh,"51-1-6/5B SRI RAM NAGR, KAKINADA, EAST GODAVARI, Andhra Pradesh",51 1 6 5b sri ram nagr kakinada east godavari andhra pradesh,INDIA,INDIA,"['51', '1', '6']","['51', '1', '6']",latin,telugu,cross_script_name,12.765957446808507
S1-642032166,S2-828796531,Prime Universal Management LLP,prime universal management llp,प्राइम यूनिवर्सल मैनेजमेंट एलएलपी,पर इम यन वरसल मनजमट एलएलप,"171, Pocket-2 Dwarka, Sector - 19, South West Delhi, New Delhi, South West Delhi, Delhi",171 pocket 2 dwarka sector 19 south west delhi new delhi south west delhi delhi,"POCKET-2 DWARKA, SECTOR - 19, SOUTH WEST DELHI, NEW DELHI, Delhi, 170, SOUTH WEST DELHI",pocket 2 dwarka sector 19 south west delhi new delhi delhi 170 south west delhi,INDIA,INDIA,"['171', '2', '19']","['2', '19', '170']",latin,devanagari,cross_script_name,10.909090909090914
S1-642032166,S2-378520854,Prime Universal Management LLP,prime universal management llp,प्राइम यूनिवर्सल मैनेजमेंट एलएलपी,पर इम यन वरसल मनजमट एलएलप,"171, Pocket-2 Dwarka, Sector - 19, South West Delhi, New Delhi, South West Delhi, Delhi",171 pocket 2 dwarka sector 19 south west delhi new delhi south west delhi delhi,"170, POCKET-2 DWARKA, SECTOR - 19, SOUTH WEST DELHI, NEW DELHI, SOUTH WEST DELHI, दिल्ली",170 pocket 2 dwarka sector 19 south west delhi new delhi south west delhi द लल,INDIA,INDIA,"['171', '2', '19']","['170', '2', '19']",latin,devanagari,cross_script_name,10.909090909090914
S1-253394078,S2-64103456,Meerut Machinery Pvt. Ltd.,meerut machinery pvt ltd,Ectolyra,ectolyra,"House No.- 81, Julehra, Meerut, Uttar Pradesh",house no 81 julehra meerut uttar pradesh,"HOUSE NO.- ##81, MEERUT, Uttar Pradesh",house no 81 meerut uttar pradesh,INDIA,INDIA,['81'],['81'],latin,latin,dba_trade_name_mismatch,25.0
S1-581565440,S3-615994213,Ss Infotech Private Limited,ss infotech pvt ltd,এসএস ইনফোটেক প্রাইভেট লিমিটেড,এসএস ইনফ ট ক পর ইভ ট ল ম ট ড,"15, Ganesh Chandra Avenue, Kolkata, Howrah, West Bengal",15 ganesh chandra avenue kolkata howrah west bengal,"15, WB, Kolkata, Howrah, Ganesh Chandra Avenue",15 wb kolkata howrah ganesh chandra avenue,INDIA,INDIA,['15'],['15'],latin,bengali,cross_script_name,12.765957446808507
S1-581565440,S3-561171955,Ss Infotech Private Limited,ss infotech pvt ltd,এসএস ইনফোটেক প্রাইভেট লিমিটেড,এসএস ইনফ ট ক পর ইভ ট ল ম ট ড,"15, Ganesh Chandra Avenue, Kolkata, Howrah, West Bengal",15 ganesh chandra avenue kolkata howrah west bengal,"15, Ganesh Chandra Avenue, Kolkata, Howrah, পশ্চিমবঙ্গ",15 ganesh chandra avenue kolkata howrah পশচ মবঙগ,INDIA,INDIA,['15'],['15'],latin,bengali,cross_script_name,12.765957446808507
S1-581565440,S2-11276389,Ss Infotech Private Limited,ss infotech pvt ltd,এসএস ইনফোটেক প্রাইভেট লিমিটেড,এসএস ইনফ ট ক পর ইভ ট ল ম ট ড,"15, Ganesh Chandra Avenue, Kolkata, Howrah, West Bengal",15 ganesh chandra avenue kolkata howrah west bengal,"15, GANESH CHANDRA AVENUE, HOWRAH, KOLKATA, West Bengal",15 ganesh chandra avenue howrah kolkata west bengal,INDIA,INDIA,['15'],['15'],latin,bengali,cross_script_name,12.765957446808507
S1-902188196,S3-277759335,Massie Family Practice LLC,massie family practice llc,Ve0vantage,ve0vantage,"49034 Patton Road, Jerusalem, OH",49034 patton road jerusalem oh,"Ohio, Malaga Twp, 4903 Patton Rd",ohio malaga twp 4903 patton road,US,US,['49034'],['4903'],latin,latin,other_mismatch,22.22222222222222
S1-388440441,S3-77337294,Projects Reyansh Housing Private Limited,projects reyansh housing pvt ltd,Pr0jects Rytfsh Housing  Private Limited,pr0jects rytfsh housing pvt ltd,"9/5, Nehru Enclave East, Near Kalkaji Extension, New Delhi, Delhi",9 5 nehru enclave east near kalkaji extension new delhi delhi,"9/5, New Delhi, DL",9 5 new delhi dl,INDIA,INDIA,"['9', '5']","['9', '5']",latin,latin,address_only_relation,88.88888888888889
S1-842824149,S3-805668340,Jai Impex Limited,jai impex ltd,జై ఇంపెక్స్ లిమిటెడ్,జ ఇ పకస లమటడ,"P No 20 Trr, Township, Saroornagar, Hyderabad, Telangana",p no 20 trr township saroornagar hyderabad telangana,"No 720 P No 20 Trr, Andhra Pradesh, Hyderabad, Saroornagar",no 720 p no 20 trr andhra pradesh hyderabad saroornagar,INDIA,INDIA,['20'],"['720', '20']",latin,telugu,cross_script_name,16.000000000000004
S1-842824149,S2-482460179,Jai Impex Limited,jai impex ltd,జై ఇంపెక్స్ లిమిటెడ్,జ ఇ పకస లమటడ,"P No 20 Trr, Township, Saroornagar, Hyderabad, Telangana",p no 20 trr township saroornagar hyderabad telangana,"P NO 20 TRR, HYDERABAD, RANGA REDDY, Telangana",p no 20 trr hyderabad ranga reddy telangana,INDIA,INDIA,['20'],['20'],latin,telugu,cross_script_name,16.000000000000004
S1-842824149,S3-347423504,Jai Impex Limited,jai impex ltd,జై ఇంపెక్స్ లిమిటెడ్,జ ఇ పకస లమటడ,"P No 20 Trr, Township, Saroornagar, Hyderabad, Telangana",p no 20 trr township saroornagar hyderabad telangana,"No. 720 P No 20 Trr, Township, Saroornagar, Hyderabad, Andhra Pradesh",no 720 p no 20 trr township saroornagar hyderabad andhra pradesh,INDIA,INDIA,['20'],"['720', '20']",latin,telugu,cross_script_name,16.000000000000004
S1-842824149,S3-724039517,Jai Impex Limited,jai impex ltd,Jai Iencpx Limited,jai iencpx ltd,"P No 20 Trr, Township, Saroornagar, Hyderabad, Telangana",p no 20 trr township saroornagar hyderabad telangana,,,INDIA,INDIA,['20'],[],latin,latin,missing_address_evidence,81.4814814814815
S1-942977436,S2-378743777,Jay City Foods Private Limited,jay city foods pvt ltd,जय सिटी फूड्स प्राइवेट लिमिटेड,जय स ट फडस पर इवट ल म टड,"Plot No. 129, Shiv Sundar Nagar, Near Noble School, Bhilwara, Bhilwara, Rajasthan",plot no 129 shiv sundar nagar near noble school bhilwara bhilwara rajasthan,"PLOT NO. 29, BHILWARA, Rajasthan",plot no 29 bhilwara rajasthan,INDIA,INDIA,['129'],['29'],latin,devanagari,cross_script_name,17.391304347826086
S1-316078576,S2-990081413,Sree Marketing Pvt Ltd,sree marketing pvt ltd,ಶ್ರೀ ಮಾರ್ಕೆಟಿಂಗ್ ಪ್ರೈವೇಟ್ ಲಿಮಿಟೆಡ್,ಶರ ಮ ರಕಟ ಗ ಪರ ವ ಟ ಲಮಟಡ,"Karnataka, 2Nd Floor, Defense Colony 100 Ft Road, Hal 2Nd Stage, Bangalore, No.54, Bangalore",karnataka 2nd floor defense colony 100 ft road hal 2nd stage bangalore no 54 bangalore,"NO.54, BANGALORE, Karnataka",no 54 bangalore karnataka,INDIA,INDIA,"['100', '54']",['54'],latin,other,dba_trade_name_mismatch,13.636363636363635
S1-312818746,S3-221581800,City Products Private Limited,city products pvt ltd,सिटी प्रोडक्ट्स प्राइवेट लिमिटेड,स ट पर डकटस पर इवट ल म टड,"302 Ekvira Apts Station Road, Near Bhadrakali Mandir, Bhaindar W, Thane, Maharashtra",302 ekvira apts station road near bhadrakali mandir bhaindar w thane maharashtra,"#302 Ekvira Apts Station Road, N/A, Thane, MH",302 ekvira apts station road n a thane mh,INDIA,INDIA,['302'],['302'],latin,devanagari,cross_script_name,13.043478260869568
S1-312818746,S3-871028293,City Products Private Limited,city products pvt ltd,सिटी प्रोडक्ट्स प्राइवेट लिमिटेड,स ट पर डकटस पर इवट ल म टड,"302 Ekvira Apts Station Road, Near Bhadrakali Mandir, Bhaindar W, Thane, Maharashtra",302 ekvira apts station road near bhadrakali mandir bhaindar w thane maharashtra,"302 Ekvira Apts Station Road, N/A, Thane, महाराष्ट्र",302 ekvira apts station road n a thane मह र षटर,INDIA,INDIA,['302'],['302'],latin,devanagari,cross_script_name,13.043478260869568
S1-851548503,S3-444395509,Perfect Finance Pvt Ltd,perfect finance pvt ltd,પરફેક્ટ ફાઇનાન્સ પ્રા. લિ.,પરફકટ ફ ઇન નસ પર લ,"Fl No 102, Radhaneel Appartment, Rajkot, Gujarat",floor no 102 radhaneel appartment rajkot gujarat,"Fl No 102, Radhaneel Appartment, Rajkot, GJ",floor no 102 radhaneel appartment rajkot gj,INDIA,INDIA,['102'],['102'],latin,other,dba_trade_name_mismatch,14.634146341463417
S1-851548503,S2-212581680,Perfect Finance Pvt Ltd,perfect finance pvt ltd,પરફેક્ટ ફાઇનાન્સ પ્રા. લિ.,પરફકટ ફ ઇન નસ પર લ,"Fl No 102, Radhaneel Appartment, Rajkot, Gujarat",floor no 102 radhaneel appartment rajkot gujarat,"FL NO 102, RADHANEEL APPARTMENT, RAJKOT, NAKSHATRA, Gujarat",floor no 102 radhaneel appartment rajkot nakshatra gujarat,INDIA,INDIA,['102'],['102'],latin,other,dba_trade_name_mismatch,14.634146341463417
S1-851548503,S2-425148234,Perfect Finance Pvt Ltd,perfect finance pvt ltd,પરફેક્ટ ફાઇનાન્સ પ્રા. લિ.,પરફકટ ફ ઇન નસ પર લ,"Fl No 102, Radhaneel Appartment, Rajkot, Gujarat",floor no 102 radhaneel appartment rajkot gujarat,"FL NO 102, RADHANEEL APPARTMENT, RAJKOT, NAKSHATRA, Gujarat",floor no 102 radhaneel appartment rajkot nakshatra gujarat,INDIA,INDIA,['102'],['102'],latin,other,dba_trade_name_mismatch,14.634146341463417
S1-851548503,S2-997379713,Perfect Finance Pvt Ltd,perfect finance pvt ltd,પરફેક્ટ ફાઇનાન્સ પ્રા. લિ.,પરફકટ ફ ઇન નસ પર લ,"Fl No 102, Radhaneel Appartment, Rajkot, Gujarat",floor no 102 radhaneel appartment rajkot gujarat,"FL NO 102, RAJKOT, ગુજરાત, NAKSHATRA",floor no 102 rajkot ગજર ત nakshatra,INDIA,INDIA,['102'],['102'],latin,other,dba_trade_name_mismatch,14.634146341463417
S1-302712853,S2-362787589,South Projects Limited,south projects ltd,ಸೌತ್ ಪ್ರಾಜೆಕ್ಟ್ಸ್ ಲಿಮಿಟೆಡ್,ಸತ ಪರ ಜಕಟಸ ಲಮಟಡ,"Bagalkot, Karnataka, H No 1255 3Rd Cross, Jamkhandi, Venkateshwar Colony",bagalkot karnataka h no 1255 3rd cross jamkhandi venkateshwar colony,"3RD CROSS, BAGALKOT, Karnataka",3rd cross bagalkot karnataka,INDIA,INDIA,['1255'],[],latin,other,dba_trade_name_mismatch,12.121212121212121
S1-453231993,S2-556194445,Aditya Energy Limited,aditya energy ltd,ಆದಿತ್ಯ ಎನರ್ಜಿ ಲಿಮಿಟೆಡ್,ಆದತಯ ಎನರಜ ಲಮಟಡ,"No. 2, Bangalore, Karnataka, Bangalore, Ii Floor, R. R. Chambers, 11Th Main Road, Vasanth Nagar",no 2 bangalore karnataka bangalore ii floor rue rue chambers 11th main road vasanth nagar,"H.NO 2, II FLOOR, R. R. CHAMBERS, 11TH MAIN ROAD, VASANTH NAGAR, BANGALORE, BALLARI, Karnataka",no 2 ii floor rue rue chambers 11th main road vasanth nagar bangalore ballari karnataka,INDIA,INDIA,['2'],['2'],latin,other,dba_trade_name_mismatch,12.903225806451612
S1-706817236,S3-871930419,Coimbatore Infra LLP,coimbatore infra llp,Cinfra.Com,cinfra com,"No.66, Velachery Road, Guindy, Chennai-42., Tamil Nadu",no 66 velachery road guindy chennai 42 tamil nadu,"No 66, Chennai-42., TN",no 66 chennai 42 tn,INDIA,INDIA,"['66', '42']","['66', '42']",latin,latin,url_domain_issue,46.666666666666664
S1-648695822,S3-228906591,Coimbatore Vastra Pvt. Ltd.,coimbatore vastra pvt ltd,... Cvastracom,cvastracom,"Coimbatore, Tamil Nadu, Coimbatore, 3, Rajaharsh, K.S.Gardens, Saravana Nagar, Tvs Nagar",coimbatore tamil nadu coimbatore 3 rajaharsh k s gardens saravana nagar tvs nagar,"C-3, Coimbatore, TN",c 3 coimbatore tn,INDIA,INDIA,['3'],['3'],latin,latin,dba_trade_name_mismatch,40.0
S1-106042723,S2-387266097,Lewis Express Two,lewis express two,Lumonyx,lumonyx,"3019 Old Gamber Road, Finksburg, MD",3019 old gamber road finksburg md,"03019 OLD GAMBER ROAD, FINKSSBURG, MD",03019 old gamber road finkssburg md,US,US,['3019'],['03019'],latin,latin,dba_trade_name_mismatch,16.666666666666664
S1-191922414,S2-511840904,Oncology Medicine LLC,oncology medicine llc,[LLC] Oncology Mgdíicne,oncology mgdiicne,"1121 Union, IL, Unit 0, Belvidere",1121 union il unit 0 belvidere,"121 UNION, BELVIDERE, IL",121 union belvidere il,US,US,"['1121', '0']",['121'],latin,latin,address_only_relation,78.94736842105263
S1-273534049,S2-824373265,Smart Eastern Investments Private Limited,smart eastern investments pvt ltd,ಸ್ಮಾರ್ಟ್ ಈಸ್ಟರ್ನ್ ಇನ್ವೆಸ್ಟ್‌ಮೆಂಟ್ಸ್ ಪ್ರೈವೇಟ್ ಲಿಮಿಟೆಡ್,ಸಮ ರಟ ಈಸಟರನ ಇನವಸಟ ಮ ಟಸ ಪರ ವ ಟ ಲಮಟಡ,"No.20/11, 2Nd Floor, 1St Main, 5Th Cross, Chinnappa Garden, Bengaluru, Bangalore, Karnataka",no 20 11 2nd floor 1st main 5th cross chinnappa garden bengaluru bangalore karnataka,"20/11, 2ND FLOOR, 1ST MAIN, 5TH CROSS, CHINNAPPA GARDEN, BANGALORE, Karnataka",20 11 2nd floor 1st main 5th cross chinnappa garden bangalore karnataka,INDIA,INDIA,"['20', '11']","['20', '11']",latin,other,dba_trade_name_mismatch,11.940298507462687
S1-749355478,S2-892851656,Jain Infotech Limited,jain infotech ltd,ಜೈನ್ ಇನ್‌ಫೋಟೆಕ್ ಲಿಮಿಟೆಡ್,ಜ ನ ಇನ ಫ ಟಕ ಲಮಟಡ,"121, 1St Floor, 10Th E Main 1St Block Jayanagar, Bangalore, Karnataka",121 1st floor 10th e main 1st block jayanagar bangalore karnataka,"0121, 1ST FLOOR, 10TH E MAIN 1ST BLOCK JAYANAGAR, BANGALORE, Karnataka",0121 1st floor 10th e main 1st block jayanagar bangalore karnataka,INDIA,INDIA,['121'],['0121'],latin,other,dba_trade_name_mismatch,12.121212121212121
S1-144863457,S3-566128519,Mora Tech Limited,mora tech ltd,Arcquo Sys,arcquo sys,"62/15, First Floor, Wea, East Park Road, Karol Bagh, Delhi, Central Delhi, Delhi",62 15 first floor wea east park road karol bagh delhi central delhi delhi,"62/15, First Floor, Wea, East Park Road, Karol Bagh, Delhi, Central Delhi, Delhi",62 15 first floor wea east park road karol bagh delhi central delhi delhi,INDIA,INDIA,"['62', '15']","['62', '15']",latin,latin,dba_trade_name_mismatch,26.086956521739136
S1-609714937,S3-949480863,Swastik Foods Private Limited,swastik foods pvt ltd,स्वस्तिक फूड्स प्राइवेट लिमिटेड,सवसत क फडस पर इवट ल म टड,"101, Meridien Palace, Ceaser Road, Amboli, Andheri (West), Mumbai, Maharashtra",101 meridien palace ceaser road amboli andheri west mumbai maharashtra,"Door No 695 101, Mumbai, Andheri (West), MH",no 695 101 mumbai andheri west mh,INDIA,INDIA,['101'],"['695', '101']",latin,devanagari,cross_script_name,13.33333333333333
S1-609714937,S3-818472217,Swastik Foods Private Limited,swastik foods pvt ltd,स्वस्तिक फूड्स प्राइवेट लिमिटेड,सवसत क फडस पर इवट ल म टड,"101, Meridien Palace, Ceaser Road, Amboli, Andheri (West), Mumbai, Maharashtra",101 meridien palace ceaser road amboli andheri west mumbai maharashtra,"MH, Mumbai, No. 695 101, Andheri (West)",mh mumbai no 695 101 andheri west,INDIA,INDIA,['101'],"['695', '101']",latin,devanagari,cross_script_name,13.33333333333333
S1-885356254,S3-992795551,Blue Hypnosis,blue hypnosis,Synlyra,synlyra,"902 Applewood Road, El Paso County, TX",902 applewood road el paso county tx,"Applewood Rd, Canutlilo, Texas",applewood road canutlilo texas,US,US,['902'],[],latin,latin,other_mismatch,19.999999999999996
S1-909714160,S3-799703737,Unique Energy Limited,unique energy ltd,यूनिक एनर्जी लिमिटेड,यन क एनरज ल म टड,"C/O Dharam Pal Singh, Ff225 Vidhyakniwas Upil, Aishbagh, Lucknow, Uttar Pradesh",c o dharam pal singh ff225 vidhyakniwas upil aishbagh lucknow uttar pradesh,"C/o Dharam Pal Singh, Lucknow, UP",c o dharam pal singh lucknow up,INDIA,INDIA,[],[],latin,devanagari,cross_script_name,12.121212121212121
S1-440889960,S3-131205388,New Trust,new trust,New Tsrt,new tsrt,"H.N. 8:3:229/T/6, Tahir Ville Colony, Behind St. Marrys College, Yousufguda Ch, Eck Post, Hyderabad, Telangana",h n 8 3 229 t 6 tahir ville colony behind street marrys college yousufguda ch eck post hyderabad telangana,"Hn ##271 H.n. 8:3:229/T/6, Hyderabad, TG",hn 271 h n 8 3 229 t 6 hyderabad tg,INDIA,INDIA,"['8', '3', '229', '6']","['271', '8', '3', '229', '6']",latin,latin,address_only_relation,82.35294117647058
S1-967900139,S3-505965176,Sai Urban Properties Private Limited,sai urban properties pvt ltd,Sai అర్బన్ ప్రాపర్టీస్ Private Limited,sai అరబన పరపరటస pvt ltd,"Ida Phase 1, Plot No. 4A-21, Peddapuram, East Godavari, Andhra Pradesh",ida phase 1 plot no 4a 21 peddapuram east godavari andhra pradesh,"Ida Phase 1, Peddapuram, East Godavari, AP",ida phase 1 peddapuram east godavari ap,INDIA,INDIA,"['1', '21']",['1'],latin,mixed_latin_telugu,cross_script_name,50.98039215686274
S1-852526881,S2-149963994,Roum Inc,roum inc,R0um Inc,r0um inc,"3636 Crawford Road, Fort Wayne, IN",3636 crawford road fort wayne in,"3636B CRAWFORD ROAD, FT WAYNE, IN",3636b crawford road ft wayne in,US,US,['3636'],[],latin,latin,address_only_relation,87.5
S1-715156488,S2-489512610,Shyam Global Private Limited,shyam global pvt ltd,ஷ்யாம் குளோபல் பிரைவேட் லிமிடெட்,ஷய ம க ள பல ப ர வ ட ல ம ட ட,"Door No.17, Spk Nagar, Kalveerampalayam, Coimbatore, Tamil Nadu",no 17 spk nagar kalveerampalayam coimbatore tamil nadu,"#17, SPK NAGAR, KALVEERAMPALAYAM, COIMBATORE, Tamil Nadu",17 spk nagar kalveerampalayam coimbatore tamil nadu,INDIA,INDIA,['17'],['17'],latin,tamil,cross_script_name,12.765957446808507
S1-715156488,S3-661383380,Shyam Global Private Limited,shyam global pvt ltd,ஷ்யாம் குளோபல் பிரைவேட் லிமிடெட்,ஷய ம க ள பல ப ர வ ட ல ம ட ட,"Door No.17, Spk Nagar, Kalveerampalayam, Coimbatore, Tamil Nadu",no 17 spk nagar kalveerampalayam coimbatore tamil nadu,"Coimbatore, #17, Coimbatore, Spk Nagar, Kalveerampalayam, TN",coimbatore 17 coimbatore spk nagar kalveerampalayam tn,INDIA,INDIA,['17'],['17'],latin,tamil,cross_script_name,12.765957446808507
S1-715156488,S3-938178893,Shyam Global Private Limited,shyam global pvt ltd,ஷ்யாம் குளோபல் பிரைவேட் லிமிடெட்,ஷய ம க ள பல ப ர வ ட ல ம ட ட,"Door No.17, Spk Nagar, Kalveerampalayam, Coimbatore, Tamil Nadu",no 17 spk nagar kalveerampalayam coimbatore tamil nadu,"Door No.17, Spk Nagar, Kalveerampalayam, Coimbatore, TN",no 17 spk nagar kalveerampalayam coimbatore tn,INDIA,INDIA,['17'],['17'],latin,tamil,cross_script_name,12.765957446808507
S1-715156488,S2-775551238,Shyam Global Private Limited,shyam global pvt ltd,ஷ்யாம் குளோபல் பிரைவேட் லிமிடெட்,ஷய ம க ள பல ப ர வ ட ல ம ட ட,"Door No.17, Spk Nagar, Kalveerampalayam, Coimbatore, Tamil Nadu",no 17 spk nagar kalveerampalayam coimbatore tamil nadu,"#17, SPK NAGAR, KALVEERAMPALAYAM, COIMBATORE, Tamil Nadu",17 spk nagar kalveerampalayam coimbatore tamil nadu,INDIA,INDIA,['17'],['17'],latin,tamil,cross_script_name,12.765957446808507
S1-515592220,S3-602021193,Life Business,life business,Life ਬਿਜ਼ਨਸ,life ਬ ਜਨਸ,"Tulip Plaza, Sco 1 1St, Floor, Vip Road, Rajpura, Mohali, Punjab",tulip plaza sco 1 1st floor vip road rajpura mohali punjab,"57 Tuilp Plaza, Mohali, Rajpura, PB",57 tuilp plaza mohali rajpura pb,INDIA,INDIA,['1'],['57'],latin,mixed_latin_other,extreme_typo,43.47826086956522
S1-66698016,S3-882155676,Jay Construction Pvt Ltd,jay construction pvt ltd,जय कंस्ट्रक्शन प्रा. लि.,जय कसटरकशन पर ल,"Ss-Ii/13, Second Floor, Sector-15, Koperkhairane, Navimumbai, Thane, Maharashtra",ss ii 13 second floor sector 15 koperkhairane navimumbai thane maharashtra,"Ss-ii/13, Thane, MH",ss ii 13 thane mh,INDIA,INDIA,"['13', '15']",['13'],latin,devanagari,cross_script_name,15.384615384615385
S1-128371993,S3-891743664,Guru Foods Private Limited,guru foods pvt ltd,6uru Fnhoomdd Private Limited,6uru fnhoomdd pvt ltd,"Ghaziabad, Uttar Pradesh, Shop No. 1 & 2, Ghaziabad, Plot No. 506, Sector-1, Vashundra, Ghaziabad",ghaziabad uttar pradesh shop no 1 2 ghaziabad plot no 506 sector 1 vashundra ghaziabad,"Ghaziabad, 1 & 2, UP, Ghaziabad",ghaziabad 1 2 up ghaziabad,INDIA,INDIA,"['1', '2', '506', '1']","['1', '2']",latin,latin,address_only_relation,82.05128205128204
S1-963146446,S3-110045674,Jain Hari Infra Private Limited,jain hari infra pvt ltd,जैन हरि इंफ्रा प्राइवेट लिमिटेड,जन हर इफर पर इवट ल म टड,"Delhi, New Delhi, 8 A/3, W.E.A. Karol Bagh",delhi new delhi 8 a 3 w e a karol bagh,"DL, New Delhi, W.e.a. Karol Bagh, #B3/8 A/3",dl new delhi w e a karol bagh b3 8 a 3,INDIA,INDIA,"['8', '3']","['8', '3']",latin,devanagari,cross_script_name,17.391304347826086
S1-787303229,S2-827248496,Premier Management Private Limited,premier management pvt ltd,પ્રીમિયર મેનેજમેન્ટ પ્રાઇવેટ લિમિટેડ,પર મ યર મનજમનટ પર ઇવટ લ મ ટડ,"Unit-33, Sayona Silver Estate, Silver Oke Club, Daskroi, Ahmedabad, Gujarat",unit 33 sayona silver estate silver oke club daskroi ahmedabad gujarat,"DASKROI, GOTA, AHMEDABAD, Gujarat, UNIT-33",daskroi gota ahmedabad gujarat unit 33,INDIA,INDIA,['33'],['33'],latin,other,dba_trade_name_mismatch,11.111111111111116
S1-787303229,S3-672735394,Premier Management Private Limited,premier management pvt ltd,પ્રીમિયર મેનેજમેન્ટ પ્રાઇવેટ લિમિટેડ,પર મ યર મનજમનટ પર ઇવટ લ મ ટડ,"Unit-33, Sayona Silver Estate, Silver Oke Club, Daskroi, Ahmedabad, Gujarat",unit 33 sayona silver estate silver oke club daskroi ahmedabad gujarat,"Unit-0033, Daskroi, GJ",unit 0033 daskroi gj,INDIA,INDIA,['33'],['0033'],latin,other,other_mismatch,11.111111111111116
S1-4769263,S3-900839647,Rgc Foundation,rgc foundation,Nylafayeavi,nylafayeavi,"Plot No. 35, Eroz Co./Opp Hoom Sai Nagar Koradi Road, Nagpur, Maharashtra",plot no 35 eroz co opp hoom sai nagar koradi road nagpur maharashtra,"Plot No. 35/9, Nagpur, MH",plot no 35 9 nagpur mh,INDIA,INDIA,['35'],"['35', '9']",latin,latin,dba_trade_name_mismatch,24.0
S1-821203406,S2-454805041,Seven Construction Private Limited,seven construction pvt ltd,सेवन कंस्ट्रक्शन प्राइवेट लिमिटेड,सवन कसटरकशन पर इवट ल म टड,"Uttam Nagar, First Floor, Nand Ram Park, New Delhi, A-8, Delhi",uttam nagar first floor nand ram park new delhi a 8 delhi,"Delhi, UTTAM NAGAR, NEW DELHI, FIRST FLOOR, NAND RAM PARK, A-8",delhi uttam nagar new delhi first floor nand ram park a 8,INDIA,INDIA,['8'],['8'],latin,devanagari,cross_script_name,11.764705882352944
S1-821203406,S3-164006694,Seven Construction Private Limited,seven construction pvt ltd,सेवन कंस्ट्रक्शन प्राइवेट लिमिटेड,सवन कसटरकशन पर इवट ल म टड,"Uttam Nagar, First Floor, Nand Ram Park, New Delhi, A-8, Delhi",uttam nagar first floor nand ram park new delhi a 8 delhi,"A-8, Uttam Nagar, New Delhi, DL",a 8 uttam nagar new delhi dl,INDIA,INDIA,['8'],['8'],latin,devanagari,cross_script_name,11.764705882352944
S1-821203406,S3-332479214,Seven Construction Private Limited,seven construction pvt ltd,सेवन कंस्ट्रक्शन प्राइवेट लिमिटेड,सवन कसटरकशन पर इवट ल म टड,"Uttam Nagar, First Floor, Nand Ram Park, New Delhi, A-8, Delhi",uttam nagar first floor nand ram park new delhi a 8 delhi,"A-8, Uttam Nagar, दिल्ली, First Floor, Nand Ram Park, New Delhi",a 8 uttam nagar द लल first floor nand ram park new delhi,INDIA,INDIA,['8'],['8'],latin,devanagari,cross_script_name,11.764705882352944
S1-821203406,S3-992902368,Seven Construction Private Limited,seven construction pvt ltd,सेवन कंस्ट्रक्शन प्राइवेट लिमिटेड,सवन कसटरकशन पर इवट ल म टड,"Uttam Nagar, First Floor, Nand Ram Park, New Delhi, A-8, Delhi",uttam nagar first floor nand ram park new delhi a 8 delhi,"A-8, First Floor, Nand Ram Park, Uttam Nagar, New Delhi, DL",a 8 first floor nand ram park uttam nagar new delhi dl,INDIA,INDIA,['8'],['8'],latin,devanagari,cross_script_name,11.764705882352944
S1-212298553,S2-38162849,Karnataka Energy Clinic,karnataka energy clinic,M/s Halokor,m s halokor,"Unit 1708 A, Level 17, One Bkc, Wing B & C, Plot No C-66, G Block Bandra Kurla Complex, Mumbai, Maharashtra",unit 1708 a level 17 one bkc wing b c plot no c 66 g block bandra kurla complex mumbai maharashtra,"UNIT 170 A, LEVEL 17, ONE BKC, WING B & C, PLOT NO C-66, G BLOCK BANDRA KURLA COMPLEX, MUMBAI SURBAN, MUMBAI, Maharashtra",unit 170 a level 17 one bkc wing b c plot no c 66 g block bandra kurla complex mumbai surban mumbai maharashtra,INDIA,INDIA,"['1708', '17', '66']","['170', '17', '66']",latin,latin,dba_trade_name_mismatch,17.647058823529417
S1-408617772,S3-849463732,Real Consultancy Private Limited,real consultancy pvt ltd,रियल कंसल्टेंसी प्राइवेट लिमिटेड,र यल कसलटस पर इवट ल म टड,"Jalgaon, Jain Fieldsnh No 6 Bambhori, Maharashtra",jalgaon jain fieldsnh no 6 bambhori maharashtra,"Jain Fieldsnh No 6 Bambori, Jalgaon, MH",jain fieldsnh no 6 bambori jalgaon mh,INDIA,INDIA,['6'],['6'],latin,devanagari,cross_script_name,12.5
S1-210245110,S2-264301973,Green Global Private Limited,green global pvt ltd,ग्रीन ग्लोबल प्राइवेट लिमिटेड,गर न गल बल पर इवट ल म टड,"C-44 Fourth Floor, Kh-568, Flat No D1 Ekta Apartment, South Delhi, Delhi",c 44 fourth floor kh 568 flat no d1 ekta apartment south delhi delhi,"SOUTH DELHI, Delhi, SOUTH DELHI, C-#44 FOURTH FLOOR",south delhi delhi south delhi c 44 fourth floor,INDIA,INDIA,"['44', '568']",['44'],latin,devanagari,cross_script_name,13.636363636363635
S1-210245110,S3-197845085,Green Global Private Limited,green global pvt ltd,ग्रीन ग्लोबल प्राइवेट लिमिटेड,गर न गल बल पर इवट ल म टड,"C-44 Fourth Floor, Kh-568, Flat No D1 Ekta Apartment, South Delhi, Delhi",c 44 fourth floor kh 568 flat no d1 ekta apartment south delhi delhi,"DL, South Delhi, C-44 Fourth Floor, South Delhi",dl south delhi c 44 fourth floor south delhi,INDIA,INDIA,"['44', '568']",['44'],latin,devanagari,cross_script_name,13.636363636363635
S1-903984682,S3-961925817,Vanguard British,vanguard british,Vanguard Center #51633,vanguard center 51633,"6374 Otter Lake Road, Lino Lakes, MN",6374 otter lake road lino lakes mn,"006374 Otter Lake Road, Saint Paul, Minnesota",006374 otter lake road saint paul minnesota,US,US,['6374'],['006374'],latin,latin,extreme_typo,54.054054054054056
S1-997284925,S2-848360011,Prime Foundation Private Limited,prime foundation pvt ltd,प्राइम फाउंडेशन प्राइवेट लिमिटेड,पर इम फ उडशन पर इवट ल म टड,"H.O Siddiqui, 54/3/25/3, Shop No-1, 1St Floor, Onkar Bhawan, Muir Road, Allahabad, Uttar Pradesh",h o siddiqui 54 3 25 3 shop no 1 1st floor onkar bhawan muir road allahabad uttar pradesh,"H.O SIDDIQUI, NULL, ALLAHABAD, Uttar Pradesh",h o siddiqui allahabad uttar pradesh,INDIA,INDIA,"['54', '3', '25', '3', '1']",[],latin,devanagari,cross_script_name,12.0
S1-997284925,S3-166577804,Prime Foundation Private Limited,prime foundation pvt ltd,प्राइम फाउंडेशन प्राइवेट लिमिटेड,पर इम फ उडशन पर इवट ल म टड,"H.O Siddiqui, 54/3/25/3, Shop No-1, 1St Floor, Onkar Bhawan, Muir Road, Allahabad, Uttar Pradesh",h o siddiqui 54 3 25 3 shop no 1 1st floor onkar bhawan muir road allahabad uttar pradesh,"H.o Siddiqui, Pratapgarh, UP",h o siddiqui pratapgarh up,INDIA,INDIA,"['54', '3', '25', '3', '1']",[],latin,devanagari,cross_script_name,12.0
S1-304676785,S3-198067150,Southern Agro Limited,southern agro ltd,सदर्न एग्रो लिमिटेड,सदरन एगर ल म टड,"28 Feroze Gandhi Road Feroze Gandhi Road Lajpat Nagar Iii New, Delhi, New Delhi, South Delhi, Delhi",28 feroze gandhi road feroze gandhi road lajpat nagar iii new delhi new delhi south delhi delhi,"H.no 0028 Feroze Gandhi Road Feroze Gandhi Road Lajpat Nagar Iii New, Delhi, South Delhi, New Delhi, DL",no 0028 feroze gandhi road feroze gandhi road lajpat nagar iii new delhi south delhi new delhi dl,INDIA,INDIA,['28'],['0028'],latin,devanagari,cross_script_name,12.5
S1-304676785,S2-971840490,Southern Agro Limited,southern agro ltd,सदर्न एग्रो लिमिटेड,सदरन एगर ल म टड,"28 Feroze Gandhi Road Feroze Gandhi Road Lajpat Nagar Iii New, Delhi, New Delhi, South Delhi, Delhi",28 feroze gandhi road feroze gandhi road lajpat nagar iii new delhi new delhi south delhi delhi,"0028 FEROZE GANDHI ROAD FEROZE GANDHI ROAD LAJPAT NAGAR III NEW, DELHI, NEW DELHI, SOUTH DELHI, Delhi",0028 feroze gandhi road feroze gandhi road lajpat nagar iii new delhi new delhi south delhi delhi,INDIA,INDIA,['28'],['0028'],latin,devanagari,cross_script_name,12.5
S1-636302886,S2-380656521,City Projects,city projects,City Service,city service,"B-14 Midc, Maharashtra, Nagpur, Hingna Industrial Estate, Hingna Road",b 14 midc maharashtra nagpur hingna industrial estate hingna road,"BLOCK C-460 B-14 MIDC, HINGNA INDUSTRIAL ESTATE, HINGNA ROAD, NAGPUR, Maharashtra",block c 460 b 14 midc hingna industrial estate hingna road nagpur maharashtra,INDIA,INDIA,['14'],"['460', '14']",latin,latin,extreme_typo,56.00000000000001
S1-636302886,S3-788266853,City Projects,city projects,सिटी प्रोजेक्ट्स,स ट पर जकटस,"B-14 Midc, Maharashtra, Nagpur, Hingna Industrial Estate, Hingna Road",b 14 midc maharashtra nagpur hingna industrial estate hingna road,"B-14 Midc, Nagpur, MH",b 14 midc nagpur mh,INDIA,INDIA,['14'],['14'],latin,devanagari,cross_script_name,8.333333333333337
S1-238737960,S3-581863948,M+ Solid,m and solid,sm.com,sm com,"302 Franklin Street, Tyler, TX",302 franklin street tyler tx,"#180 Franklin St, Tyler, Texas",180 franklin street tyler texas,US,US,['302'],['180'],latin,latin,url_domain_issue,35.29411764705882
S1-831927365,S2-840027812,Swastik Ventures Private Limited,swastik ventures pvt ltd,స్వస్తిక్ వెంచర్స్ ప్రైవేట్ లిమిటెడ్,సవసతక వ చరస పరవట లమటడ,"Flat No:5, Muncipal No:6-3-680/7/201 Sri Durga Chambers At Thakur Mansion Lan, E, Punjagutta, Hyderabad, Telangana",flat no 5 muncipal no 6 3 680 7 201 sri durga chambers at thakur mansion lan e punjagutta hyderabad telangana,"FLAT NO:5, PUNJAGUTTA, HYDERABAD, తెలంగాణ",flat no 5 punjagutta hyderabad తల గణ,INDIA,INDIA,"['5', '6', '3', '680', '7', '201']",['5'],latin,telugu,cross_script_name,13.33333333333333
S1-831927365,S2-219323542,Swastik Ventures Private Limited,swastik ventures pvt ltd,స్వస్తిక్ వెంచర్స్ ప్రైవేట్ లిమిటెడ్,సవసతక వ చరస పరవట లమటడ,"Flat No:5, Muncipal No:6-3-680/7/201 Sri Durga Chambers At Thakur Mansion Lan, E, Punjagutta, Hyderabad, Telangana",flat no 5 muncipal no 6 3 680 7 201 sri durga chambers at thakur mansion lan e punjagutta hyderabad telangana,"FLAT NO:5, PUNJAGUTTA, HYDERABAD, తెలంగాణ",flat no 5 punjagutta hyderabad తల గణ,INDIA,INDIA,"['5', '6', '3', '680', '7', '201']",['5'],latin,telugu,cross_script_name,13.33333333333333
S1-348817052,S3-640678755,Forge LLC,forge llc,F0rge LLC LLC Center,f0rge llc llc center,"1280 Mohave Drive, Unit 24a, Bullhead City, AZ",1280 mohave drive unit 24a bullhead city az,"Mohave Dr, Unit 24a, Bullheda CITY, Arizona",mohave drive unit 24a bullheda city arizona,US,US,['1280'],[],latin,latin,extreme_typo,55.172413793103445
S1-378535168,S3-471925731,Gold Products,gold products,GP,gp,"N-7, Saket Nagar, Extension, Indore, Madhya Pradesh",n 7 saket nagar extension indore madhya pradesh,"N-7, Saket Nagar, Extension, Indore, Madhya Pradesh",n 7 saket nagar extension indore madhya pradesh,INDIA,INDIA,['7'],['7'],latin,latin,dba_trade_name_mismatch,26.66666666666667
S1-127932197,S3-906708453,Historical Project,historical project,Nylakelodelta - 3660262362,nylakelodelta 3660262362,"364 Northampton Road, Unit A, Amherst, MA",364 northampton road unit a amherst ma,"364C Northampton Road, Unit A, Amherst, Massachusetts",364c northampton road unit a amherst massachusetts,US,US,['364'],[],latin,latin,dba_trade_name_mismatch,23.809523809523814
S1-432787385,S2-443859565,Galaxy Builders Pvt Ltd,galaxy builders pvt ltd,গ্যালাক্সি বিল্ডার্স প্রাইভেট লিমিটেড,গয ল কস ব লড রস পর ইভ ট ল ম ট ড,"4 Govt Place (North), Kolkata, Calcutta, West Bengal",4 govt place north kolkata calcutta west bengal,"4 GOVT PLACE (NORTH), KOLKATA, CALCUTTA, West Bengal",4 govt place north kolkata calcutta west bengal,INDIA,INDIA,['4'],['4'],latin,bengali,cross_script_name,11.111111111111116
S1-432787385,S2-814592783,Galaxy Builders Pvt Ltd,galaxy builders pvt ltd,গ্যালাক্সি বিল্ডার্স প্রাইভেট লিমিটেড,গয ল কস ব লড রস পর ইভ ট ল ম ট ড,"4 Govt Place (North), Kolkata, Calcutta, West Bengal",4 govt place north kolkata calcutta west bengal,"KOLKATA, CALCUTTA, H.NO 4 GOVT PLACE (NORTH), পশ্চিমবঙ্গ",kolkata calcutta no 4 govt place north পশচ মবঙগ,INDIA,INDIA,['4'],['4'],latin,bengali,cross_script_name,11.111111111111116
S1-63587278,S2-107165555,Good Products Pvt Ltd,good products pvt ltd,गुड प्रोडक्ट्स प्रा. लि.,गड पर डकटस पर ल,"13, Jabalpur, Madhya Pradesh, Ekta Chowk Ekta Nagar, Vijay Nagar",13 jabalpur madhya pradesh ekta chowk ekta nagar vijay nagar,"##13, EKTA CHOWK EKTA NAGAR, VIJAY NAGAR, JABALPUR, मध्य प्रदेश",13 ekta chowk ekta nagar vijay nagar jabalpur मधय परदश,INDIA,INDIA,['13'],['13'],latin,devanagari,cross_script_name,16.666666666666664
S1-477242620,S2-544591609,Ace Excavation,ace excavation,ACE EXCRAVATOIN,ace excravatoin,"301 Dennis Street, Unit 140, Edmond, OK",301 dennis street unit 140 edmond ok,,,US,US,"['301', '140']",[],latin,latin,missing_address_evidence,89.65517241379311
S1-278333058,S3-831425866,Future Properties LLP,future properties llp,फ्यूचर प्रॉपर्टीज एलएलपी,फयचर पर परट ज एलएलप,"Ff 69, Ansal Fortune Arcade Sector 18, Noida, Gautam Buddha Nagar, Uttar Pradesh",ff 69 ansal fortune arcade sector 18 noida gautam buddha nagar uttar pradesh,"Ff 69, Noida, Gautam Buddha Nagar, UP",ff 69 noida gautam buddha nagar up,INDIA,INDIA,"['69', '18']",['69'],latin,devanagari,cross_script_name,9.999999999999998
S1-680760019,S2-482245255,Indian Foundation Private Limited,indian foundation pvt ltd,इंडियन फाउंडेशन प्राइवेट लिमिटेड,इड यन फ उडशन पर इवट ल म टड,"187/1 A-1, Jawahar Nagar, Meerut, Uttar Pradesh",187 1 a 1 jawahar nagar meerut uttar pradesh,"NO 1-87/1 A-1, JAWAHAR NAGAR, MEERUT, Uttar Pradesh",no 1 87 1 a 1 jawahar nagar meerut uttar pradesh,INDIA,INDIA,"['187', '1', '1']","['1', '87', '1', '1']",latin,devanagari,cross_script_name,11.764705882352944
S1-680760019,S2-27574789,Indian Foundation Private Limited,indian foundation pvt ltd,इंडियन फाउंडेशन प्राइवेट लिमिटेड,इड यन फ उडशन पर इवट ल म टड,"187/1 A-1, Jawahar Nagar, Meerut, Uttar Pradesh",187 1 a 1 jawahar nagar meerut uttar pradesh,"DOOR NO 1-87/1 A-1, MEERUT, Uttar Pradesh",no 1 87 1 a 1 meerut uttar pradesh,INDIA,INDIA,"['187', '1', '1']","['1', '87', '1', '1']",latin,devanagari,cross_script_name,11.764705882352944
S1-792718315,S2-623148058,Tirupati Management,tirupati management,तिरुपति मैनेजमेंट,त रपत मनजमट,"Plot No 88, Aditya Vihar, Scheme No. 8, Gandhi Path, Jaipur, Rajasthan",plot no 88 aditya vihar scheme no 8 gandhi path jaipur rajasthan,"H.NO 88, JAIPUR, Rajasthan",no 88 jaipur rajasthan,INDIA,INDIA,"['88', '8']",['88'],latin,devanagari,cross_script_name,6.666666666666665
S1-294434057,S2-780093985,Urban Ventures Private Limited,urban ventures pvt ltd,अर्बन वेंचर्स प्राइवेट लिमिटेड,अरबन वचरस पर इवट ल म टड,"Shiv Samruddhi Arcade, Office#A-32, 6Th Floor, Katraj-Kondhwa Road, Opp. Rmd School, Pune City, Pune, Maharashtra",shiv samruddhi arcade office a 32 6th floor katraj kondhwa road opp rmd school pune city pune maharashtra,"SHIV SAMRUDDHI ARCADE, PUNE, Maharashtra",shiv samruddhi arcade pune maharashtra,INDIA,INDIA,['32'],[],latin,devanagari,cross_script_name,13.33333333333333
S1-294434057,S3-263713053,Urban Ventures Private Limited,urban ventures pvt ltd,Urban Vdnetrus Private Limited,urban vdnetrus pvt ltd,"Shiv Samruddhi Arcade, Office#A-32, 6Th Floor, Katraj-Kondhwa Road, Opp. Rmd School, Pune City, Pune, Maharashtra",shiv samruddhi arcade office a 32 6th floor katraj kondhwa road opp rmd school pune city pune maharashtra,,,INDIA,INDIA,['32'],[],latin,latin,missing_address_evidence,86.36363636363636
S1-912879692,S3-347531666,Southern Logistics,southern logistics,ಸದರ್ನ್ ಲಾಜಿಸ್ಟಿಕ್ಸ್,ಸದರನ ಲ ಜಸಟಕಸ,"Gf42Nd Main, 4C Cross Btm L/O 2Nd Stage, Bangalore, Karnataka",gf42nd main 4c cross btm l o 2nd stage bangalore karnataka,"Gf42nd Main, 4C Cross Btm L/o 2Nd Stage, Bangalore, KA",gf42nd main 4c cross btm l o 2nd stage bangalore ka,INDIA,INDIA,[],[],latin,other,dba_trade_name_mismatch,6.666666666666665
S1-912879692,S2-193384232,Southern Logistics,southern logistics,ಸದರ್ನ್ ಲಾಜಿಸ್ಟಿಕ್ಸ್,ಸದರನ ಲ ಜಸಟಕಸ,"Gf42Nd Main, 4C Cross Btm L/O 2Nd Stage, Bangalore, Karnataka",gf42nd main 4c cross btm l o 2nd stage bangalore karnataka,"BANGALORE, 4C CROSS BTM L/O 2ND STAGE, BANGALORE, GF42ND MAIN, Karnataka",bangalore 4c cross btm l o 2nd stage bangalore gf42nd main karnataka,INDIA,INDIA,[],[],latin,other,dba_trade_name_mismatch,6.666666666666665
S1-912879692,S3-231852400,Southern Logistics,southern logistics,ಸದರ್ನ್ ಲಾಜಿಸ್ಟಿಕ್ಸ್,ಸದರನ ಲ ಜಸಟಕಸ,"Gf42Nd Main, 4C Cross Btm L/O 2Nd Stage, Bangalore, Karnataka",gf42nd main 4c cross btm l o 2nd stage bangalore karnataka,"Bangalore, KA, 4C Cross Btm L/o 2Nd Stage, Gf42nd Main",bangalore ka 4c cross btm l o 2nd stage gf42nd main,INDIA,INDIA,[],[],latin,other,dba_trade_name_mismatch,6.666666666666665
S1-912879692,S3-826663748,Southern Logistics,southern logistics,ಸದರ್ನ್ ಲಾಜಿಸ್ಟಿಕ್ಸ್,ಸದರನ ಲ ಜಸಟಕಸ,"Gf42Nd Main, 4C Cross Btm L/O 2Nd Stage, Bangalore, Karnataka",gf42nd main 4c cross btm l o 2nd stage bangalore karnataka,"Bangalore, ಕರ್ನಾಟಕ, Gf42nd Main, Bangalore",bangalore ಕರನ ಟಕ gf42nd main bangalore,INDIA,INDIA,[],[],latin,other,dba_trade_name_mismatch,6.666666666666665
S1-680937376,S3-431857161,Innovative Properties Private Limited,innovative properties pvt ltd,इनोवेटिव प्रॉपर्टीज प्राइवेट लिमिटेड,इन वट व पर परट ज पर इवट ल म टड,"R-201, Pariwarapartments, 28, Corporationcolonyopp.Sbi, Northambazariroad, Nagpur, Maharashtra",rue 201 pariwarapartments 28 corporationcolonyopp sbi northambazariroad nagpur maharashtra,"MH, R-201, Nagpur",mh rue 201 nagpur,INDIA,INDIA,"['201', '28']",['201'],latin,devanagari,cross_script_name,10.169491525423723
S1-966160167,S2-347608772,AJY Community,ajy community,Calogild,calogild,"Poddar Apartment, First Floor, Flat No.1 Hela Bottala, Hatiara Road, North 24 Parganas, Parganas North, West Bengal",poddar apartment first floor flat no 1 hela bottala hatiara road north 24 parganas parganas north west bengal,"PODDAR APARTMENT, NORTH 24 PARGANAS, পশ্চিমবঙ্গ",poddar apartment north 24 parganas পশচ মবঙগ,INDIA,INDIA,"['1', '24']",['24'],latin,latin,dba_trade_name_mismatch,28.57142857142857
S1-725151419,S3-297656535,Pioneer Estate Private Limited,pioneer estate pvt ltd,पायोनियर एस्टेट प्राइवेट लिमिटेड,प य न यर एसटट पर इवट ल म टड,"H1-85, Ii Floor Riico Industrial Area, Mansarovar, Jaipur, Rajasthan",h1 85 ii floor riico industrial area mansarovar jaipur rajasthan,"#906 H1-85, Jaipur, RJ",906 h1 85 jaipur rj,INDIA,INDIA,['85'],"['906', '85']",latin,devanagari,cross_script_name,12.244897959183676
S1-725151419,S2-255387038,Pioneer Estate Private Limited,pioneer estate pvt ltd,पायोनियर एस्टेट प्राइवेट लिमिटेड,प य न यर एसटट पर इवट ल म टड,"H1-85, Ii Floor Riico Industrial Area, Mansarovar, Jaipur, Rajasthan",h1 85 ii floor riico industrial area mansarovar jaipur rajasthan,"H1-85, JAIPUR, राजस्थान",h1 85 jaipur र जसथ न,INDIA,INDIA,['85'],['85'],latin,devanagari,cross_script_name,12.244897959183676
S1-725151419,S3-107648369,Pioneer Estate Private Limited,pioneer estate pvt ltd,पायोनियर एस्टेट प्राइवेट लिमिटेड,प य न यर एसटट पर इवट ल म टड,"H1-85, Ii Floor Riico Industrial Area, Mansarovar, Jaipur, Rajasthan",h1 85 ii floor riico industrial area mansarovar jaipur rajasthan,"Door No 906 H1-85, Jaipur, RJ",no 906 h1 85 jaipur rj,INDIA,INDIA,['85'],"['906', '85']",latin,devanagari,cross_script_name,12.244897959183676
S1-512951493,S3-74273549,ZB Producer Private Limited,zb producer pvt ltd,zbproducer.com (ID: 37113),zbproducer com id 37113,"Bldg No-1, Flat No-105, Landscape Heritage, Ambarnath Thane Ambarnath(Mcl), Ambarnath, Thane, Maharashtra",bldg no 1 flat no 105 landscape heritage ambarnath thane ambarnath mcl ambarnath thane maharashtra,"Bldg No-1, Thane, MH",bldg no 1 thane mh,INDIA,INDIA,"['1', '105']",['1'],latin,latin,url_domain_issue,61.904761904761905
S1-546744924,S2-605009212,Shree Infotech Private Limited,shree infotech pvt ltd,श्री इंफोटेक प्राइवेट लिमिटेड,शर इफ टक पर इवट ल म टड,"Shree Ganesh Siddhi Fl-03, Pl-17 Sn-17/1A Tusharpark, Pune City, Pune, Maharashtra",shree ganesh siddhi floor 03 pl 17 sn 17 1a tusharpark pune city pune maharashtra,"SHREE GANESH SIDDHI FL-03, PUNE CITY, PUNE, महाराष्ट्र",shree ganesh siddhi floor 03 pune city pune मह र षटर,INDIA,INDIA,"['03', '17', '17']",['03'],latin,devanagari,cross_script_name,13.636363636363635
S1-168366893,S3-652487184,Hari Investment Private Limited,hari investment pvt ltd,हरि इन्वेस्टमेंट प्राइवेट लिमिटेड,हर इनवसटमट पर इवट ल म टड,"Plot No. G-9, Sector 6, Noida, Gautam Buddha Nagar, Uttar Pradesh",plot no g 9 sector 6 noida gautam buddha nagar uttar pradesh,"Plot No. G-9, Sector 6, Noida, उत्तर प्रदेश",plot no g 9 sector 6 noida उततर परदश,INDIA,INDIA,"['9', '6']","['9', '6']",latin,devanagari,cross_script_name,12.765957446808507
S1-168366893,S2-487963873,Hari Investment Private Limited,hari investment pvt ltd,हरि इन्वेस्टमेंट प्राइवेट लिमिटेड,हर इनवसटमट पर इवट ल म टड,"Plot No. G-9, Sector 6, Noida, Gautam Buddha Nagar, Uttar Pradesh",plot no g 9 sector 6 noida gautam buddha nagar uttar pradesh,"PLOT NO. G-9-9, SECTOR 6, NOIDA, GAUTAM BUDDHA NAGAR, Uttar Pradesh",plot no g 9 9 sector 6 noida gautam buddha nagar uttar pradesh,INDIA,INDIA,"['9', '6']","['9', '9', '6']",latin,devanagari,cross_script_name,12.765957446808507
S1-168366893,S3-927298203,Hari Investment Private Limited,hari investment pvt ltd,हरि इन्वेस्टमेंट प्राइवेट लिमिटेड,हर इनवसटमट पर इवट ल म टड,"Plot No. G-9, Sector 6, Noida, Gautam Buddha Nagar, Uttar Pradesh",plot no g 9 sector 6 noida gautam buddha nagar uttar pradesh,"Plot No. G-9, Sector 6, Gautam Buddha Nagar, उत्तर प्रदेश",plot no g 9 sector 6 gautam buddha nagar उततर परदश,INDIA,INDIA,"['9', '6']","['9', '6']",latin,devanagari,cross_script_name,12.765957446808507
S1-168366893,S2-353720672,Hari Investment Private Limited,hari investment pvt ltd,हरि इन्वेस्टमेंट प्राइवेट लिमिटेड,हर इनवसटमट पर इवट ल म टड,"Plot No. G-9, Sector 6, Noida, Gautam Buddha Nagar, Uttar Pradesh",plot no g 9 sector 6 noida gautam buddha nagar uttar pradesh,"NOIDA, PLOT NO. G-9-9, GAUTAM BUDDHA NAGAR, उत्तर प्रदेश",noida plot no g 9 9 gautam buddha nagar उततर परदश,INDIA,INDIA,"['9', '6']","['9', '9']",latin,devanagari,cross_script_name,12.765957446808507
S1-221644615,S3-474724064,High Foundation,high foundation,हाई फाउंडेशन,ह ई फ उडशन,"Gf &1St Flr, B.No 7A Dlf, Phase-2 Cyber City, Sec-24, Dlf Qe, Gurgaon, Haryana",gf 1st flr b no 7a dlf phase 2 cyber city sec 24 dlf qe gurgaon haryana,"Dlf Qe, Gurgaon, HR, Gf &1St Flr",dlf qe gurgaon hr gf 1st flr,INDIA,INDIA,"['2', '24']",[],latin,devanagari,cross_script_name,7.9999999999999964
S1-221644615,S3-126257447,High Foundation,high foundation,हाई फाउंडेशन,ह ई फ उडशन,"Gf &1St Flr, B.No 7A Dlf, Phase-2 Cyber City, Sec-24, Dlf Qe, Gurgaon, Haryana",gf 1st flr b no 7a dlf phase 2 cyber city sec 24 dlf qe gurgaon haryana,"Gf &1St Flr, Dlf Qe, HR",gf 1st flr dlf qe hr,INDIA,INDIA,"['2', '24']",[],latin,devanagari,cross_script_name,7.9999999999999964
